3,-20,1TSRMexWtmO5iqhckXtugsSxPHo=,UrBOqcFcDr/devkxR1H4NM+GChQ=
0,-20,1TSRMexWtmO5iqhckXtugsSxPHo=,UrBOqcFcDr/devkxR1H4NM+GChQ=
3,-17,1TSRMexWtmO5iqhckXtugsSxPHo=,UrBOqcFcDr/devkxR1H4NM+GChQ=
2,-17,1TSRMexWtmO5iqhckXtugsSxPHo=,UrBOqcFcDr/devkxR1H4NM+GChQ=
7,-21,a+pICwLYRtAo8QBYYjWeyn63NNc=,UrBOqcFcDr/devkxR1H4NM+GChQ=
6,-18,1TSRMexWtmO5iqhckXtugsSxPHo=,UrBOqcFcDr/devkxR1H4NM+GChQ=
5,-18,1TSRMexWtmO5iqhckXtugsSxPHo=,UrBOqcFcDr/devkxR1H4NM+GChQ=
1,-17,1TSRMexWtmO5iqhckXtugsSxPHo=,UrBOqcFcDr/devkxR1H4NM+GChQ=
7,-24,a+pICwLYRtAo8QBYYjWeyn63NNc=,UrBOqcFcDr/devkxR1H4NM+GChQ=
6,-24,a+pICwLYRtAo8QBYYjWeyn63NNc=,UrBOqcFcDr/devkxR1H4NM+GChQ=
0,-21,1TSRMexWtmO5iqhckXtugsSxPHo=,UrBOqcFcDr/devkxR1H4NM+GChQ=
0,-17,1TSRMexWtmO5iqhckXtugsSxPHo=,UrBOqcFcDr/devkxR1H4NM+GChQ=
3,-18,1TSRMexWtmO5iqhckXtugsSxPHo=,UrBOqcFcDr/devkxR1H4NM+GChQ=
7,-18,1TSRMexWtmO5iqhckXtugsSxPHo=,UrBOqcFcDr/devkxR1H4NM+GChQ=
7,-19,1TSRMexWtmO5iqhckXtugsSxPHo=,UrBOqcFcDr/devkxR1H4NM+GChQ=
7,-22,1TSRMexWtmO5iqhckXtugsSxPHo=,UrBOqcFcDr/devkxR1H4NM+GChQ=
2,-21,1TSRMexWtmO5iqhckXtugsSxPHo=,UrBOqcFcDr/devkxR1H4NM+GChQ=
4,-18,1TSRMexWtmO5iqhckXtugsSxPHo=,UrBOqcFcDr/devkxR1H4NM+GChQ=
0,-18,1TSRMexWtmO5iqhckXtugsSxPHo=,UrBOqcFcDr/devkxR1H4NM+GChQ=
1,-21,1TSRMexWtmO5iqhckXtugsSxPHo=,UrBOqcFcDr/devkxR1H4NM+GChQ=
0,-23,1TSRMexWtmO5iqhckXtugsSxPHo=,UrBOqcFcDr/devkxR1H4NM+GChQ=
2,-20,1TSRMexWtmO5iqhckXtugsSxPHo=,UrBOqcFcDr/devkxR1H4NM+GChQ=
2,-18,1TSRMexWtmO5iqhckXtugsSxPHo=,UrBOqcFcDr/devkxR1H4NM+GChQ=
1,-18,1TSRMexWtmO5iqhckXtugsSxPHo=,UrBOqcFcDr/devkxR1H4NM+GChQ=
1,-22,1TSRMexWtmO5iqhckXtugsSxPHo=,UrBOqcFcDr/devkxR1H4NM+GChQ=
6,-19,1TSRMexWtmO5iqhckXtugsSxPHo=,UrBOqcFcDr/devkxR1H4NM+GChQ=
5,-19,1TSRMexWtmO5iqhckXtugsSxPHo=,UrBOqcFcDr/devkxR1H4NM+GChQ=
6,-22,1TSRMexWtmO5iqhckXtugsSxPHo=,UrBOqcFcDr/devkxR1H4NM+GChQ=
0,-22,1TSRMexWtmO5iqhckXtugsSxPHo=,UrBOqcFcDr/devkxR1H4NM+GChQ=
5,-24,1TSRMexWtmO5iqhckXtugsSxPHo=,UrBOqcFcDr/devkxR1H4NM+GChQ=
4,-24,1TSRMexWtmO5iqhckXtugsSxPHo=,UrBOqcFcDr/devkxR1H4NM+GChQ=
5,-22,1TSRMexWtmO5iqhckXtugsSxPHo=,UrBOqcFcDr/devkxR1H4NM+GChQ=
3,-24,1TSRMexWtmO5iqhckXtugsSxPHo=,UrBOqcFcDr/devkxR1H4NM+GChQ=
4,-19,1TSRMexWtmO5iqhckXtugsSxPHo=,UrBOqcFcDr/devkxR1H4NM+GChQ=
6,-23,1TSRMexWtmO5iqhckXtugsSxPHo=,UrBOqcFcDr/devkxR1H4NM+GChQ=
7,-23,1TSRMexWtmO5iqhckXtugsSxPHo=,UrBOqcFcDr/devkxR1H4NM+GChQ=
6,-21,a+pICwLYRtAo8QBYYjWeyn63NNc=,UrBOqcFcDr/devkxR1H4NM+GChQ=
5,-23,1TSRMexWtmO5iqhckXtugsSxPHo=,UrBOqcFcDr/devkxR1H4NM+GChQ=
2,-24,1TSRMexWtmO5iqhckXtugsSxPHo=,UrBOqcFcDr/devkxR1H4NM+GChQ=
1,-20,1TSRMexWtmO5iqhckXtugsSxPHo=,UrBOqcFcDr/devkxR1H4NM+GChQ=
1,-24,1TSRMexWtmO5iqhckXtugsSxPHo=,UrBOqcFcDr/devkxR1H4NM+GChQ=
0,-24,1TSRMexWtmO5iqhckXtugsSxPHo=,UrBOqcFcDr/devkxR1H4NM+GChQ=
5,-21,a+pICwLYRtAo8QBYYjWeyn63NNc=,UrBOqcFcDr/devkxR1H4NM+GChQ=
2,-19,1TSRMexWtmO5iqhckXtugsSxPHo=,UrBOqcFcDr/devkxR1H4NM+GChQ=
3,-23,1TSRMexWtmO5iqhckXtugsSxPHo=,UrBOqcFcDr/devkxR1H4NM+GChQ=
2,-23,1TSRMexWtmO5iqhckXtugsSxPHo=,UrBOqcFcDr/devkxR1H4NM+GChQ=
7,-20,1TSRMexWtmO5iqhckXtugsSxPHo=,UrBOqcFcDr/devkxR1H4NM+GChQ=
5,-20,1TSRMexWtmO5iqhckXtugsSxPHo=,UrBOqcFcDr/devkxR1H4NM+GChQ=
6,-20,1TSRMexWtmO5iqhckXtugsSxPHo=,UrBOqcFcDr/devkxR1H4NM+GChQ=
7,-17,1TSRMexWtmO5iqhckXtugsSxPHo=,UrBOqcFcDr/devkxR1H4NM+GChQ=
6,-17,1TSRMexWtmO5iqhckXtugsSxPHo=,UrBOqcFcDr/devkxR1H4NM+GChQ=
2,-22,1TSRMexWtmO5iqhckXtugsSxPHo=,UrBOqcFcDr/devkxR1H4NM+GChQ=
5,-17,1TSRMexWtmO5iqhckXtugsSxPHo=,UrBOqcFcDr/devkxR1H4NM+GChQ=
4,-20,1TSRMexWtmO5iqhckXtugsSxPHo=,UrBOqcFcDr/devkxR1H4NM+GChQ=
4,-23,1TSRMexWtmO5iqhckXtugsSxPHo=,UrBOqcFcDr/devkxR1H4NM+GChQ=
1,-23,1TSRMexWtmO5iqhckXtugsSxPHo=,UrBOqcFcDr/devkxR1H4NM+GChQ=
3,-19,1TSRMexWtmO5iqhckXtugsSxPHo=,UrBOqcFcDr/devkxR1H4NM+GChQ=
3,-22,1TSRMexWtmO5iqhckXtugsSxPHo=,UrBOqcFcDr/devkxR1H4NM+GChQ=
0,-19,1TSRMexWtmO5iqhckXtugsSxPHo=,UrBOqcFcDr/devkxR1H4NM+GChQ=
4,-22,1TSRMexWtmO5iqhckXtugsSxPHo=,UrBOqcFcDr/devkxR1H4NM+GChQ=
1,-19,1TSRMexWtmO5iqhckXtugsSxPHo=,UrBOqcFcDr/devkxR1H4NM+GChQ=
4,-21,1TSRMexWtmO5iqhckXtugsSxPHo=,UrBOqcFcDr/devkxR1H4NM+GChQ=
3,-21,1TSRMexWtmO5iqhckXtugsSxPHo=,UrBOqcFcDr/devkxR1H4NM+GChQ=
4,-17,1TSRMexWtmO5iqhckXtugsSxPHo=,UrBOqcFcDr/devkxR1H4NM+GChQ=
11,-5,crxnZHuAEjIrd9yQBHA6pC0FOU8=,UrBOqcFcDr/devkxR1H4NM+GChQ=
12,-5,crxnZHuAEjIrd9yQBHA6pC0FOU8=,UrBOqcFcDr/devkxR1H4NM+GChQ=
12,-6,84or26F4b0d18nykXV5XNXhJ7c4=,UrBOqcFcDr/devkxR1H4NM+GChQ=
11,-4,crxnZHuAEjIrd9yQBHA6pC0FOU8=,UrBOqcFcDr/devkxR1H4NM+GChQ=
11,-6,84or26F4b0d18nykXV5XNXhJ7c4=,UrBOqcFcDr/devkxR1H4NM+GChQ=
12,-4,crxnZHuAEjIrd9yQBHA6pC0FOU8=,UrBOqcFcDr/devkxR1H4NM+GChQ=
12,-7,84or26F4b0d18nykXV5XNXhJ7c4=,UrBOqcFcDr/devkxR1H4NM+GChQ=
11,-8,84or26F4b0d18nykXV5XNXhJ7c4=,UrBOqcFcDr/devkxR1H4NM+GChQ=
11,-7,84or26F4b0d18nykXV5XNXhJ7c4=,UrBOqcFcDr/devkxR1H4NM+GChQ=
12,-8,84or26F4b0d18nykXV5XNXhJ7c4=,UrBOqcFcDr/devkxR1H4NM+GChQ=
11,-3,lv2muaMZg6e41RSLskBv8BAmaNU=,UrBOqcFcDr/devkxR1H4NM+GChQ=
12,-3,lv2muaMZg6e41RSLskBv8BAmaNU=,UrBOqcFcDr/devkxR1H4NM+GChQ=
11,-2,lv2muaMZg6e41RSLskBv8BAmaNU=,UrBOqcFcDr/devkxR1H4NM+GChQ=
12,-2,lv2muaMZg6e41RSLskBv8BAmaNU=,UrBOqcFcDr/devkxR1H4NM+GChQ=
11,-1,lv2muaMZg6e41RSLskBv8BAmaNU=,UrBOqcFcDr/devkxR1H4NM+GChQ=
12,-1,lv2muaMZg6e41RSLskBv8BAmaNU=,UrBOqcFcDr/devkxR1H4NM+GChQ=
5,-4,xwGHA3zlJUKGBqfEWhcyV6TET+E=,8SOhdHYqZuhjkQQiAlGCLvrWFfk=
7,-1,xwGHA3zlJUKGBqfEWhcyV6TET+E=,8SOhdHYqZuhjkQQiAlGCLvrWFfk=
3,-4,xwGHA3zlJUKGBqfEWhcyV6TET+E=,8SOhdHYqZuhjkQQiAlGCLvrWFfk=
7,-5,xwGHA3zlJUKGBqfEWhcyV6TET+E=,8SOhdHYqZuhjkQQiAlGCLvrWFfk=
5,-2,xwGHA3zlJUKGBqfEWhcyV6TET+E=,8SOhdHYqZuhjkQQiAlGCLvrWFfk=
4,-4,xwGHA3zlJUKGBqfEWhcyV6TET+E=,8SOhdHYqZuhjkQQiAlGCLvrWFfk=
4,-2,xwGHA3zlJUKGBqfEWhcyV6TET+E=,8SOhdHYqZuhjkQQiAlGCLvrWFfk=
6,-5,xwGHA3zlJUKGBqfEWhcyV6TET+E=,8SOhdHYqZuhjkQQiAlGCLvrWFfk=
4,-5,xwGHA3zlJUKGBqfEWhcyV6TET+E=,8SOhdHYqZuhjkQQiAlGCLvrWFfk=
5,-5,xwGHA3zlJUKGBqfEWhcyV6TET+E=,8SOhdHYqZuhjkQQiAlGCLvrWFfk=
3,-2,xwGHA3zlJUKGBqfEWhcyV6TET+E=,8SOhdHYqZuhjkQQiAlGCLvrWFfk=
3,-5,xwGHA3zlJUKGBqfEWhcyV6TET+E=,8SOhdHYqZuhjkQQiAlGCLvrWFfk=
7,-3,xwGHA3zlJUKGBqfEWhcyV6TET+E=,8SOhdHYqZuhjkQQiAlGCLvrWFfk=
6,-1,xwGHA3zlJUKGBqfEWhcyV6TET+E=,8SOhdHYqZuhjkQQiAlGCLvrWFfk=
5,-1,xwGHA3zlJUKGBqfEWhcyV6TET+E=,8SOhdHYqZuhjkQQiAlGCLvrWFfk=
6,-3,xwGHA3zlJUKGBqfEWhcyV6TET+E=,8SOhdHYqZuhjkQQiAlGCLvrWFfk=
4,-3,xwGHA3zlJUKGBqfEWhcyV6TET+E=,8SOhdHYqZuhjkQQiAlGCLvrWFfk=
5,-3,xwGHA3zlJUKGBqfEWhcyV6TET+E=,8SOhdHYqZuhjkQQiAlGCLvrWFfk=
10,-1,e2gZ0IGd+12vK+GTf77lughLKVk=,UrBOqcFcDr/devkxR1H4NM+GChQ=
4,-1,xwGHA3zlJUKGBqfEWhcyV6TET+E=,8SOhdHYqZuhjkQQiAlGCLvrWFfk=
10,-5,crxnZHuAEjIrd9yQBHA6pC0FOU8=,UrBOqcFcDr/devkxR1H4NM+GChQ=
8,-1,e2gZ0IGd+12vK+GTf77lughLKVk=,UrBOqcFcDr/devkxR1H4NM+GChQ=
9,-1,e2gZ0IGd+12vK+GTf77lughLKVk=,UrBOqcFcDr/devkxR1H4NM+GChQ=
3,-1,xwGHA3zlJUKGBqfEWhcyV6TET+E=,8SOhdHYqZuhjkQQiAlGCLvrWFfk=
3,-3,xwGHA3zlJUKGBqfEWhcyV6TET+E=,8SOhdHYqZuhjkQQiAlGCLvrWFfk=
9,-2,e2gZ0IGd+12vK+GTf77lughLKVk=,UrBOqcFcDr/devkxR1H4NM+GChQ=
8,-5,crxnZHuAEjIrd9yQBHA6pC0FOU8=,UrBOqcFcDr/devkxR1H4NM+GChQ=
10,-2,e2gZ0IGd+12vK+GTf77lughLKVk=,UrBOqcFcDr/devkxR1H4NM+GChQ=
7,-4,xwGHA3zlJUKGBqfEWhcyV6TET+E=,8SOhdHYqZuhjkQQiAlGCLvrWFfk=
7,-2,xwGHA3zlJUKGBqfEWhcyV6TET+E=,8SOhdHYqZuhjkQQiAlGCLvrWFfk=
8,-2,e2gZ0IGd+12vK+GTf77lughLKVk=,UrBOqcFcDr/devkxR1H4NM+GChQ=
10,-3,e2gZ0IGd+12vK+GTf77lughLKVk=,UrBOqcFcDr/devkxR1H4NM+GChQ=
6,-4,xwGHA3zlJUKGBqfEWhcyV6TET+E=,8SOhdHYqZuhjkQQiAlGCLvrWFfk=
9,-3,e2gZ0IGd+12vK+GTf77lughLKVk=,UrBOqcFcDr/devkxR1H4NM+GChQ=
8,-3,e2gZ0IGd+12vK+GTf77lughLKVk=,UrBOqcFcDr/devkxR1H4NM+GChQ=
9,-4,crxnZHuAEjIrd9yQBHA6pC0FOU8=,UrBOqcFcDr/devkxR1H4NM+GChQ=
10,-4,crxnZHuAEjIrd9yQBHA6pC0FOU8=,UrBOqcFcDr/devkxR1H4NM+GChQ=
0,-4,xwGHA3zlJUKGBqfEWhcyV6TET+E=,8SOhdHYqZuhjkQQiAlGCLvrWFfk=
6,-2,xwGHA3zlJUKGBqfEWhcyV6TET+E=,8SOhdHYqZuhjkQQiAlGCLvrWFfk=
8,-4,crxnZHuAEjIrd9yQBHA6pC0FOU8=,UrBOqcFcDr/devkxR1H4NM+GChQ=
9,-5,crxnZHuAEjIrd9yQBHA6pC0FOU8=,UrBOqcFcDr/devkxR1H4NM+GChQ=
0,-5,xwGHA3zlJUKGBqfEWhcyV6TET+E=,8SOhdHYqZuhjkQQiAlGCLvrWFfk=
1,-4,xwGHA3zlJUKGBqfEWhcyV6TET+E=,8SOhdHYqZuhjkQQiAlGCLvrWFfk=
2,-4,xwGHA3zlJUKGBqfEWhcyV6TET+E=,8SOhdHYqZuhjkQQiAlGCLvrWFfk=
1,-5,xwGHA3zlJUKGBqfEWhcyV6TET+E=,8SOhdHYqZuhjkQQiAlGCLvrWFfk=
2,-5,xwGHA3zlJUKGBqfEWhcyV6TET+E=,8SOhdHYqZuhjkQQiAlGCLvrWFfk=
3,-12,WfjH/Y9coGAJi/sOiVfA6CGH00M=,UrBOqcFcDr/devkxR1H4NM+GChQ=
2,-12,e2gZ0IGd+12vK+GTf77lughLKVk=,UrBOqcFcDr/devkxR1H4NM+GChQ=
7,-8,xwGHA3zlJUKGBqfEWhcyV6TET+E=,8SOhdHYqZuhjkQQiAlGCLvrWFfk=
6,-8,xwGHA3zlJUKGBqfEWhcyV6TET+E=,8SOhdHYqZuhjkQQiAlGCLvrWFfk=
0,-10,K1z+A4Jas3KI7OoDKqYoorPFj6g=,UrBOqcFcDr/devkxR1H4NM+GChQ=
5,-8,xwGHA3zlJUKGBqfEWhcyV6TET+E=,8SOhdHYqZuhjkQQiAlGCLvrWFfk=
1,-10,K1z+A4Jas3KI7OoDKqYoorPFj6g=,UrBOqcFcDr/devkxR1H4NM+GChQ=
2,-13,e2gZ0IGd+12vK+GTf77lughLKVk=,UrBOqcFcDr/devkxR1H4NM+GChQ=
2,-10,K1z+A4Jas3KI7OoDKqYoorPFj6g=,UrBOqcFcDr/devkxR1H4NM+GChQ=
3,-10,WfjH/Y9coGAJi/sOiVfA6CGH00M=,UrBOqcFcDr/devkxR1H4NM+GChQ=
1,-13,e2gZ0IGd+12vK+GTf77lughLKVk=,UrBOqcFcDr/devkxR1H4NM+GChQ=
0,-13,e2gZ0IGd+12vK+GTf77lughLKVk=,UrBOqcFcDr/devkxR1H4NM+GChQ=
4,-10,WfjH/Y9coGAJi/sOiVfA6CGH00M=,UrBOqcFcDr/devkxR1H4NM+GChQ=
4,-12,WfjH/Y9coGAJi/sOiVfA6CGH00M=,UrBOqcFcDr/devkxR1H4NM+GChQ=
7,-6,xwGHA3zlJUKGBqfEWhcyV6TET+E=,8SOhdHYqZuhjkQQiAlGCLvrWFfk=
5,-12,84or26F4b0d18nykXV5XNXhJ7c4=,UrBOqcFcDr/devkxR1H4NM+GChQ=
6,-6,xwGHA3zlJUKGBqfEWhcyV6TET+E=,8SOhdHYqZuhjkQQiAlGCLvrWFfk=
5,-10,84or26F4b0d18nykXV5XNXhJ7c4=,UrBOqcFcDr/devkxR1H4NM+GChQ=
1,-12,e2gZ0IGd+12vK+GTf77lughLKVk=,UrBOqcFcDr/devkxR1H4NM+GChQ=
0,-7,xwGHA3zlJUKGBqfEWhcyV6TET+E=,8SOhdHYqZuhjkQQiAlGCLvrWFfk=
4,-8,xwGHA3zlJUKGBqfEWhcyV6TET+E=,8SOhdHYqZuhjkQQiAlGCLvrWFfk=
6,-12,84or26F4b0d18nykXV5XNXhJ7c4=,UrBOqcFcDr/devkxR1H4NM+GChQ=
3,-8,xwGHA3zlJUKGBqfEWhcyV6TET+E=,8SOhdHYqZuhjkQQiAlGCLvrWFfk=
6,-10,84or26F4b0d18nykXV5XNXhJ7c4=,UrBOqcFcDr/devkxR1H4NM+GChQ=
0,-12,e2gZ0IGd+12vK+GTf77lughLKVk=,UrBOqcFcDr/devkxR1H4NM+GChQ=
1,-7,xwGHA3zlJUKGBqfEWhcyV6TET+E=,8SOhdHYqZuhjkQQiAlGCLvrWFfk=
2,-8,xwGHA3zlJUKGBqfEWhcyV6TET+E=,8SOhdHYqZuhjkQQiAlGCLvrWFfk=
2,-7,xwGHA3zlJUKGBqfEWhcyV6TET+E=,8SOhdHYqZuhjkQQiAlGCLvrWFfk=
5,-6,xwGHA3zlJUKGBqfEWhcyV6TET+E=,8SOhdHYqZuhjkQQiAlGCLvrWFfk=
8,-8,84or26F4b0d18nykXV5XNXhJ7c4=,UrBOqcFcDr/devkxR1H4NM+GChQ=
7,-11,84or26F4b0d18nykXV5XNXhJ7c4=,UrBOqcFcDr/devkxR1H4NM+GChQ=
9,-8,84or26F4b0d18nykXV5XNXhJ7c4=,UrBOqcFcDr/devkxR1H4NM+GChQ=
6,-11,84or26F4b0d18nykXV5XNXhJ7c4=,UrBOqcFcDr/devkxR1H4NM+GChQ=
2,-11,K1z+A4Jas3KI7OoDKqYoorPFj6g=,UrBOqcFcDr/devkxR1H4NM+GChQ=
7,-13,84or26F4b0d18nykXV5XNXhJ7c4=,UrBOqcFcDr/devkxR1H4NM+GChQ=
10,-8,84or26F4b0d18nykXV5XNXhJ7c4=,UrBOqcFcDr/devkxR1H4NM+GChQ=
6,-13,84or26F4b0d18nykXV5XNXhJ7c4=,UrBOqcFcDr/devkxR1H4NM+GChQ=
3,-13,WfjH/Y9coGAJi/sOiVfA6CGH00M=,UrBOqcFcDr/devkxR1H4NM+GChQ=
4,-6,xwGHA3zlJUKGBqfEWhcyV6TET+E=,8SOhdHYqZuhjkQQiAlGCLvrWFfk=
7,-12,84or26F4b0d18nykXV5XNXhJ7c4=,UrBOqcFcDr/devkxR1H4NM+GChQ=
3,-6,xwGHA3zlJUKGBqfEWhcyV6TET+E=,8SOhdHYqZuhjkQQiAlGCLvrWFfk=
8,-7,84or26F4b0d18nykXV5XNXhJ7c4=,UrBOqcFcDr/devkxR1H4NM+GChQ=
1,-8,xwGHA3zlJUKGBqfEWhcyV6TET+E=,8SOhdHYqZuhjkQQiAlGCLvrWFfk=
7,-10,84or26F4b0d18nykXV5XNXhJ7c4=,UrBOqcFcDr/devkxR1H4NM+GChQ=
0,-8,xwGHA3zlJUKGBqfEWhcyV6TET+E=,8SOhdHYqZuhjkQQiAlGCLvrWFfk=
0,-9,K1z+A4Jas3KI7OoDKqYoorPFj6g=,UrBOqcFcDr/devkxR1H4NM+GChQ=
2,-6,xwGHA3zlJUKGBqfEWhcyV6TET+E=,8SOhdHYqZuhjkQQiAlGCLvrWFfk=
3,-11,WfjH/Y9coGAJi/sOiVfA6CGH00M=,UrBOqcFcDr/devkxR1H4NM+GChQ=
7,-9,84or26F4b0d18nykXV5XNXhJ7c4=,UrBOqcFcDr/devkxR1H4NM+GChQ=
4,-11,WfjH/Y9coGAJi/sOiVfA6CGH00M=,UrBOqcFcDr/devkxR1H4NM+GChQ=
9,-7,84or26F4b0d18nykXV5XNXhJ7c4=,UrBOqcFcDr/devkxR1H4NM+GChQ=
1,-6,xwGHA3zlJUKGBqfEWhcyV6TET+E=,8SOhdHYqZuhjkQQiAlGCLvrWFfk=
10,-7,84or26F4b0d18nykXV5XNXhJ7c4=,UrBOqcFcDr/devkxR1H4NM+GChQ=
0,-6,xwGHA3zlJUKGBqfEWhcyV6TET+E=,8SOhdHYqZuhjkQQiAlGCLvrWFfk=
0,-11,K1z+A4Jas3KI7OoDKqYoorPFj6g=,UrBOqcFcDr/devkxR1H4NM+GChQ=
6,-9,84or26F4b0d18nykXV5XNXhJ7c4=,UrBOqcFcDr/devkxR1H4NM+GChQ=
5,-11,84or26F4b0d18nykXV5XNXhJ7c4=,UrBOqcFcDr/devkxR1H4NM+GChQ=
5,-9,84or26F4b0d18nykXV5XNXhJ7c4=,UrBOqcFcDr/devkxR1H4NM+GChQ=
3,-7,xwGHA3zlJUKGBqfEWhcyV6TET+E=,8SOhdHYqZuhjkQQiAlGCLvrWFfk=
4,-7,xwGHA3zlJUKGBqfEWhcyV6TET+E=,8SOhdHYqZuhjkQQiAlGCLvrWFfk=
4,-9,WfjH/Y9coGAJi/sOiVfA6CGH00M=,UrBOqcFcDr/devkxR1H4NM+GChQ=
3,-9,WfjH/Y9coGAJi/sOiVfA6CGH00M=,UrBOqcFcDr/devkxR1H4NM+GChQ=
5,-7,xwGHA3zlJUKGBqfEWhcyV6TET+E=,8SOhdHYqZuhjkQQiAlGCLvrWFfk=
7,-7,xwGHA3zlJUKGBqfEWhcyV6TET+E=,8SOhdHYqZuhjkQQiAlGCLvrWFfk=
4,-13,WfjH/Y9coGAJi/sOiVfA6CGH00M=,UrBOqcFcDr/devkxR1H4NM+GChQ=
1,-11,K1z+A4Jas3KI7OoDKqYoorPFj6g=,UrBOqcFcDr/devkxR1H4NM+GChQ=
10,-6,84or26F4b0d18nykXV5XNXhJ7c4=,UrBOqcFcDr/devkxR1H4NM+GChQ=
6,-7,xwGHA3zlJUKGBqfEWhcyV6TET+E=,8SOhdHYqZuhjkQQiAlGCLvrWFfk=
5,-13,84or26F4b0d18nykXV5XNXhJ7c4=,UrBOqcFcDr/devkxR1H4NM+GChQ=
9,-6,84or26F4b0d18nykXV5XNXhJ7c4=,UrBOqcFcDr/devkxR1H4NM+GChQ=
8,-6,84or26F4b0d18nykXV5XNXhJ7c4=,UrBOqcFcDr/devkxR1H4NM+GChQ=
2,-9,K1z+A4Jas3KI7OoDKqYoorPFj6g=,UrBOqcFcDr/devkxR1H4NM+GChQ=
1,-9,K1z+A4Jas3KI7OoDKqYoorPFj6g=,UrBOqcFcDr/devkxR1H4NM+GChQ=
13,-5,K1z+A4Jas3KI7OoDKqYoorPFj6g=,UrBOqcFcDr/devkxR1H4NM+GChQ=
14,-5,K1z+A4Jas3KI7OoDKqYoorPFj6g=,UrBOqcFcDr/devkxR1H4NM+GChQ=
15,-5,K1z+A4Jas3KI7OoDKqYoorPFj6g=,UrBOqcFcDr/devkxR1H4NM+GChQ=
14,-6,84or26F4b0d18nykXV5XNXhJ7c4=,UrBOqcFcDr/devkxR1H4NM+GChQ=
13,-4,K1z+A4Jas3KI7OoDKqYoorPFj6g=,UrBOqcFcDr/devkxR1H4NM+GChQ=
14,-4,K1z+A4Jas3KI7OoDKqYoorPFj6g=,UrBOqcFcDr/devkxR1H4NM+GChQ=
15,-4,K1z+A4Jas3KI7OoDKqYoorPFj6g=,UrBOqcFcDr/devkxR1H4NM+GChQ=
15,-6,84or26F4b0d18nykXV5XNXhJ7c4=,UrBOqcFcDr/devkxR1H4NM+GChQ=
13,-8,84or26F4b0d18nykXV5XNXhJ7c4=,UrBOqcFcDr/devkxR1H4NM+GChQ=
14,-8,84or26F4b0d18nykXV5XNXhJ7c4=,UrBOqcFcDr/devkxR1H4NM+GChQ=
15,-8,84or26F4b0d18nykXV5XNXhJ7c4=,UrBOqcFcDr/devkxR1H4NM+GChQ=
13,-7,84or26F4b0d18nykXV5XNXhJ7c4=,UrBOqcFcDr/devkxR1H4NM+GChQ=
14,-7,84or26F4b0d18nykXV5XNXhJ7c4=,UrBOqcFcDr/devkxR1H4NM+GChQ=
15,-7,84or26F4b0d18nykXV5XNXhJ7c4=,UrBOqcFcDr/devkxR1H4NM+GChQ=
13,-6,84or26F4b0d18nykXV5XNXhJ7c4=,UrBOqcFcDr/devkxR1H4NM+GChQ=
15,-1,q3ncfIl4lswiufBBKU2RPEGwL70=,UrBOqcFcDr/devkxR1H4NM+GChQ=
15,-2,q3ncfIl4lswiufBBKU2RPEGwL70=,UrBOqcFcDr/devkxR1H4NM+GChQ=
13,-3,q3ncfIl4lswiufBBKU2RPEGwL70=,UrBOqcFcDr/devkxR1H4NM+GChQ=
14,-2,q3ncfIl4lswiufBBKU2RPEGwL70=,UrBOqcFcDr/devkxR1H4NM+GChQ=
14,-3,q3ncfIl4lswiufBBKU2RPEGwL70=,UrBOqcFcDr/devkxR1H4NM+GChQ=
13,-2,q3ncfIl4lswiufBBKU2RPEGwL70=,UrBOqcFcDr/devkxR1H4NM+GChQ=
15,-3,q3ncfIl4lswiufBBKU2RPEGwL70=,UrBOqcFcDr/devkxR1H4NM+GChQ=
13,-1,q3ncfIl4lswiufBBKU2RPEGwL70=,UrBOqcFcDr/devkxR1H4NM+GChQ=
14,-1,q3ncfIl4lswiufBBKU2RPEGwL70=,UrBOqcFcDr/devkxR1H4NM+GChQ=
2,-2,xwGHA3zlJUKGBqfEWhcyV6TET+E=,8SOhdHYqZuhjkQQiAlGCLvrWFfk=
1,-1,xwGHA3zlJUKGBqfEWhcyV6TET+E=,8SOhdHYqZuhjkQQiAlGCLvrWFfk=
2,-1,xwGHA3zlJUKGBqfEWhcyV6TET+E=,8SOhdHYqZuhjkQQiAlGCLvrWFfk=
2,-3,xwGHA3zlJUKGBqfEWhcyV6TET+E=,8SOhdHYqZuhjkQQiAlGCLvrWFfk=
1,-3,xwGHA3zlJUKGBqfEWhcyV6TET+E=,8SOhdHYqZuhjkQQiAlGCLvrWFfk=
0,-3,xwGHA3zlJUKGBqfEWhcyV6TET+E=,8SOhdHYqZuhjkQQiAlGCLvrWFfk=
0,-2,xwGHA3zlJUKGBqfEWhcyV6TET+E=,8SOhdHYqZuhjkQQiAlGCLvrWFfk=
0,-1,xwGHA3zlJUKGBqfEWhcyV6TET+E=,8SOhdHYqZuhjkQQiAlGCLvrWFfk=
1,-2,xwGHA3zlJUKGBqfEWhcyV6TET+E=,8SOhdHYqZuhjkQQiAlGCLvrWFfk=
1,-14,K1z+A4Jas3KI7OoDKqYoorPFj6g=,UrBOqcFcDr/devkxR1H4NM+GChQ=
0,-14,K1z+A4Jas3KI7OoDKqYoorPFj6g=,UrBOqcFcDr/devkxR1H4NM+GChQ=
0,-15,K1z+A4Jas3KI7OoDKqYoorPFj6g=,UrBOqcFcDr/devkxR1H4NM+GChQ=
7,-15,84or26F4b0d18nykXV5XNXhJ7c4=,UrBOqcFcDr/devkxR1H4NM+GChQ=
5,-16,84or26F4b0d18nykXV5XNXhJ7c4=,UrBOqcFcDr/devkxR1H4NM+GChQ=
7,-14,84or26F4b0d18nykXV5XNXhJ7c4=,UrBOqcFcDr/devkxR1H4NM+GChQ=
6,-14,84or26F4b0d18nykXV5XNXhJ7c4=,UrBOqcFcDr/devkxR1H4NM+GChQ=
6,-15,84or26F4b0d18nykXV5XNXhJ7c4=,UrBOqcFcDr/devkxR1H4NM+GChQ=
6,-16,84or26F4b0d18nykXV5XNXhJ7c4=,UrBOqcFcDr/devkxR1H4NM+GChQ=
5,-14,lMhFWOLE/lS5uhShQAPOLEmyo6g=,UrBOqcFcDr/devkxR1H4NM+GChQ=
5,-15,84or26F4b0d18nykXV5XNXhJ7c4=,UrBOqcFcDr/devkxR1H4NM+GChQ=
1,-16,K1z+A4Jas3KI7OoDKqYoorPFj6g=,UrBOqcFcDr/devkxR1H4NM+GChQ=
0,-16,K1z+A4Jas3KI7OoDKqYoorPFj6g=,UrBOqcFcDr/devkxR1H4NM+GChQ=
4,-15,lv2muaMZg6e41RSLskBv8BAmaNU=,UrBOqcFcDr/devkxR1H4NM+GChQ=
3,-15,lv2muaMZg6e41RSLskBv8BAmaNU=,UrBOqcFcDr/devkxR1H4NM+GChQ=
3,-14,lv2muaMZg6e41RSLskBv8BAmaNU=,UrBOqcFcDr/devkxR1H4NM+GChQ=
2,-15,K1z+A4Jas3KI7OoDKqYoorPFj6g=,UrBOqcFcDr/devkxR1H4NM+GChQ=
2,-14,K1z+A4Jas3KI7OoDKqYoorPFj6g=,UrBOqcFcDr/devkxR1H4NM+GChQ=
2,-16,K1z+A4Jas3KI7OoDKqYoorPFj6g=,UrBOqcFcDr/devkxR1H4NM+GChQ=
1,-15,K1z+A4Jas3KI7OoDKqYoorPFj6g=,UrBOqcFcDr/devkxR1H4NM+GChQ=
3,-16,lv2muaMZg6e41RSLskBv8BAmaNU=,UrBOqcFcDr/devkxR1H4NM+GChQ=
4,-16,lv2muaMZg6e41RSLskBv8BAmaNU=,UrBOqcFcDr/devkxR1H4NM+GChQ=
4,-14,lv2muaMZg6e41RSLskBv8BAmaNU=,UrBOqcFcDr/devkxR1H4NM+GChQ=
7,-16,84or26F4b0d18nykXV5XNXhJ7c4=,UrBOqcFcDr/devkxR1H4NM+GChQ=
16,-7,A4oa3RJ82MXEmZNoMAtCqkjIVrk=,UrBOqcFcDr/devkxR1H4NM+GChQ=
23,-6,A4oa3RJ82MXEmZNoMAtCqkjIVrk=,UrBOqcFcDr/devkxR1H4NM+GChQ=
23,-4,A4oa3RJ82MXEmZNoMAtCqkjIVrk=,UrBOqcFcDr/devkxR1H4NM+GChQ=
22,-6,A4oa3RJ82MXEmZNoMAtCqkjIVrk=,UrBOqcFcDr/devkxR1H4NM+GChQ=
21,-6,A4oa3RJ82MXEmZNoMAtCqkjIVrk=,UrBOqcFcDr/devkxR1H4NM+GChQ=
23,-8,A4oa3RJ82MXEmZNoMAtCqkjIVrk=,UrBOqcFcDr/devkxR1H4NM+GChQ=
17,-4,A4oa3RJ82MXEmZNoMAtCqkjIVrk=,UrBOqcFcDr/devkxR1H4NM+GChQ=
22,-8,A4oa3RJ82MXEmZNoMAtCqkjIVrk=,UrBOqcFcDr/devkxR1H4NM+GChQ=
18,-4,A4oa3RJ82MXEmZNoMAtCqkjIVrk=,UrBOqcFcDr/devkxR1H4NM+GChQ=
16,-4,A4oa3RJ82MXEmZNoMAtCqkjIVrk=,UrBOqcFcDr/devkxR1H4NM+GChQ=
17,-7,A4oa3RJ82MXEmZNoMAtCqkjIVrk=,UrBOqcFcDr/devkxR1H4NM+GChQ=
23,-5,A4oa3RJ82MXEmZNoMAtCqkjIVrk=,UrBOqcFcDr/devkxR1H4NM+GChQ=
22,-4,A4oa3RJ82MXEmZNoMAtCqkjIVrk=,UrBOqcFcDr/devkxR1H4NM+GChQ=
19,-4,A4oa3RJ82MXEmZNoMAtCqkjIVrk=,UrBOqcFcDr/devkxR1H4NM+GChQ=
20,-4,A4oa3RJ82MXEmZNoMAtCqkjIVrk=,UrBOqcFcDr/devkxR1H4NM+GChQ=
21,-4,A4oa3RJ82MXEmZNoMAtCqkjIVrk=,UrBOqcFcDr/devkxR1H4NM+GChQ=
18,-7,A4oa3RJ82MXEmZNoMAtCqkjIVrk=,UrBOqcFcDr/devkxR1H4NM+GChQ=
19,-8,A4oa3RJ82MXEmZNoMAtCqkjIVrk=,UrBOqcFcDr/devkxR1H4NM+GChQ=
20,-8,A4oa3RJ82MXEmZNoMAtCqkjIVrk=,UrBOqcFcDr/devkxR1H4NM+GChQ=
19,-7,A4oa3RJ82MXEmZNoMAtCqkjIVrk=,UrBOqcFcDr/devkxR1H4NM+GChQ=
18,-8,A4oa3RJ82MXEmZNoMAtCqkjIVrk=,UrBOqcFcDr/devkxR1H4NM+GChQ=
17,-8,A4oa3RJ82MXEmZNoMAtCqkjIVrk=,UrBOqcFcDr/devkxR1H4NM+GChQ=
20,-7,A4oa3RJ82MXEmZNoMAtCqkjIVrk=,UrBOqcFcDr/devkxR1H4NM+GChQ=
22,-5,A4oa3RJ82MXEmZNoMAtCqkjIVrk=,UrBOqcFcDr/devkxR1H4NM+GChQ=
21,-7,A4oa3RJ82MXEmZNoMAtCqkjIVrk=,UrBOqcFcDr/devkxR1H4NM+GChQ=
16,-8,A4oa3RJ82MXEmZNoMAtCqkjIVrk=,UrBOqcFcDr/devkxR1H4NM+GChQ=
20,-6,A4oa3RJ82MXEmZNoMAtCqkjIVrk=,UrBOqcFcDr/devkxR1H4NM+GChQ=
19,-6,A4oa3RJ82MXEmZNoMAtCqkjIVrk=,UrBOqcFcDr/devkxR1H4NM+GChQ=
22,-7,A4oa3RJ82MXEmZNoMAtCqkjIVrk=,UrBOqcFcDr/devkxR1H4NM+GChQ=
18,-6,A4oa3RJ82MXEmZNoMAtCqkjIVrk=,UrBOqcFcDr/devkxR1H4NM+GChQ=
21,-5,A4oa3RJ82MXEmZNoMAtCqkjIVrk=,UrBOqcFcDr/devkxR1H4NM+GChQ=
23,-7,A4oa3RJ82MXEmZNoMAtCqkjIVrk=,UrBOqcFcDr/devkxR1H4NM+GChQ=
20,-5,A4oa3RJ82MXEmZNoMAtCqkjIVrk=,UrBOqcFcDr/devkxR1H4NM+GChQ=
19,-5,A4oa3RJ82MXEmZNoMAtCqkjIVrk=,UrBOqcFcDr/devkxR1H4NM+GChQ=
16,-6,A4oa3RJ82MXEmZNoMAtCqkjIVrk=,UrBOqcFcDr/devkxR1H4NM+GChQ=
17,-6,A4oa3RJ82MXEmZNoMAtCqkjIVrk=,UrBOqcFcDr/devkxR1H4NM+GChQ=
16,-5,A4oa3RJ82MXEmZNoMAtCqkjIVrk=,UrBOqcFcDr/devkxR1H4NM+GChQ=
18,-5,A4oa3RJ82MXEmZNoMAtCqkjIVrk=,UrBOqcFcDr/devkxR1H4NM+GChQ=
17,-5,A4oa3RJ82MXEmZNoMAtCqkjIVrk=,UrBOqcFcDr/devkxR1H4NM+GChQ=
21,-8,A4oa3RJ82MXEmZNoMAtCqkjIVrk=,UrBOqcFcDr/devkxR1H4NM+GChQ=
23,-1,A4oa3RJ82MXEmZNoMAtCqkjIVrk=,UrBOqcFcDr/devkxR1H4NM+GChQ=
18,-3,A4oa3RJ82MXEmZNoMAtCqkjIVrk=,UrBOqcFcDr/devkxR1H4NM+GChQ=
16,-3,A4oa3RJ82MXEmZNoMAtCqkjIVrk=,UrBOqcFcDr/devkxR1H4NM+GChQ=
17,-3,A4oa3RJ82MXEmZNoMAtCqkjIVrk=,UrBOqcFcDr/devkxR1H4NM+GChQ=
19,-3,A4oa3RJ82MXEmZNoMAtCqkjIVrk=,UrBOqcFcDr/devkxR1H4NM+GChQ=
21,-1,A4oa3RJ82MXEmZNoMAtCqkjIVrk=,UrBOqcFcDr/devkxR1H4NM+GChQ=
22,-1,A4oa3RJ82MXEmZNoMAtCqkjIVrk=,UrBOqcFcDr/devkxR1H4NM+GChQ=
20,-1,A4oa3RJ82MXEmZNoMAtCqkjIVrk=,UrBOqcFcDr/devkxR1H4NM+GChQ=
19,-1,A4oa3RJ82MXEmZNoMAtCqkjIVrk=,UrBOqcFcDr/devkxR1H4NM+GChQ=
18,-1,A4oa3RJ82MXEmZNoMAtCqkjIVrk=,UrBOqcFcDr/devkxR1H4NM+GChQ=
21,-3,A4oa3RJ82MXEmZNoMAtCqkjIVrk=,UrBOqcFcDr/devkxR1H4NM+GChQ=
17,-1,A4oa3RJ82MXEmZNoMAtCqkjIVrk=,UrBOqcFcDr/devkxR1H4NM+GChQ=
22,-3,A4oa3RJ82MXEmZNoMAtCqkjIVrk=,UrBOqcFcDr/devkxR1H4NM+GChQ=
16,-1,A4oa3RJ82MXEmZNoMAtCqkjIVrk=,UrBOqcFcDr/devkxR1H4NM+GChQ=
23,-2,A4oa3RJ82MXEmZNoMAtCqkjIVrk=,UrBOqcFcDr/devkxR1H4NM+GChQ=
23,-3,A4oa3RJ82MXEmZNoMAtCqkjIVrk=,UrBOqcFcDr/devkxR1H4NM+GChQ=
22,-2,A4oa3RJ82MXEmZNoMAtCqkjIVrk=,UrBOqcFcDr/devkxR1H4NM+GChQ=
21,-2,A4oa3RJ82MXEmZNoMAtCqkjIVrk=,UrBOqcFcDr/devkxR1H4NM+GChQ=
16,-2,A4oa3RJ82MXEmZNoMAtCqkjIVrk=,UrBOqcFcDr/devkxR1H4NM+GChQ=
20,-2,A4oa3RJ82MXEmZNoMAtCqkjIVrk=,UrBOqcFcDr/devkxR1H4NM+GChQ=
19,-2,A4oa3RJ82MXEmZNoMAtCqkjIVrk=,UrBOqcFcDr/devkxR1H4NM+GChQ=
17,-2,A4oa3RJ82MXEmZNoMAtCqkjIVrk=,UrBOqcFcDr/devkxR1H4NM+GChQ=
18,-2,A4oa3RJ82MXEmZNoMAtCqkjIVrk=,UrBOqcFcDr/devkxR1H4NM+GChQ=
20,-3,A4oa3RJ82MXEmZNoMAtCqkjIVrk=,UrBOqcFcDr/devkxR1H4NM+GChQ=
3,-28,/SOGhOIA96Mcx4GQ6SwqF+Y+XMY=,8Qc3+JlodPW8XqxytxPCAOqgNd8=
2,-28,/SOGhOIA96Mcx4GQ6SwqF+Y+XMY=,8Qc3+JlodPW8XqxytxPCAOqgNd8=
4,-28,/SOGhOIA96Mcx4GQ6SwqF+Y+XMY=,8Qc3+JlodPW8XqxytxPCAOqgNd8=
1,-28,/SOGhOIA96Mcx4GQ6SwqF+Y+XMY=,8Qc3+JlodPW8XqxytxPCAOqgNd8=
2,-29,/SOGhOIA96Mcx4GQ6SwqF+Y+XMY=,8Qc3+JlodPW8XqxytxPCAOqgNd8=
1,-29,/SOGhOIA96Mcx4GQ6SwqF+Y+XMY=,8Qc3+JlodPW8XqxytxPCAOqgNd8=
0,-28,/SOGhOIA96Mcx4GQ6SwqF+Y+XMY=,8Qc3+JlodPW8XqxytxPCAOqgNd8=
0,-29,/SOGhOIA96Mcx4GQ6SwqF+Y+XMY=,8Qc3+JlodPW8XqxytxPCAOqgNd8=
7,-29,/SOGhOIA96Mcx4GQ6SwqF+Y+XMY=,8Qc3+JlodPW8XqxytxPCAOqgNd8=
7,-28,/SOGhOIA96Mcx4GQ6SwqF+Y+XMY=,8Qc3+JlodPW8XqxytxPCAOqgNd8=
6,-29,/SOGhOIA96Mcx4GQ6SwqF+Y+XMY=,8Qc3+JlodPW8XqxytxPCAOqgNd8=
6,-28,/SOGhOIA96Mcx4GQ6SwqF+Y+XMY=,8Qc3+JlodPW8XqxytxPCAOqgNd8=
5,-28,/SOGhOIA96Mcx4GQ6SwqF+Y+XMY=,8Qc3+JlodPW8XqxytxPCAOqgNd8=
5,-29,/SOGhOIA96Mcx4GQ6SwqF+Y+XMY=,8Qc3+JlodPW8XqxytxPCAOqgNd8=
4,-29,/SOGhOIA96Mcx4GQ6SwqF+Y+XMY=,8Qc3+JlodPW8XqxytxPCAOqgNd8=
3,-29,/SOGhOIA96Mcx4GQ6SwqF+Y+XMY=,8Qc3+JlodPW8XqxytxPCAOqgNd8=
4,-30,/SOGhOIA96Mcx4GQ6SwqF+Y+XMY=,8Qc3+JlodPW8XqxytxPCAOqgNd8=
4,-32,/SOGhOIA96Mcx4GQ6SwqF+Y+XMY=,8Qc3+JlodPW8XqxytxPCAOqgNd8=
3,-30,/SOGhOIA96Mcx4GQ6SwqF+Y+XMY=,8Qc3+JlodPW8XqxytxPCAOqgNd8=
4,-31,/SOGhOIA96Mcx4GQ6SwqF+Y+XMY=,8Qc3+JlodPW8XqxytxPCAOqgNd8=
3,-32,/SOGhOIA96Mcx4GQ6SwqF+Y+XMY=,8Qc3+JlodPW8XqxytxPCAOqgNd8=
3,-31,/SOGhOIA96Mcx4GQ6SwqF+Y+XMY=,8Qc3+JlodPW8XqxytxPCAOqgNd8=
0,-30,/SOGhOIA96Mcx4GQ6SwqF+Y+XMY=,8Qc3+JlodPW8XqxytxPCAOqgNd8=
1,-30,/SOGhOIA96Mcx4GQ6SwqF+Y+XMY=,8Qc3+JlodPW8XqxytxPCAOqgNd8=
0,-31,/SOGhOIA96Mcx4GQ6SwqF+Y+XMY=,8Qc3+JlodPW8XqxytxPCAOqgNd8=
2,-30,/SOGhOIA96Mcx4GQ6SwqF+Y+XMY=,8Qc3+JlodPW8XqxytxPCAOqgNd8=
2,-32,/SOGhOIA96Mcx4GQ6SwqF+Y+XMY=,8Qc3+JlodPW8XqxytxPCAOqgNd8=
2,-31,/SOGhOIA96Mcx4GQ6SwqF+Y+XMY=,8Qc3+JlodPW8XqxytxPCAOqgNd8=
1,-32,/SOGhOIA96Mcx4GQ6SwqF+Y+XMY=,8Qc3+JlodPW8XqxytxPCAOqgNd8=
1,-31,/SOGhOIA96Mcx4GQ6SwqF+Y+XMY=,8Qc3+JlodPW8XqxytxPCAOqgNd8=
0,-32,/SOGhOIA96Mcx4GQ6SwqF+Y+XMY=,8Qc3+JlodPW8XqxytxPCAOqgNd8=
7,-31,ySU6MttmNPQvdl+jHsw5WZl/f+I=,8Qc3+JlodPW8XqxytxPCAOqgNd8=
6,-31,ySU6MttmNPQvdl+jHsw5WZl/f+I=,8Qc3+JlodPW8XqxytxPCAOqgNd8=
7,-32,ySU6MttmNPQvdl+jHsw5WZl/f+I=,8Qc3+JlodPW8XqxytxPCAOqgNd8=
5,-31,ySU6MttmNPQvdl+jHsw5WZl/f+I=,8Qc3+JlodPW8XqxytxPCAOqgNd8=
5,-30,ySU6MttmNPQvdl+jHsw5WZl/f+I=,8Qc3+JlodPW8XqxytxPCAOqgNd8=
7,-30,ySU6MttmNPQvdl+jHsw5WZl/f+I=,8Qc3+JlodPW8XqxytxPCAOqgNd8=
6,-30,ySU6MttmNPQvdl+jHsw5WZl/f+I=,8Qc3+JlodPW8XqxytxPCAOqgNd8=
5,-32,ySU6MttmNPQvdl+jHsw5WZl/f+I=,8Qc3+JlodPW8XqxytxPCAOqgNd8=
6,-32,ySU6MttmNPQvdl+jHsw5WZl/f+I=,8Qc3+JlodPW8XqxytxPCAOqgNd8=
0,-26,tq4JgEOBulqatW+G7JHYY6GvHu0=,8Qc3+JlodPW8XqxytxPCAOqgNd8=
2,-26,tq4JgEOBulqatW+G7JHYY6GvHu0=,8Qc3+JlodPW8XqxytxPCAOqgNd8=
3,-26,tq4JgEOBulqatW+G7JHYY6GvHu0=,8Qc3+JlodPW8XqxytxPCAOqgNd8=
2,-27,tq4JgEOBulqatW+G7JHYY6GvHu0=,8Qc3+JlodPW8XqxytxPCAOqgNd8=
4,-26,tq4JgEOBulqatW+G7JHYY6GvHu0=,8Qc3+JlodPW8XqxytxPCAOqgNd8=
3,-27,tq4JgEOBulqatW+G7JHYY6GvHu0=,8Qc3+JlodPW8XqxytxPCAOqgNd8=
6,-27,tq4JgEOBulqatW+G7JHYY6GvHu0=,8Qc3+JlodPW8XqxytxPCAOqgNd8=
4,-25,tq4JgEOBulqatW+G7JHYY6GvHu0=,8Qc3+JlodPW8XqxytxPCAOqgNd8=
3,-25,tq4JgEOBulqatW+G7JHYY6GvHu0=,8Qc3+JlodPW8XqxytxPCAOqgNd8=
1,-27,tq4JgEOBulqatW+G7JHYY6GvHu0=,8Qc3+JlodPW8XqxytxPCAOqgNd8=
1,-26,tq4JgEOBulqatW+G7JHYY6GvHu0=,8Qc3+JlodPW8XqxytxPCAOqgNd8=
0,-27,tq4JgEOBulqatW+G7JHYY6GvHu0=,8Qc3+JlodPW8XqxytxPCAOqgNd8=
2,-25,tq4JgEOBulqatW+G7JHYY6GvHu0=,8Qc3+JlodPW8XqxytxPCAOqgNd8=
5,-25,tq4JgEOBulqatW+G7JHYY6GvHu0=,8Qc3+JlodPW8XqxytxPCAOqgNd8=
1,-25,tq4JgEOBulqatW+G7JHYY6GvHu0=,8Qc3+JlodPW8XqxytxPCAOqgNd8=
0,-25,tq4JgEOBulqatW+G7JHYY6GvHu0=,8Qc3+JlodPW8XqxytxPCAOqgNd8=
7,-26,tq4JgEOBulqatW+G7JHYY6GvHu0=,8Qc3+JlodPW8XqxytxPCAOqgNd8=
5,-27,tq4JgEOBulqatW+G7JHYY6GvHu0=,8Qc3+JlodPW8XqxytxPCAOqgNd8=
4,-27,tq4JgEOBulqatW+G7JHYY6GvHu0=,8Qc3+JlodPW8XqxytxPCAOqgNd8=
6,-26,tq4JgEOBulqatW+G7JHYY6GvHu0=,8Qc3+JlodPW8XqxytxPCAOqgNd8=
5,-26,tq4JgEOBulqatW+G7JHYY6GvHu0=,8Qc3+JlodPW8XqxytxPCAOqgNd8=
7,-27,tq4JgEOBulqatW+G7JHYY6GvHu0=,8Qc3+JlodPW8XqxytxPCAOqgNd8=
7,-25,tq4JgEOBulqatW+G7JHYY6GvHu0=,8Qc3+JlodPW8XqxytxPCAOqgNd8=
6,-25,tq4JgEOBulqatW+G7JHYY6GvHu0=,8Qc3+JlodPW8XqxytxPCAOqgNd8=
19,-12,r7abOcYRCXgel7+HF37+1fMOBPw=,UrBOqcFcDr/devkxR1H4NM+GChQ=
23,-13,r7abOcYRCXgel7+HF37+1fMOBPw=,UrBOqcFcDr/devkxR1H4NM+GChQ=
17,-12,r7abOcYRCXgel7+HF37+1fMOBPw=,UrBOqcFcDr/devkxR1H4NM+GChQ=
18,-12,r7abOcYRCXgel7+HF37+1fMOBPw=,UrBOqcFcDr/devkxR1H4NM+GChQ=
22,-13,r7abOcYRCXgel7+HF37+1fMOBPw=,UrBOqcFcDr/devkxR1H4NM+GChQ=
18,-13,r7abOcYRCXgel7+HF37+1fMOBPw=,UrBOqcFcDr/devkxR1H4NM+GChQ=
17,-14,r7abOcYRCXgel7+HF37+1fMOBPw=,UrBOqcFcDr/devkxR1H4NM+GChQ=
21,-13,r7abOcYRCXgel7+HF37+1fMOBPw=,UrBOqcFcDr/devkxR1H4NM+GChQ=
17,-13,r7abOcYRCXgel7+HF37+1fMOBPw=,UrBOqcFcDr/devkxR1H4NM+GChQ=
20,-13,r7abOcYRCXgel7+HF37+1fMOBPw=,UrBOqcFcDr/devkxR1H4NM+GChQ=
19,-13,r7abOcYRCXgel7+HF37+1fMOBPw=,UrBOqcFcDr/devkxR1H4NM+GChQ=
16,-13,r7abOcYRCXgel7+HF37+1fMOBPw=,UrBOqcFcDr/devkxR1H4NM+GChQ=
20,-12,r7abOcYRCXgel7+HF37+1fMOBPw=,UrBOqcFcDr/devkxR1H4NM+GChQ=
18,-14,r7abOcYRCXgel7+HF37+1fMOBPw=,UrBOqcFcDr/devkxR1H4NM+GChQ=
19,-14,r7abOcYRCXgel7+HF37+1fMOBPw=,UrBOqcFcDr/devkxR1H4NM+GChQ=
21,-12,r7abOcYRCXgel7+HF37+1fMOBPw=,UrBOqcFcDr/devkxR1H4NM+GChQ=
22,-12,r7abOcYRCXgel7+HF37+1fMOBPw=,UrBOqcFcDr/devkxR1H4NM+GChQ=
23,-12,r7abOcYRCXgel7+HF37+1fMOBPw=,UrBOqcFcDr/devkxR1H4NM+GChQ=
17,-15,r7abOcYRCXgel7+HF37+1fMOBPw=,UrBOqcFcDr/devkxR1H4NM+GChQ=
18,-15,r7abOcYRCXgel7+HF37+1fMOBPw=,UrBOqcFcDr/devkxR1H4NM+GChQ=
19,-15,r7abOcYRCXgel7+HF37+1fMOBPw=,UrBOqcFcDr/devkxR1H4NM+GChQ=
20,-14,r7abOcYRCXgel7+HF37+1fMOBPw=,UrBOqcFcDr/devkxR1H4NM+GChQ=
21,-14,r7abOcYRCXgel7+HF37+1fMOBPw=,UrBOqcFcDr/devkxR1H4NM+GChQ=
16,-16,r7abOcYRCXgel7+HF37+1fMOBPw=,UrBOqcFcDr/devkxR1H4NM+GChQ=
22,-14,r7abOcYRCXgel7+HF37+1fMOBPw=,UrBOqcFcDr/devkxR1H4NM+GChQ=
17,-16,r7abOcYRCXgel7+HF37+1fMOBPw=,UrBOqcFcDr/devkxR1H4NM+GChQ=
18,-16,r7abOcYRCXgel7+HF37+1fMOBPw=,UrBOqcFcDr/devkxR1H4NM+GChQ=
20,-15,r7abOcYRCXgel7+HF37+1fMOBPw=,UrBOqcFcDr/devkxR1H4NM+GChQ=
21,-15,r7abOcYRCXgel7+HF37+1fMOBPw=,UrBOqcFcDr/devkxR1H4NM+GChQ=
23,-14,r7abOcYRCXgel7+HF37+1fMOBPw=,UrBOqcFcDr/devkxR1H4NM+GChQ=
19,-16,r7abOcYRCXgel7+HF37+1fMOBPw=,UrBOqcFcDr/devkxR1H4NM+GChQ=
20,-16,r7abOcYRCXgel7+HF37+1fMOBPw=,UrBOqcFcDr/devkxR1H4NM+GChQ=
22,-15,r7abOcYRCXgel7+HF37+1fMOBPw=,UrBOqcFcDr/devkxR1H4NM+GChQ=
21,-16,r7abOcYRCXgel7+HF37+1fMOBPw=,UrBOqcFcDr/devkxR1H4NM+GChQ=
22,-16,r7abOcYRCXgel7+HF37+1fMOBPw=,UrBOqcFcDr/devkxR1H4NM+GChQ=
23,-16,r7abOcYRCXgel7+HF37+1fMOBPw=,UrBOqcFcDr/devkxR1H4NM+GChQ=
16,-15,r7abOcYRCXgel7+HF37+1fMOBPw=,UrBOqcFcDr/devkxR1H4NM+GChQ=
23,-15,r7abOcYRCXgel7+HF37+1fMOBPw=,UrBOqcFcDr/devkxR1H4NM+GChQ=
16,-14,r7abOcYRCXgel7+HF37+1fMOBPw=,UrBOqcFcDr/devkxR1H4NM+GChQ=
16,-12,r7abOcYRCXgel7+HF37+1fMOBPw=,UrBOqcFcDr/devkxR1H4NM+GChQ=
20,-9,A4oa3RJ82MXEmZNoMAtCqkjIVrk=,UrBOqcFcDr/devkxR1H4NM+GChQ=
21,-9,A4oa3RJ82MXEmZNoMAtCqkjIVrk=,UrBOqcFcDr/devkxR1H4NM+GChQ=
22,-9,A4oa3RJ82MXEmZNoMAtCqkjIVrk=,UrBOqcFcDr/devkxR1H4NM+GChQ=
23,-9,A4oa3RJ82MXEmZNoMAtCqkjIVrk=,UrBOqcFcDr/devkxR1H4NM+GChQ=
19,-9,A4oa3RJ82MXEmZNoMAtCqkjIVrk=,UrBOqcFcDr/devkxR1H4NM+GChQ=
17,-9,A4oa3RJ82MXEmZNoMAtCqkjIVrk=,UrBOqcFcDr/devkxR1H4NM+GChQ=
18,-9,A4oa3RJ82MXEmZNoMAtCqkjIVrk=,UrBOqcFcDr/devkxR1H4NM+GChQ=
16,-9,A4oa3RJ82MXEmZNoMAtCqkjIVrk=,UrBOqcFcDr/devkxR1H4NM+GChQ=
23,-10,A4oa3RJ82MXEmZNoMAtCqkjIVrk=,UrBOqcFcDr/devkxR1H4NM+GChQ=
21,-10,A4oa3RJ82MXEmZNoMAtCqkjIVrk=,UrBOqcFcDr/devkxR1H4NM+GChQ=
22,-10,A4oa3RJ82MXEmZNoMAtCqkjIVrk=,UrBOqcFcDr/devkxR1H4NM+GChQ=
20,-10,A4oa3RJ82MXEmZNoMAtCqkjIVrk=,UrBOqcFcDr/devkxR1H4NM+GChQ=
16,-10,A4oa3RJ82MXEmZNoMAtCqkjIVrk=,UrBOqcFcDr/devkxR1H4NM+GChQ=
23,-11,A4oa3RJ82MXEmZNoMAtCqkjIVrk=,UrBOqcFcDr/devkxR1H4NM+GChQ=
22,-11,A4oa3RJ82MXEmZNoMAtCqkjIVrk=,UrBOqcFcDr/devkxR1H4NM+GChQ=
21,-11,A4oa3RJ82MXEmZNoMAtCqkjIVrk=,UrBOqcFcDr/devkxR1H4NM+GChQ=
17,-10,A4oa3RJ82MXEmZNoMAtCqkjIVrk=,UrBOqcFcDr/devkxR1H4NM+GChQ=
20,-11,A4oa3RJ82MXEmZNoMAtCqkjIVrk=,UrBOqcFcDr/devkxR1H4NM+GChQ=
19,-11,A4oa3RJ82MXEmZNoMAtCqkjIVrk=,UrBOqcFcDr/devkxR1H4NM+GChQ=
19,-10,A4oa3RJ82MXEmZNoMAtCqkjIVrk=,UrBOqcFcDr/devkxR1H4NM+GChQ=
18,-10,A4oa3RJ82MXEmZNoMAtCqkjIVrk=,UrBOqcFcDr/devkxR1H4NM+GChQ=
16,-11,A4oa3RJ82MXEmZNoMAtCqkjIVrk=,UrBOqcFcDr/devkxR1H4NM+GChQ=
17,-11,A4oa3RJ82MXEmZNoMAtCqkjIVrk=,UrBOqcFcDr/devkxR1H4NM+GChQ=
18,-11,A4oa3RJ82MXEmZNoMAtCqkjIVrk=,UrBOqcFcDr/devkxR1H4NM+GChQ=
16,-20,I015T/gr0bHIrEi367PXogeuxRs=,UrBOqcFcDr/devkxR1H4NM+GChQ=
23,-21,I015T/gr0bHIrEi367PXogeuxRs=,UrBOqcFcDr/devkxR1H4NM+GChQ=
17,-21,I015T/gr0bHIrEi367PXogeuxRs=,UrBOqcFcDr/devkxR1H4NM+GChQ=
16,-21,I015T/gr0bHIrEi367PXogeuxRs=,UrBOqcFcDr/devkxR1H4NM+GChQ=
19,-21,I015T/gr0bHIrEi367PXogeuxRs=,UrBOqcFcDr/devkxR1H4NM+GChQ=
23,-22,I015T/gr0bHIrEi367PXogeuxRs=,UrBOqcFcDr/devkxR1H4NM+GChQ=
22,-22,I015T/gr0bHIrEi367PXogeuxRs=,UrBOqcFcDr/devkxR1H4NM+GChQ=
16,-22,I015T/gr0bHIrEi367PXogeuxRs=,UrBOqcFcDr/devkxR1H4NM+GChQ=
21,-22,I015T/gr0bHIrEi367PXogeuxRs=,UrBOqcFcDr/devkxR1H4NM+GChQ=
17,-20,I015T/gr0bHIrEi367PXogeuxRs=,UrBOqcFcDr/devkxR1H4NM+GChQ=
22,-23,I015T/gr0bHIrEi367PXogeuxRs=,UrBOqcFcDr/devkxR1H4NM+GChQ=
23,-23,I015T/gr0bHIrEi367PXogeuxRs=,UrBOqcFcDr/devkxR1H4NM+GChQ=
20,-21,I015T/gr0bHIrEi367PXogeuxRs=,UrBOqcFcDr/devkxR1H4NM+GChQ=
23,-20,I015T/gr0bHIrEi367PXogeuxRs=,UrBOqcFcDr/devkxR1H4NM+GChQ=
21,-23,I015T/gr0bHIrEi367PXogeuxRs=,UrBOqcFcDr/devkxR1H4NM+GChQ=
19,-18,I015T/gr0bHIrEi367PXogeuxRs=,UrBOqcFcDr/devkxR1H4NM+GChQ=
20,-18,I015T/gr0bHIrEi367PXogeuxRs=,UrBOqcFcDr/devkxR1H4NM+GChQ=
20,-23,I015T/gr0bHIrEi367PXogeuxRs=,UrBOqcFcDr/devkxR1H4NM+GChQ=
16,-23,I015T/gr0bHIrEi367PXogeuxRs=,UrBOqcFcDr/devkxR1H4NM+GChQ=
18,-21,I015T/gr0bHIrEi367PXogeuxRs=,UrBOqcFcDr/devkxR1H4NM+GChQ=
17,-22,I015T/gr0bHIrEi367PXogeuxRs=,UrBOqcFcDr/devkxR1H4NM+GChQ=
23,-24,I015T/gr0bHIrEi367PXogeuxRs=,UrBOqcFcDr/devkxR1H4NM+GChQ=
17,-23,I015T/gr0bHIrEi367PXogeuxRs=,UrBOqcFcDr/devkxR1H4NM+GChQ=
21,-18,I015T/gr0bHIrEi367PXogeuxRs=,UrBOqcFcDr/devkxR1H4NM+GChQ=
23,-19,I015T/gr0bHIrEi367PXogeuxRs=,UrBOqcFcDr/devkxR1H4NM+GChQ=
22,-21,I015T/gr0bHIrEi367PXogeuxRs=,UrBOqcFcDr/devkxR1H4NM+GChQ=
19,-19,I015T/gr0bHIrEi367PXogeuxRs=,UrBOqcFcDr/devkxR1H4NM+GChQ=
20,-22,I015T/gr0bHIrEi367PXogeuxRs=,UrBOqcFcDr/devkxR1H4NM+GChQ=
21,-21,I015T/gr0bHIrEi367PXogeuxRs=,UrBOqcFcDr/devkxR1H4NM+GChQ=
18,-20,I015T/gr0bHIrEi367PXogeuxRs=,UrBOqcFcDr/devkxR1H4NM+GChQ=
19,-22,I015T/gr0bHIrEi367PXogeuxRs=,UrBOqcFcDr/devkxR1H4NM+GChQ=
18,-22,I015T/gr0bHIrEi367PXogeuxRs=,UrBOqcFcDr/devkxR1H4NM+GChQ=
20,-19,I015T/gr0bHIrEi367PXogeuxRs=,UrBOqcFcDr/devkxR1H4NM+GChQ=
21,-24,I015T/gr0bHIrEi367PXogeuxRs=,UrBOqcFcDr/devkxR1H4NM+GChQ=
23,-17,I015T/gr0bHIrEi367PXogeuxRs=,UrBOqcFcDr/devkxR1H4NM+GChQ=
21,-19,I015T/gr0bHIrEi367PXogeuxRs=,UrBOqcFcDr/devkxR1H4NM+GChQ=
22,-17,I015T/gr0bHIrEi367PXogeuxRs=,UrBOqcFcDr/devkxR1H4NM+GChQ=
22,-18,I015T/gr0bHIrEi367PXogeuxRs=,UrBOqcFcDr/devkxR1H4NM+GChQ=
20,-17,I015T/gr0bHIrEi367PXogeuxRs=,UrBOqcFcDr/devkxR1H4NM+GChQ=
19,-20,I015T/gr0bHIrEi367PXogeuxRs=,UrBOqcFcDr/devkxR1H4NM+GChQ=
21,-17,I015T/gr0bHIrEi367PXogeuxRs=,UrBOqcFcDr/devkxR1H4NM+GChQ=
20,-24,I015T/gr0bHIrEi367PXogeuxRs=,UrBOqcFcDr/devkxR1H4NM+GChQ=
20,-20,I015T/gr0bHIrEi367PXogeuxRs=,UrBOqcFcDr/devkxR1H4NM+GChQ=
19,-24,I015T/gr0bHIrEi367PXogeuxRs=,UrBOqcFcDr/devkxR1H4NM+GChQ=
22,-20,I015T/gr0bHIrEi367PXogeuxRs=,UrBOqcFcDr/devkxR1H4NM+GChQ=
23,-18,I015T/gr0bHIrEi367PXogeuxRs=,UrBOqcFcDr/devkxR1H4NM+GChQ=
19,-17,I015T/gr0bHIrEi367PXogeuxRs=,UrBOqcFcDr/devkxR1H4NM+GChQ=
22,-19,I015T/gr0bHIrEi367PXogeuxRs=,UrBOqcFcDr/devkxR1H4NM+GChQ=
21,-20,I015T/gr0bHIrEi367PXogeuxRs=,UrBOqcFcDr/devkxR1H4NM+GChQ=
18,-23,I015T/gr0bHIrEi367PXogeuxRs=,UrBOqcFcDr/devkxR1H4NM+GChQ=
16,-24,I015T/gr0bHIrEi367PXogeuxRs=,UrBOqcFcDr/devkxR1H4NM+GChQ=
19,-23,I015T/gr0bHIrEi367PXogeuxRs=,UrBOqcFcDr/devkxR1H4NM+GChQ=
17,-24,I015T/gr0bHIrEi367PXogeuxRs=,UrBOqcFcDr/devkxR1H4NM+GChQ=
18,-24,I015T/gr0bHIrEi367PXogeuxRs=,UrBOqcFcDr/devkxR1H4NM+GChQ=
18,-19,I015T/gr0bHIrEi367PXogeuxRs=,UrBOqcFcDr/devkxR1H4NM+GChQ=
16,-18,I015T/gr0bHIrEi367PXogeuxRs=,UrBOqcFcDr/devkxR1H4NM+GChQ=
16,-19,I015T/gr0bHIrEi367PXogeuxRs=,UrBOqcFcDr/devkxR1H4NM+GChQ=
16,-17,I015T/gr0bHIrEi367PXogeuxRs=,UrBOqcFcDr/devkxR1H4NM+GChQ=
18,-17,I015T/gr0bHIrEi367PXogeuxRs=,UrBOqcFcDr/devkxR1H4NM+GChQ=
17,-17,I015T/gr0bHIrEi367PXogeuxRs=,UrBOqcFcDr/devkxR1H4NM+GChQ=
17,-19,I015T/gr0bHIrEi367PXogeuxRs=,UrBOqcFcDr/devkxR1H4NM+GChQ=
18,-18,I015T/gr0bHIrEi367PXogeuxRs=,UrBOqcFcDr/devkxR1H4NM+GChQ=
17,-18,I015T/gr0bHIrEi367PXogeuxRs=,UrBOqcFcDr/devkxR1H4NM+GChQ=
22,-24,I015T/gr0bHIrEi367PXogeuxRs=,UrBOqcFcDr/devkxR1H4NM+GChQ=
11,-20,VazUaY8hdR+qG9vJEEUgtBxmxuY=,UrBOqcFcDr/devkxR1H4NM+GChQ=
14,-18,VazUaY8hdR+qG9vJEEUgtBxmxuY=,UrBOqcFcDr/devkxR1H4NM+GChQ=
15,-18,VazUaY8hdR+qG9vJEEUgtBxmxuY=,UrBOqcFcDr/devkxR1H4NM+GChQ=
11,-21,VazUaY8hdR+qG9vJEEUgtBxmxuY=,UrBOqcFcDr/devkxR1H4NM+GChQ=
15,-17,VazUaY8hdR+qG9vJEEUgtBxmxuY=,UrBOqcFcDr/devkxR1H4NM+GChQ=
14,-17,VazUaY8hdR+qG9vJEEUgtBxmxuY=,UrBOqcFcDr/devkxR1H4NM+GChQ=
13,-17,VazUaY8hdR+qG9vJEEUgtBxmxuY=,UrBOqcFcDr/devkxR1H4NM+GChQ=
12,-17,VazUaY8hdR+qG9vJEEUgtBxmxuY=,UrBOqcFcDr/devkxR1H4NM+GChQ=
11,-23,VazUaY8hdR+qG9vJEEUgtBxmxuY=,UrBOqcFcDr/devkxR1H4NM+GChQ=
15,-21,VazUaY8hdR+qG9vJEEUgtBxmxuY=,UrBOqcFcDr/devkxR1H4NM+GChQ=
15,-20,VazUaY8hdR+qG9vJEEUgtBxmxuY=,UrBOqcFcDr/devkxR1H4NM+GChQ=
14,-20,VazUaY8hdR+qG9vJEEUgtBxmxuY=,UrBOqcFcDr/devkxR1H4NM+GChQ=
14,-19,VazUaY8hdR+qG9vJEEUgtBxmxuY=,UrBOqcFcDr/devkxR1H4NM+GChQ=
13,-19,VazUaY8hdR+qG9vJEEUgtBxmxuY=,UrBOqcFcDr/devkxR1H4NM+GChQ=
15,-22,VazUaY8hdR+qG9vJEEUgtBxmxuY=,UrBOqcFcDr/devkxR1H4NM+GChQ=
15,-24,VazUaY8hdR+qG9vJEEUgtBxmxuY=,UrBOqcFcDr/devkxR1H4NM+GChQ=
14,-24,VazUaY8hdR+qG9vJEEUgtBxmxuY=,UrBOqcFcDr/devkxR1H4NM+GChQ=
13,-24,VazUaY8hdR+qG9vJEEUgtBxmxuY=,UrBOqcFcDr/devkxR1H4NM+GChQ=
13,-18,VazUaY8hdR+qG9vJEEUgtBxmxuY=,UrBOqcFcDr/devkxR1H4NM+GChQ=
11,-18,VazUaY8hdR+qG9vJEEUgtBxmxuY=,UrBOqcFcDr/devkxR1H4NM+GChQ=
13,-20,VazUaY8hdR+qG9vJEEUgtBxmxuY=,UrBOqcFcDr/devkxR1H4NM+GChQ=
11,-19,VazUaY8hdR+qG9vJEEUgtBxmxuY=,UrBOqcFcDr/devkxR1H4NM+GChQ=
14,-21,VazUaY8hdR+qG9vJEEUgtBxmxuY=,UrBOqcFcDr/devkxR1H4NM+GChQ=
12,-20,VazUaY8hdR+qG9vJEEUgtBxmxuY=,UrBOqcFcDr/devkxR1H4NM+GChQ=
14,-22,VazUaY8hdR+qG9vJEEUgtBxmxuY=,UrBOqcFcDr/devkxR1H4NM+GChQ=
13,-21,VazUaY8hdR+qG9vJEEUgtBxmxuY=,UrBOqcFcDr/devkxR1H4NM+GChQ=
13,-22,VazUaY8hdR+qG9vJEEUgtBxmxuY=,UrBOqcFcDr/devkxR1H4NM+GChQ=
12,-22,VazUaY8hdR+qG9vJEEUgtBxmxuY=,UrBOqcFcDr/devkxR1H4NM+GChQ=
11,-22,VazUaY8hdR+qG9vJEEUgtBxmxuY=,UrBOqcFcDr/devkxR1H4NM+GChQ=
12,-24,VazUaY8hdR+qG9vJEEUgtBxmxuY=,UrBOqcFcDr/devkxR1H4NM+GChQ=
12,-21,VazUaY8hdR+qG9vJEEUgtBxmxuY=,UrBOqcFcDr/devkxR1H4NM+GChQ=
11,-24,VazUaY8hdR+qG9vJEEUgtBxmxuY=,UrBOqcFcDr/devkxR1H4NM+GChQ=
12,-18,VazUaY8hdR+qG9vJEEUgtBxmxuY=,UrBOqcFcDr/devkxR1H4NM+GChQ=
12,-19,VazUaY8hdR+qG9vJEEUgtBxmxuY=,UrBOqcFcDr/devkxR1H4NM+GChQ=
11,-17,VazUaY8hdR+qG9vJEEUgtBxmxuY=,UrBOqcFcDr/devkxR1H4NM+GChQ=
15,-23,VazUaY8hdR+qG9vJEEUgtBxmxuY=,UrBOqcFcDr/devkxR1H4NM+GChQ=
14,-23,VazUaY8hdR+qG9vJEEUgtBxmxuY=,UrBOqcFcDr/devkxR1H4NM+GChQ=
13,-23,VazUaY8hdR+qG9vJEEUgtBxmxuY=,UrBOqcFcDr/devkxR1H4NM+GChQ=
12,-23,VazUaY8hdR+qG9vJEEUgtBxmxuY=,UrBOqcFcDr/devkxR1H4NM+GChQ=
15,-19,VazUaY8hdR+qG9vJEEUgtBxmxuY=,UrBOqcFcDr/devkxR1H4NM+GChQ=
10,-21,a+pICwLYRtAo8QBYYjWeyn63NNc=,UrBOqcFcDr/devkxR1H4NM+GChQ=
9,-19,1TSRMexWtmO5iqhckXtugsSxPHo=,UrBOqcFcDr/devkxR1H4NM+GChQ=
9,-22,1TSRMexWtmO5iqhckXtugsSxPHo=,UrBOqcFcDr/devkxR1H4NM+GChQ=
8,-22,1TSRMexWtmO5iqhckXtugsSxPHo=,UrBOqcFcDr/devkxR1H4NM+GChQ=
10,-20,a+pICwLYRtAo8QBYYjWeyn63NNc=,UrBOqcFcDr/devkxR1H4NM+GChQ=
9,-21,1TSRMexWtmO5iqhckXtugsSxPHo=,UrBOqcFcDr/devkxR1H4NM+GChQ=
8,-17,1TSRMexWtmO5iqhckXtugsSxPHo=,UrBOqcFcDr/devkxR1H4NM+GChQ=
9,-20,1TSRMexWtmO5iqhckXtugsSxPHo=,UrBOqcFcDr/devkxR1H4NM+GChQ=
8,-18,1TSRMexWtmO5iqhckXtugsSxPHo=,UrBOqcFcDr/devkxR1H4NM+GChQ=
8,-21,1TSRMexWtmO5iqhckXtugsSxPHo=,UrBOqcFcDr/devkxR1H4NM+GChQ=
10,-23,1TSRMexWtmO5iqhckXtugsSxPHo=,UrBOqcFcDr/devkxR1H4NM+GChQ=
8,-23,1TSRMexWtmO5iqhckXtugsSxPHo=,UrBOqcFcDr/devkxR1H4NM+GChQ=
9,-23,1TSRMexWtmO5iqhckXtugsSxPHo=,UrBOqcFcDr/devkxR1H4NM+GChQ=
8,-20,1TSRMexWtmO5iqhckXtugsSxPHo=,UrBOqcFcDr/devkxR1H4NM+GChQ=
9,-17,1TSRMexWtmO5iqhckXtugsSxPHo=,UrBOqcFcDr/devkxR1H4NM+GChQ=
8,-24,1TSRMexWtmO5iqhckXtugsSxPHo=,UrBOqcFcDr/devkxR1H4NM+GChQ=
10,-22,1TSRMexWtmO5iqhckXtugsSxPHo=,UrBOqcFcDr/devkxR1H4NM+GChQ=
9,-18,1TSRMexWtmO5iqhckXtugsSxPHo=,UrBOqcFcDr/devkxR1H4NM+GChQ=
10,-18,1TSRMexWtmO5iqhckXtugsSxPHo=,UrBOqcFcDr/devkxR1H4NM+GChQ=
10,-19,1TSRMexWtmO5iqhckXtugsSxPHo=,UrBOqcFcDr/devkxR1H4NM+GChQ=
10,-24,1TSRMexWtmO5iqhckXtugsSxPHo=,UrBOqcFcDr/devkxR1H4NM+GChQ=
10,-17,1TSRMexWtmO5iqhckXtugsSxPHo=,UrBOqcFcDr/devkxR1H4NM+GChQ=
8,-19,1TSRMexWtmO5iqhckXtugsSxPHo=,UrBOqcFcDr/devkxR1H4NM+GChQ=
9,-24,1TSRMexWtmO5iqhckXtugsSxPHo=,UrBOqcFcDr/devkxR1H4NM+GChQ=
13,-12,84or26F4b0d18nykXV5XNXhJ7c4=,UrBOqcFcDr/devkxR1H4NM+GChQ=
15,-16,84or26F4b0d18nykXV5XNXhJ7c4=,UrBOqcFcDr/devkxR1H4NM+GChQ=
11,-9,lMhFWOLE/lS5uhShQAPOLEmyo6g=,UrBOqcFcDr/devkxR1H4NM+GChQ=
11,-11,84or26F4b0d18nykXV5XNXhJ7c4=,UrBOqcFcDr/devkxR1H4NM+GChQ=
14,-15,84or26F4b0d18nykXV5XNXhJ7c4=,UrBOqcFcDr/devkxR1H4NM+GChQ=
10,-12,84or26F4b0d18nykXV5XNXhJ7c4=,UrBOqcFcDr/devkxR1H4NM+GChQ=
9,-12,84or26F4b0d18nykXV5XNXhJ7c4=,UrBOqcFcDr/devkxR1H4NM+GChQ=
12,-12,84or26F4b0d18nykXV5XNXhJ7c4=,UrBOqcFcDr/devkxR1H4NM+GChQ=
10,-16,84or26F4b0d18nykXV5XNXhJ7c4=,UrBOqcFcDr/devkxR1H4NM+GChQ=
10,-9,lMhFWOLE/lS5uhShQAPOLEmyo6g=,UrBOqcFcDr/devkxR1H4NM+GChQ=
9,-16,84or26F4b0d18nykXV5XNXhJ7c4=,UrBOqcFcDr/devkxR1H4NM+GChQ=
9,-9,84or26F4b0d18nykXV5XNXhJ7c4=,UrBOqcFcDr/devkxR1H4NM+GChQ=
8,-9,84or26F4b0d18nykXV5XNXhJ7c4=,UrBOqcFcDr/devkxR1H4NM+GChQ=
8,-12,84or26F4b0d18nykXV5XNXhJ7c4=,UrBOqcFcDr/devkxR1H4NM+GChQ=
8,-16,84or26F4b0d18nykXV5XNXhJ7c4=,UrBOqcFcDr/devkxR1H4NM+GChQ=
15,-10,84or26F4b0d18nykXV5XNXhJ7c4=,UrBOqcFcDr/devkxR1H4NM+GChQ=
10,-15,84or26F4b0d18nykXV5XNXhJ7c4=,UrBOqcFcDr/devkxR1H4NM+GChQ=
11,-10,84or26F4b0d18nykXV5XNXhJ7c4=,UrBOqcFcDr/devkxR1H4NM+GChQ=
10,-10,84or26F4b0d18nykXV5XNXhJ7c4=,UrBOqcFcDr/devkxR1H4NM+GChQ=
13,-16,84or26F4b0d18nykXV5XNXhJ7c4=,UrBOqcFcDr/devkxR1H4NM+GChQ=
10,-11,84or26F4b0d18nykXV5XNXhJ7c4=,UrBOqcFcDr/devkxR1H4NM+GChQ=
9,-11,84or26F4b0d18nykXV5XNXhJ7c4=,UrBOqcFcDr/devkxR1H4NM+GChQ=
9,-10,84or26F4b0d18nykXV5XNXhJ7c4=,UrBOqcFcDr/devkxR1H4NM+GChQ=
12,-13,84or26F4b0d18nykXV5XNXhJ7c4=,UrBOqcFcDr/devkxR1H4NM+GChQ=
8,-11,84or26F4b0d18nykXV5XNXhJ7c4=,UrBOqcFcDr/devkxR1H4NM+GChQ=
10,-13,84or26F4b0d18nykXV5XNXhJ7c4=,UrBOqcFcDr/devkxR1H4NM+GChQ=
8,-10,84or26F4b0d18nykXV5XNXhJ7c4=,UrBOqcFcDr/devkxR1H4NM+GChQ=
11,-13,84or26F4b0d18nykXV5XNXhJ7c4=,UrBOqcFcDr/devkxR1H4NM+GChQ=
8,-13,84or26F4b0d18nykXV5XNXhJ7c4=,UrBOqcFcDr/devkxR1H4NM+GChQ=
9,-13,84or26F4b0d18nykXV5XNXhJ7c4=,UrBOqcFcDr/devkxR1H4NM+GChQ=
13,-13,84or26F4b0d18nykXV5XNXhJ7c4=,UrBOqcFcDr/devkxR1H4NM+GChQ=
11,-14,84or26F4b0d18nykXV5XNXhJ7c4=,UrBOqcFcDr/devkxR1H4NM+GChQ=
15,-11,84or26F4b0d18nykXV5XNXhJ7c4=,UrBOqcFcDr/devkxR1H4NM+GChQ=
10,-14,84or26F4b0d18nykXV5XNXhJ7c4=,UrBOqcFcDr/devkxR1H4NM+GChQ=
9,-14,84or26F4b0d18nykXV5XNXhJ7c4=,UrBOqcFcDr/devkxR1H4NM+GChQ=
8,-14,84or26F4b0d18nykXV5XNXhJ7c4=,UrBOqcFcDr/devkxR1H4NM+GChQ=
9,-15,84or26F4b0d18nykXV5XNXhJ7c4=,UrBOqcFcDr/devkxR1H4NM+GChQ=
8,-15,84or26F4b0d18nykXV5XNXhJ7c4=,UrBOqcFcDr/devkxR1H4NM+GChQ=
12,-16,84or26F4b0d18nykXV5XNXhJ7c4=,UrBOqcFcDr/devkxR1H4NM+GChQ=
12,-11,84or26F4b0d18nykXV5XNXhJ7c4=,UrBOqcFcDr/devkxR1H4NM+GChQ=
13,-10,84or26F4b0d18nykXV5XNXhJ7c4=,UrBOqcFcDr/devkxR1H4NM+GChQ=
15,-14,84or26F4b0d18nykXV5XNXhJ7c4=,UrBOqcFcDr/devkxR1H4NM+GChQ=
12,-14,84or26F4b0d18nykXV5XNXhJ7c4=,UrBOqcFcDr/devkxR1H4NM+GChQ=
15,-15,84or26F4b0d18nykXV5XNXhJ7c4=,UrBOqcFcDr/devkxR1H4NM+GChQ=
14,-11,84or26F4b0d18nykXV5XNXhJ7c4=,UrBOqcFcDr/devkxR1H4NM+GChQ=
14,-16,84or26F4b0d18nykXV5XNXhJ7c4=,UrBOqcFcDr/devkxR1H4NM+GChQ=
15,-13,84or26F4b0d18nykXV5XNXhJ7c4=,UrBOqcFcDr/devkxR1H4NM+GChQ=
13,-14,84or26F4b0d18nykXV5XNXhJ7c4=,UrBOqcFcDr/devkxR1H4NM+GChQ=
12,-15,84or26F4b0d18nykXV5XNXhJ7c4=,UrBOqcFcDr/devkxR1H4NM+GChQ=
11,-16,84or26F4b0d18nykXV5XNXhJ7c4=,UrBOqcFcDr/devkxR1H4NM+GChQ=
11,-15,84or26F4b0d18nykXV5XNXhJ7c4=,UrBOqcFcDr/devkxR1H4NM+GChQ=
11,-12,84or26F4b0d18nykXV5XNXhJ7c4=,UrBOqcFcDr/devkxR1H4NM+GChQ=
12,-9,84or26F4b0d18nykXV5XNXhJ7c4=,UrBOqcFcDr/devkxR1H4NM+GChQ=
14,-12,84or26F4b0d18nykXV5XNXhJ7c4=,UrBOqcFcDr/devkxR1H4NM+GChQ=
14,-13,84or26F4b0d18nykXV5XNXhJ7c4=,UrBOqcFcDr/devkxR1H4NM+GChQ=
13,-9,84or26F4b0d18nykXV5XNXhJ7c4=,UrBOqcFcDr/devkxR1H4NM+GChQ=
15,-12,84or26F4b0d18nykXV5XNXhJ7c4=,UrBOqcFcDr/devkxR1H4NM+GChQ=
13,-11,84or26F4b0d18nykXV5XNXhJ7c4=,UrBOqcFcDr/devkxR1H4NM+GChQ=
12,-10,84or26F4b0d18nykXV5XNXhJ7c4=,UrBOqcFcDr/devkxR1H4NM+GChQ=
14,-9,84or26F4b0d18nykXV5XNXhJ7c4=,UrBOqcFcDr/devkxR1H4NM+GChQ=
14,-14,84or26F4b0d18nykXV5XNXhJ7c4=,UrBOqcFcDr/devkxR1H4NM+GChQ=
14,-10,84or26F4b0d18nykXV5XNXhJ7c4=,UrBOqcFcDr/devkxR1H4NM+GChQ=
13,-15,84or26F4b0d18nykXV5XNXhJ7c4=,UrBOqcFcDr/devkxR1H4NM+GChQ=
15,-9,lMhFWOLE/lS5uhShQAPOLEmyo6g=,UrBOqcFcDr/devkxR1H4NM+GChQ=
