76,36,7VC9KqCIXwu/F5SJtzNKRxelaqQ=,zuuD7NJgbvfvpUQLYENxbvyNXBc=
75,39,7VC9KqCIXwu/F5SJtzNKRxelaqQ=,zuuD7NJgbvfvpUQLYENxbvyNXBc=
76,38,7VC9KqCIXwu/F5SJtzNKRxelaqQ=,zuuD7NJgbvfvpUQLYENxbvyNXBc=
75,36,7VC9KqCIXwu/F5SJtzNKRxelaqQ=,zuuD7NJgbvfvpUQLYENxbvyNXBc=
75,38,7VC9KqCIXwu/F5SJtzNKRxelaqQ=,zuuD7NJgbvfvpUQLYENxbvyNXBc=
76,35,7VC9KqCIXwu/F5SJtzNKRxelaqQ=,zuuD7NJgbvfvpUQLYENxbvyNXBc=
75,35,7VC9KqCIXwu/F5SJtzNKRxelaqQ=,zuuD7NJgbvfvpUQLYENxbvyNXBc=
76,37,7VC9KqCIXwu/F5SJtzNKRxelaqQ=,zuuD7NJgbvfvpUQLYENxbvyNXBc=
75,37,7VC9KqCIXwu/F5SJtzNKRxelaqQ=,zuuD7NJgbvfvpUQLYENxbvyNXBc=
76,39,7VC9KqCIXwu/F5SJtzNKRxelaqQ=,zuuD7NJgbvfvpUQLYENxbvyNXBc=
79,35,7VC9KqCIXwu/F5SJtzNKRxelaqQ=,zuuD7NJgbvfvpUQLYENxbvyNXBc=
77,36,7VC9KqCIXwu/F5SJtzNKRxelaqQ=,zuuD7NJgbvfvpUQLYENxbvyNXBc=
78,36,7VC9KqCIXwu/F5SJtzNKRxelaqQ=,zuuD7NJgbvfvpUQLYENxbvyNXBc=
79,36,7VC9KqCIXwu/F5SJtzNKRxelaqQ=,zuuD7NJgbvfvpUQLYENxbvyNXBc=
77,35,7VC9KqCIXwu/F5SJtzNKRxelaqQ=,zuuD7NJgbvfvpUQLYENxbvyNXBc=
78,35,7VC9KqCIXwu/F5SJtzNKRxelaqQ=,zuuD7NJgbvfvpUQLYENxbvyNXBc=
75,33,7VC9KqCIXwu/F5SJtzNKRxelaqQ=,zuuD7NJgbvfvpUQLYENxbvyNXBc=
76,33,7VC9KqCIXwu/F5SJtzNKRxelaqQ=,zuuD7NJgbvfvpUQLYENxbvyNXBc=
76,32,7VC9KqCIXwu/F5SJtzNKRxelaqQ=,zuuD7NJgbvfvpUQLYENxbvyNXBc=
75,32,7VC9KqCIXwu/F5SJtzNKRxelaqQ=,zuuD7NJgbvfvpUQLYENxbvyNXBc=
76,34,7VC9KqCIXwu/F5SJtzNKRxelaqQ=,zuuD7NJgbvfvpUQLYENxbvyNXBc=
75,34,7VC9KqCIXwu/F5SJtzNKRxelaqQ=,zuuD7NJgbvfvpUQLYENxbvyNXBc=
78,38,h/rt2HotBhXHdwVnzYOLzAfM6sE=,zuuD7NJgbvfvpUQLYENxbvyNXBc=
77,38,h/rt2HotBhXHdwVnzYOLzAfM6sE=,zuuD7NJgbvfvpUQLYENxbvyNXBc=
79,39,h/rt2HotBhXHdwVnzYOLzAfM6sE=,zuuD7NJgbvfvpUQLYENxbvyNXBc=
79,37,h/rt2HotBhXHdwVnzYOLzAfM6sE=,zuuD7NJgbvfvpUQLYENxbvyNXBc=
79,38,h/rt2HotBhXHdwVnzYOLzAfM6sE=,zuuD7NJgbvfvpUQLYENxbvyNXBc=
78,37,h/rt2HotBhXHdwVnzYOLzAfM6sE=,zuuD7NJgbvfvpUQLYENxbvyNXBc=
77,37,h/rt2HotBhXHdwVnzYOLzAfM6sE=,zuuD7NJgbvfvpUQLYENxbvyNXBc=
78,39,h/rt2HotBhXHdwVnzYOLzAfM6sE=,zuuD7NJgbvfvpUQLYENxbvyNXBc=
77,39,h/rt2HotBhXHdwVnzYOLzAfM6sE=,zuuD7NJgbvfvpUQLYENxbvyNXBc=
77,34,h/rt2HotBhXHdwVnzYOLzAfM6sE=,zuuD7NJgbvfvpUQLYENxbvyNXBc=
78,34,h/rt2HotBhXHdwVnzYOLzAfM6sE=,zuuD7NJgbvfvpUQLYENxbvyNXBc=
79,33,h/rt2HotBhXHdwVnzYOLzAfM6sE=,zuuD7NJgbvfvpUQLYENxbvyNXBc=
79,34,h/rt2HotBhXHdwVnzYOLzAfM6sE=,zuuD7NJgbvfvpUQLYENxbvyNXBc=
77,32,h/rt2HotBhXHdwVnzYOLzAfM6sE=,zuuD7NJgbvfvpUQLYENxbvyNXBc=
77,33,h/rt2HotBhXHdwVnzYOLzAfM6sE=,zuuD7NJgbvfvpUQLYENxbvyNXBc=
78,33,+rlmzD9qOTlmvfgkQvVym09/Tdc=,zuuD7NJgbvfvpUQLYENxbvyNXBc=
79,32,+rlmzD9qOTlmvfgkQvVym09/Tdc=,zuuD7NJgbvfvpUQLYENxbvyNXBc=
78,32,+rlmzD9qOTlmvfgkQvVym09/Tdc=,zuuD7NJgbvfvpUQLYENxbvyNXBc=
65,38,rpVoOvpl5JQ9hRmSdHV469v7ZIo=,zuuD7NJgbvfvpUQLYENxbvyNXBc=
73,33,rpVoOvpl5JQ9hRmSdHV469v7ZIo=,zuuD7NJgbvfvpUQLYENxbvyNXBc=
74,34,rpVoOvpl5JQ9hRmSdHV469v7ZIo=,zuuD7NJgbvfvpUQLYENxbvyNXBc=
67,34,rpVoOvpl5JQ9hRmSdHV469v7ZIo=,zuuD7NJgbvfvpUQLYENxbvyNXBc=
71,37,rpVoOvpl5JQ9hRmSdHV469v7ZIo=,zuuD7NJgbvfvpUQLYENxbvyNXBc=
74,36,rpVoOvpl5JQ9hRmSdHV469v7ZIo=,zuuD7NJgbvfvpUQLYENxbvyNXBc=
69,39,rpVoOvpl5JQ9hRmSdHV469v7ZIo=,zuuD7NJgbvfvpUQLYENxbvyNXBc=
74,35,rpVoOvpl5JQ9hRmSdHV469v7ZIo=,zuuD7NJgbvfvpUQLYENxbvyNXBc=
68,39,rpVoOvpl5JQ9hRmSdHV469v7ZIo=,zuuD7NJgbvfvpUQLYENxbvyNXBc=
73,34,rpVoOvpl5JQ9hRmSdHV469v7ZIo=,zuuD7NJgbvfvpUQLYENxbvyNXBc=
74,38,rpVoOvpl5JQ9hRmSdHV469v7ZIo=,zuuD7NJgbvfvpUQLYENxbvyNXBc=
73,38,rpVoOvpl5JQ9hRmSdHV469v7ZIo=,zuuD7NJgbvfvpUQLYENxbvyNXBc=
72,38,rpVoOvpl5JQ9hRmSdHV469v7ZIo=,zuuD7NJgbvfvpUQLYENxbvyNXBc=
74,39,rpVoOvpl5JQ9hRmSdHV469v7ZIo=,zuuD7NJgbvfvpUQLYENxbvyNXBc=
67,37,rpVoOvpl5JQ9hRmSdHV469v7ZIo=,zuuD7NJgbvfvpUQLYENxbvyNXBc=
72,33,rpVoOvpl5JQ9hRmSdHV469v7ZIo=,zuuD7NJgbvfvpUQLYENxbvyNXBc=
66,34,rpVoOvpl5JQ9hRmSdHV469v7ZIo=,zuuD7NJgbvfvpUQLYENxbvyNXBc=
64,34,rpVoOvpl5JQ9hRmSdHV469v7ZIo=,zuuD7NJgbvfvpUQLYENxbvyNXBc=
71,38,rpVoOvpl5JQ9hRmSdHV469v7ZIo=,zuuD7NJgbvfvpUQLYENxbvyNXBc=
67,39,rpVoOvpl5JQ9hRmSdHV469v7ZIo=,zuuD7NJgbvfvpUQLYENxbvyNXBc=
66,37,rpVoOvpl5JQ9hRmSdHV469v7ZIo=,zuuD7NJgbvfvpUQLYENxbvyNXBc=
71,33,rpVoOvpl5JQ9hRmSdHV469v7ZIo=,zuuD7NJgbvfvpUQLYENxbvyNXBc=
70,33,rpVoOvpl5JQ9hRmSdHV469v7ZIo=,zuuD7NJgbvfvpUQLYENxbvyNXBc=
65,37,rpVoOvpl5JQ9hRmSdHV469v7ZIo=,zuuD7NJgbvfvpUQLYENxbvyNXBc=
65,34,rpVoOvpl5JQ9hRmSdHV469v7ZIo=,zuuD7NJgbvfvpUQLYENxbvyNXBc=
73,39,rpVoOvpl5JQ9hRmSdHV469v7ZIo=,zuuD7NJgbvfvpUQLYENxbvyNXBc=
72,36,rpVoOvpl5JQ9hRmSdHV469v7ZIo=,zuuD7NJgbvfvpUQLYENxbvyNXBc=
66,39,rpVoOvpl5JQ9hRmSdHV469v7ZIo=,zuuD7NJgbvfvpUQLYENxbvyNXBc=
64,37,rpVoOvpl5JQ9hRmSdHV469v7ZIo=,zuuD7NJgbvfvpUQLYENxbvyNXBc=
71,36,rpVoOvpl5JQ9hRmSdHV469v7ZIo=,zuuD7NJgbvfvpUQLYENxbvyNXBc=
70,36,rpVoOvpl5JQ9hRmSdHV469v7ZIo=,zuuD7NJgbvfvpUQLYENxbvyNXBc=
70,38,rpVoOvpl5JQ9hRmSdHV469v7ZIo=,zuuD7NJgbvfvpUQLYENxbvyNXBc=
69,38,rpVoOvpl5JQ9hRmSdHV469v7ZIo=,zuuD7NJgbvfvpUQLYENxbvyNXBc=
69,33,rpVoOvpl5JQ9hRmSdHV469v7ZIo=,zuuD7NJgbvfvpUQLYENxbvyNXBc=
67,33,rpVoOvpl5JQ9hRmSdHV469v7ZIo=,zuuD7NJgbvfvpUQLYENxbvyNXBc=
73,35,rpVoOvpl5JQ9hRmSdHV469v7ZIo=,zuuD7NJgbvfvpUQLYENxbvyNXBc=
72,35,rpVoOvpl5JQ9hRmSdHV469v7ZIo=,zuuD7NJgbvfvpUQLYENxbvyNXBc=
73,37,rpVoOvpl5JQ9hRmSdHV469v7ZIo=,zuuD7NJgbvfvpUQLYENxbvyNXBc=
72,37,rpVoOvpl5JQ9hRmSdHV469v7ZIo=,zuuD7NJgbvfvpUQLYENxbvyNXBc=
72,39,rpVoOvpl5JQ9hRmSdHV469v7ZIo=,zuuD7NJgbvfvpUQLYENxbvyNXBc=
68,33,rpVoOvpl5JQ9hRmSdHV469v7ZIo=,zuuD7NJgbvfvpUQLYENxbvyNXBc=
66,33,rpVoOvpl5JQ9hRmSdHV469v7ZIo=,zuuD7NJgbvfvpUQLYENxbvyNXBc=
74,32,rpVoOvpl5JQ9hRmSdHV469v7ZIo=,zuuD7NJgbvfvpUQLYENxbvyNXBc=
68,34,rpVoOvpl5JQ9hRmSdHV469v7ZIo=,zuuD7NJgbvfvpUQLYENxbvyNXBc=
73,32,rpVoOvpl5JQ9hRmSdHV469v7ZIo=,zuuD7NJgbvfvpUQLYENxbvyNXBc=
70,32,rpVoOvpl5JQ9hRmSdHV469v7ZIo=,zuuD7NJgbvfvpUQLYENxbvyNXBc=
71,32,rpVoOvpl5JQ9hRmSdHV469v7ZIo=,zuuD7NJgbvfvpUQLYENxbvyNXBc=
68,38,rpVoOvpl5JQ9hRmSdHV469v7ZIo=,zuuD7NJgbvfvpUQLYENxbvyNXBc=
67,38,rpVoOvpl5JQ9hRmSdHV469v7ZIo=,zuuD7NJgbvfvpUQLYENxbvyNXBc=
69,36,rpVoOvpl5JQ9hRmSdHV469v7ZIo=,zuuD7NJgbvfvpUQLYENxbvyNXBc=
72,32,rpVoOvpl5JQ9hRmSdHV469v7ZIo=,zuuD7NJgbvfvpUQLYENxbvyNXBc=
68,36,rpVoOvpl5JQ9hRmSdHV469v7ZIo=,zuuD7NJgbvfvpUQLYENxbvyNXBc=
66,38,rpVoOvpl5JQ9hRmSdHV469v7ZIo=,zuuD7NJgbvfvpUQLYENxbvyNXBc=
67,36,rpVoOvpl5JQ9hRmSdHV469v7ZIo=,zuuD7NJgbvfvpUQLYENxbvyNXBc=
66,36,rpVoOvpl5JQ9hRmSdHV469v7ZIo=,zuuD7NJgbvfvpUQLYENxbvyNXBc=
65,39,rpVoOvpl5JQ9hRmSdHV469v7ZIo=,zuuD7NJgbvfvpUQLYENxbvyNXBc=
70,37,rpVoOvpl5JQ9hRmSdHV469v7ZIo=,zuuD7NJgbvfvpUQLYENxbvyNXBc=
69,37,rpVoOvpl5JQ9hRmSdHV469v7ZIo=,zuuD7NJgbvfvpUQLYENxbvyNXBc=
68,37,rpVoOvpl5JQ9hRmSdHV469v7ZIo=,zuuD7NJgbvfvpUQLYENxbvyNXBc=
65,36,rpVoOvpl5JQ9hRmSdHV469v7ZIo=,zuuD7NJgbvfvpUQLYENxbvyNXBc=
64,36,rpVoOvpl5JQ9hRmSdHV469v7ZIo=,zuuD7NJgbvfvpUQLYENxbvyNXBc=
71,35,rpVoOvpl5JQ9hRmSdHV469v7ZIo=,zuuD7NJgbvfvpUQLYENxbvyNXBc=
69,32,rpVoOvpl5JQ9hRmSdHV469v7ZIo=,zuuD7NJgbvfvpUQLYENxbvyNXBc=
64,39,rpVoOvpl5JQ9hRmSdHV469v7ZIo=,zuuD7NJgbvfvpUQLYENxbvyNXBc=
70,35,rpVoOvpl5JQ9hRmSdHV469v7ZIo=,zuuD7NJgbvfvpUQLYENxbvyNXBc=
69,35,rpVoOvpl5JQ9hRmSdHV469v7ZIo=,zuuD7NJgbvfvpUQLYENxbvyNXBc=
71,39,rpVoOvpl5JQ9hRmSdHV469v7ZIo=,zuuD7NJgbvfvpUQLYENxbvyNXBc=
74,37,rpVoOvpl5JQ9hRmSdHV469v7ZIo=,zuuD7NJgbvfvpUQLYENxbvyNXBc=
66,32,rpVoOvpl5JQ9hRmSdHV469v7ZIo=,zuuD7NJgbvfvpUQLYENxbvyNXBc=
68,35,rpVoOvpl5JQ9hRmSdHV469v7ZIo=,zuuD7NJgbvfvpUQLYENxbvyNXBc=
67,32,rpVoOvpl5JQ9hRmSdHV469v7ZIo=,zuuD7NJgbvfvpUQLYENxbvyNXBc=
70,39,rpVoOvpl5JQ9hRmSdHV469v7ZIo=,zuuD7NJgbvfvpUQLYENxbvyNXBc=
74,33,rpVoOvpl5JQ9hRmSdHV469v7ZIo=,zuuD7NJgbvfvpUQLYENxbvyNXBc=
67,35,rpVoOvpl5JQ9hRmSdHV469v7ZIo=,zuuD7NJgbvfvpUQLYENxbvyNXBc=
71,34,rpVoOvpl5JQ9hRmSdHV469v7ZIo=,zuuD7NJgbvfvpUQLYENxbvyNXBc=
70,34,rpVoOvpl5JQ9hRmSdHV469v7ZIo=,zuuD7NJgbvfvpUQLYENxbvyNXBc=
64,32,rpVoOvpl5JQ9hRmSdHV469v7ZIo=,zuuD7NJgbvfvpUQLYENxbvyNXBc=
69,34,rpVoOvpl5JQ9hRmSdHV469v7ZIo=,zuuD7NJgbvfvpUQLYENxbvyNXBc=
65,33,rpVoOvpl5JQ9hRmSdHV469v7ZIo=,zuuD7NJgbvfvpUQLYENxbvyNXBc=
64,35,rpVoOvpl5JQ9hRmSdHV469v7ZIo=,zuuD7NJgbvfvpUQLYENxbvyNXBc=
65,35,rpVoOvpl5JQ9hRmSdHV469v7ZIo=,zuuD7NJgbvfvpUQLYENxbvyNXBc=
64,33,rpVoOvpl5JQ9hRmSdHV469v7ZIo=,zuuD7NJgbvfvpUQLYENxbvyNXBc=
66,35,rpVoOvpl5JQ9hRmSdHV469v7ZIo=,zuuD7NJgbvfvpUQLYENxbvyNXBc=
68,32,rpVoOvpl5JQ9hRmSdHV469v7ZIo=,zuuD7NJgbvfvpUQLYENxbvyNXBc=
65,32,rpVoOvpl5JQ9hRmSdHV469v7ZIo=,zuuD7NJgbvfvpUQLYENxbvyNXBc=
64,38,rpVoOvpl5JQ9hRmSdHV469v7ZIo=,zuuD7NJgbvfvpUQLYENxbvyNXBc=
72,34,rpVoOvpl5JQ9hRmSdHV469v7ZIo=,zuuD7NJgbvfvpUQLYENxbvyNXBc=
73,36,rpVoOvpl5JQ9hRmSdHV469v7ZIo=,zuuD7NJgbvfvpUQLYENxbvyNXBc=
