13,-20,YI1g2GZq+IsifPKRJ4qNhaG+fUg=,6qGsL0KAaLoB/y+IB6gMRdHA5lo=
15,-17,YI1g2GZq+IsifPKRJ4qNhaG+fUg=,6qGsL0KAaLoB/y+IB6gMRdHA5lo=
12,-20,YI1g2GZq+IsifPKRJ4qNhaG+fUg=,6qGsL0KAaLoB/y+IB6gMRdHA5lo=
11,-19,YI1g2GZq+IsifPKRJ4qNhaG+fUg=,6qGsL0KAaLoB/y+IB6gMRdHA5lo=
11,-20,YI1g2GZq+IsifPKRJ4qNhaG+fUg=,6qGsL0KAaLoB/y+IB6gMRdHA5lo=
15,-24,YI1g2GZq+IsifPKRJ4qNhaG+fUg=,6qGsL0KAaLoB/y+IB6gMRdHA5lo=
14,-24,YI1g2GZq+IsifPKRJ4qNhaG+fUg=,6qGsL0KAaLoB/y+IB6gMRdHA5lo=
15,-18,YI1g2GZq+IsifPKRJ4qNhaG+fUg=,6qGsL0KAaLoB/y+IB6gMRdHA5lo=
14,-18,YI1g2GZq+IsifPKRJ4qNhaG+fUg=,6qGsL0KAaLoB/y+IB6gMRdHA5lo=
13,-24,YI1g2GZq+IsifPKRJ4qNhaG+fUg=,6qGsL0KAaLoB/y+IB6gMRdHA5lo=
12,-24,YI1g2GZq+IsifPKRJ4qNhaG+fUg=,6qGsL0KAaLoB/y+IB6gMRdHA5lo=
13,-23,YI1g2GZq+IsifPKRJ4qNhaG+fUg=,6qGsL0KAaLoB/y+IB6gMRdHA5lo=
11,-24,YI1g2GZq+IsifPKRJ4qNhaG+fUg=,6qGsL0KAaLoB/y+IB6gMRdHA5lo=
12,-23,YI1g2GZq+IsifPKRJ4qNhaG+fUg=,6qGsL0KAaLoB/y+IB6gMRdHA5lo=
15,-21,6ByzjE0RyVggvwzcTtCrUhda8aM=,6qGsL0KAaLoB/y+IB6gMRdHA5lo=
14,-21,YI1g2GZq+IsifPKRJ4qNhaG+fUg=,6qGsL0KAaLoB/y+IB6gMRdHA5lo=
13,-18,YI1g2GZq+IsifPKRJ4qNhaG+fUg=,6qGsL0KAaLoB/y+IB6gMRdHA5lo=
12,-18,YI1g2GZq+IsifPKRJ4qNhaG+fUg=,6qGsL0KAaLoB/y+IB6gMRdHA5lo=
11,-18,YI1g2GZq+IsifPKRJ4qNhaG+fUg=,6qGsL0KAaLoB/y+IB6gMRdHA5lo=
14,-17,YI1g2GZq+IsifPKRJ4qNhaG+fUg=,6qGsL0KAaLoB/y+IB6gMRdHA5lo=
11,-23,YI1g2GZq+IsifPKRJ4qNhaG+fUg=,6qGsL0KAaLoB/y+IB6gMRdHA5lo=
12,-21,YI1g2GZq+IsifPKRJ4qNhaG+fUg=,6qGsL0KAaLoB/y+IB6gMRdHA5lo=
13,-21,YI1g2GZq+IsifPKRJ4qNhaG+fUg=,6qGsL0KAaLoB/y+IB6gMRdHA5lo=
11,-21,YI1g2GZq+IsifPKRJ4qNhaG+fUg=,6qGsL0KAaLoB/y+IB6gMRdHA5lo=
15,-19,YI1g2GZq+IsifPKRJ4qNhaG+fUg=,6qGsL0KAaLoB/y+IB6gMRdHA5lo=
14,-19,YI1g2GZq+IsifPKRJ4qNhaG+fUg=,6qGsL0KAaLoB/y+IB6gMRdHA5lo=
15,-22,YI1g2GZq+IsifPKRJ4qNhaG+fUg=,6qGsL0KAaLoB/y+IB6gMRdHA5lo=
13,-19,YI1g2GZq+IsifPKRJ4qNhaG+fUg=,6qGsL0KAaLoB/y+IB6gMRdHA5lo=
15,-20,YI1g2GZq+IsifPKRJ4qNhaG+fUg=,6qGsL0KAaLoB/y+IB6gMRdHA5lo=
14,-20,YI1g2GZq+IsifPKRJ4qNhaG+fUg=,6qGsL0KAaLoB/y+IB6gMRdHA5lo=
14,-22,YI1g2GZq+IsifPKRJ4qNhaG+fUg=,6qGsL0KAaLoB/y+IB6gMRdHA5lo=
13,-22,YI1g2GZq+IsifPKRJ4qNhaG+fUg=,6qGsL0KAaLoB/y+IB6gMRdHA5lo=
12,-22,YI1g2GZq+IsifPKRJ4qNhaG+fUg=,6qGsL0KAaLoB/y+IB6gMRdHA5lo=
13,-17,YI1g2GZq+IsifPKRJ4qNhaG+fUg=,6qGsL0KAaLoB/y+IB6gMRdHA5lo=
11,-22,YI1g2GZq+IsifPKRJ4qNhaG+fUg=,6qGsL0KAaLoB/y+IB6gMRdHA5lo=
12,-19,YI1g2GZq+IsifPKRJ4qNhaG+fUg=,6qGsL0KAaLoB/y+IB6gMRdHA5lo=
15,-23,YI1g2GZq+IsifPKRJ4qNhaG+fUg=,6qGsL0KAaLoB/y+IB6gMRdHA5lo=
14,-23,YI1g2GZq+IsifPKRJ4qNhaG+fUg=,6qGsL0KAaLoB/y+IB6gMRdHA5lo=
12,-17,YI1g2GZq+IsifPKRJ4qNhaG+fUg=,6qGsL0KAaLoB/y+IB6gMRdHA5lo=
11,-17,YI1g2GZq+IsifPKRJ4qNhaG+fUg=,6qGsL0KAaLoB/y+IB6gMRdHA5lo=
2,-20,AZVbr3M4tKOuesCqvPfD7vTLLLI=,6qGsL0KAaLoB/y+IB6gMRdHA5lo=
3,-20,AZVbr3M4tKOuesCqvPfD7vTLLLI=,6qGsL0KAaLoB/y+IB6gMRdHA5lo=
1,-20,AZVbr3M4tKOuesCqvPfD7vTLLLI=,6qGsL0KAaLoB/y+IB6gMRdHA5lo=
10,-20,YI1g2GZq+IsifPKRJ4qNhaG+fUg=,6qGsL0KAaLoB/y+IB6gMRdHA5lo=
10,-17,YI1g2GZq+IsifPKRJ4qNhaG+fUg=,6qGsL0KAaLoB/y+IB6gMRdHA5lo=
0,-21,AZVbr3M4tKOuesCqvPfD7vTLLLI=,6qGsL0KAaLoB/y+IB6gMRdHA5lo=
1,-21,AZVbr3M4tKOuesCqvPfD7vTLLLI=,6qGsL0KAaLoB/y+IB6gMRdHA5lo=
1,-22,AZVbr3M4tKOuesCqvPfD7vTLLLI=,6qGsL0KAaLoB/y+IB6gMRdHA5lo=
9,-20,YI1g2GZq+IsifPKRJ4qNhaG+fUg=,6qGsL0KAaLoB/y+IB6gMRdHA5lo=
7,-24,YI1g2GZq+IsifPKRJ4qNhaG+fUg=,6qGsL0KAaLoB/y+IB6gMRdHA5lo=
10,-24,YI1g2GZq+IsifPKRJ4qNhaG+fUg=,6qGsL0KAaLoB/y+IB6gMRdHA5lo=
6,-24,YI1g2GZq+IsifPKRJ4qNhaG+fUg=,6qGsL0KAaLoB/y+IB6gMRdHA5lo=
8,-20,YI1g2GZq+IsifPKRJ4qNhaG+fUg=,6qGsL0KAaLoB/y+IB6gMRdHA5lo=
5,-24,YI1g2GZq+IsifPKRJ4qNhaG+fUg=,6qGsL0KAaLoB/y+IB6gMRdHA5lo=
0,-22,AZVbr3M4tKOuesCqvPfD7vTLLLI=,6qGsL0KAaLoB/y+IB6gMRdHA5lo=
3,-24,AZVbr3M4tKOuesCqvPfD7vTLLLI=,6qGsL0KAaLoB/y+IB6gMRdHA5lo=
7,-23,6ByzjE0RyVggvwzcTtCrUhda8aM=,6qGsL0KAaLoB/y+IB6gMRdHA5lo=
6,-23,YI1g2GZq+IsifPKRJ4qNhaG+fUg=,6qGsL0KAaLoB/y+IB6gMRdHA5lo=
2,-24,AZVbr3M4tKOuesCqvPfD7vTLLLI=,6qGsL0KAaLoB/y+IB6gMRdHA5lo=
1,-24,AZVbr3M4tKOuesCqvPfD7vTLLLI=,6qGsL0KAaLoB/y+IB6gMRdHA5lo=
0,-24,AZVbr3M4tKOuesCqvPfD7vTLLLI=,6qGsL0KAaLoB/y+IB6gMRdHA5lo=
9,-24,YI1g2GZq+IsifPKRJ4qNhaG+fUg=,6qGsL0KAaLoB/y+IB6gMRdHA5lo=
8,-24,YI1g2GZq+IsifPKRJ4qNhaG+fUg=,6qGsL0KAaLoB/y+IB6gMRdHA5lo=
0,-20,AZVbr3M4tKOuesCqvPfD7vTLLLI=,6qGsL0KAaLoB/y+IB6gMRdHA5lo=
6,-19,YI1g2GZq+IsifPKRJ4qNhaG+fUg=,6qGsL0KAaLoB/y+IB6gMRdHA5lo=
5,-19,YI1g2GZq+IsifPKRJ4qNhaG+fUg=,6qGsL0KAaLoB/y+IB6gMRdHA5lo=
7,-19,YI1g2GZq+IsifPKRJ4qNhaG+fUg=,6qGsL0KAaLoB/y+IB6gMRdHA5lo=
0,-23,AZVbr3M4tKOuesCqvPfD7vTLLLI=,6qGsL0KAaLoB/y+IB6gMRdHA5lo=
10,-19,YI1g2GZq+IsifPKRJ4qNhaG+fUg=,6qGsL0KAaLoB/y+IB6gMRdHA5lo=
3,-21,AZVbr3M4tKOuesCqvPfD7vTLLLI=,6qGsL0KAaLoB/y+IB6gMRdHA5lo=
8,-17,YI1g2GZq+IsifPKRJ4qNhaG+fUg=,6qGsL0KAaLoB/y+IB6gMRdHA5lo=
4,-21,AZVbr3M4tKOuesCqvPfD7vTLLLI=,6qGsL0KAaLoB/y+IB6gMRdHA5lo=
8,-22,YI1g2GZq+IsifPKRJ4qNhaG+fUg=,6qGsL0KAaLoB/y+IB6gMRdHA5lo=
9,-22,YI1g2GZq+IsifPKRJ4qNhaG+fUg=,6qGsL0KAaLoB/y+IB6gMRdHA5lo=
1,-23,AZVbr3M4tKOuesCqvPfD7vTLLLI=,6qGsL0KAaLoB/y+IB6gMRdHA5lo=
2,-23,AZVbr3M4tKOuesCqvPfD7vTLLLI=,6qGsL0KAaLoB/y+IB6gMRdHA5lo=
0,-18,AZVbr3M4tKOuesCqvPfD7vTLLLI=,6qGsL0KAaLoB/y+IB6gMRdHA5lo=
4,-20,AZVbr3M4tKOuesCqvPfD7vTLLLI=,6qGsL0KAaLoB/y+IB6gMRdHA5lo=
5,-20,YI1g2GZq+IsifPKRJ4qNhaG+fUg=,6qGsL0KAaLoB/y+IB6gMRdHA5lo=
8,-23,6ByzjE0RyVggvwzcTtCrUhda8aM=,6qGsL0KAaLoB/y+IB6gMRdHA5lo=
6,-20,YI1g2GZq+IsifPKRJ4qNhaG+fUg=,6qGsL0KAaLoB/y+IB6gMRdHA5lo=
10,-22,YI1g2GZq+IsifPKRJ4qNhaG+fUg=,6qGsL0KAaLoB/y+IB6gMRdHA5lo=
5,-17,YI1g2GZq+IsifPKRJ4qNhaG+fUg=,6qGsL0KAaLoB/y+IB6gMRdHA5lo=
4,-17,AZVbr3M4tKOuesCqvPfD7vTLLLI=,6qGsL0KAaLoB/y+IB6gMRdHA5lo=
2,-17,AZVbr3M4tKOuesCqvPfD7vTLLLI=,6qGsL0KAaLoB/y+IB6gMRdHA5lo=
10,-23,YI1g2GZq+IsifPKRJ4qNhaG+fUg=,6qGsL0KAaLoB/y+IB6gMRdHA5lo=
7,-21,YI1g2GZq+IsifPKRJ4qNhaG+fUg=,6qGsL0KAaLoB/y+IB6gMRdHA5lo=
3,-17,AZVbr3M4tKOuesCqvPfD7vTLLLI=,6qGsL0KAaLoB/y+IB6gMRdHA5lo=
5,-23,YI1g2GZq+IsifPKRJ4qNhaG+fUg=,6qGsL0KAaLoB/y+IB6gMRdHA5lo=
9,-19,YI1g2GZq+IsifPKRJ4qNhaG+fUg=,6qGsL0KAaLoB/y+IB6gMRdHA5lo=
4,-23,AZVbr3M4tKOuesCqvPfD7vTLLLI=,6qGsL0KAaLoB/y+IB6gMRdHA5lo=
3,-23,AZVbr3M4tKOuesCqvPfD7vTLLLI=,6qGsL0KAaLoB/y+IB6gMRdHA5lo=
0,-17,7/2nbUFj7dYHg5rHO+PoyEWVutQ=,6qGsL0KAaLoB/y+IB6gMRdHA5lo=
10,-18,YI1g2GZq+IsifPKRJ4qNhaG+fUg=,6qGsL0KAaLoB/y+IB6gMRdHA5lo=
0,-19,7/2nbUFj7dYHg5rHO+PoyEWVutQ=,6qGsL0KAaLoB/y+IB6gMRdHA5lo=
7,-20,YI1g2GZq+IsifPKRJ4qNhaG+fUg=,6qGsL0KAaLoB/y+IB6gMRdHA5lo=
6,-21,YI1g2GZq+IsifPKRJ4qNhaG+fUg=,6qGsL0KAaLoB/y+IB6gMRdHA5lo=
10,-21,YI1g2GZq+IsifPKRJ4qNhaG+fUg=,6qGsL0KAaLoB/y+IB6gMRdHA5lo=
1,-19,AZVbr3M4tKOuesCqvPfD7vTLLLI=,6qGsL0KAaLoB/y+IB6gMRdHA5lo=
9,-18,YI1g2GZq+IsifPKRJ4qNhaG+fUg=,6qGsL0KAaLoB/y+IB6gMRdHA5lo=
7,-17,YI1g2GZq+IsifPKRJ4qNhaG+fUg=,6qGsL0KAaLoB/y+IB6gMRdHA5lo=
5,-21,YI1g2GZq+IsifPKRJ4qNhaG+fUg=,6qGsL0KAaLoB/y+IB6gMRdHA5lo=
6,-18,YI1g2GZq+IsifPKRJ4qNhaG+fUg=,6qGsL0KAaLoB/y+IB6gMRdHA5lo=
1,-17,AZVbr3M4tKOuesCqvPfD7vTLLLI=,6qGsL0KAaLoB/y+IB6gMRdHA5lo=
6,-17,YI1g2GZq+IsifPKRJ4qNhaG+fUg=,6qGsL0KAaLoB/y+IB6gMRdHA5lo=
7,-22,YI1g2GZq+IsifPKRJ4qNhaG+fUg=,6qGsL0KAaLoB/y+IB6gMRdHA5lo=
9,-21,YI1g2GZq+IsifPKRJ4qNhaG+fUg=,6qGsL0KAaLoB/y+IB6gMRdHA5lo=
8,-21,YI1g2GZq+IsifPKRJ4qNhaG+fUg=,6qGsL0KAaLoB/y+IB6gMRdHA5lo=
6,-22,YI1g2GZq+IsifPKRJ4qNhaG+fUg=,6qGsL0KAaLoB/y+IB6gMRdHA5lo=
5,-22,YI1g2GZq+IsifPKRJ4qNhaG+fUg=,6qGsL0KAaLoB/y+IB6gMRdHA5lo=
4,-22,AZVbr3M4tKOuesCqvPfD7vTLLLI=,6qGsL0KAaLoB/y+IB6gMRdHA5lo=
5,-18,6ByzjE0RyVggvwzcTtCrUhda8aM=,6qGsL0KAaLoB/y+IB6gMRdHA5lo=
2,-19,AZVbr3M4tKOuesCqvPfD7vTLLLI=,6qGsL0KAaLoB/y+IB6gMRdHA5lo=
9,-23,YI1g2GZq+IsifPKRJ4qNhaG+fUg=,6qGsL0KAaLoB/y+IB6gMRdHA5lo=
8,-18,YI1g2GZq+IsifPKRJ4qNhaG+fUg=,6qGsL0KAaLoB/y+IB6gMRdHA5lo=
3,-22,AZVbr3M4tKOuesCqvPfD7vTLLLI=,6qGsL0KAaLoB/y+IB6gMRdHA5lo=
2,-22,AZVbr3M4tKOuesCqvPfD7vTLLLI=,6qGsL0KAaLoB/y+IB6gMRdHA5lo=
3,-18,AZVbr3M4tKOuesCqvPfD7vTLLLI=,6qGsL0KAaLoB/y+IB6gMRdHA5lo=
4,-19,AZVbr3M4tKOuesCqvPfD7vTLLLI=,6qGsL0KAaLoB/y+IB6gMRdHA5lo=
8,-19,YI1g2GZq+IsifPKRJ4qNhaG+fUg=,6qGsL0KAaLoB/y+IB6gMRdHA5lo=
4,-18,AZVbr3M4tKOuesCqvPfD7vTLLLI=,6qGsL0KAaLoB/y+IB6gMRdHA5lo=
1,-18,AZVbr3M4tKOuesCqvPfD7vTLLLI=,6qGsL0KAaLoB/y+IB6gMRdHA5lo=
7,-18,YI1g2GZq+IsifPKRJ4qNhaG+fUg=,6qGsL0KAaLoB/y+IB6gMRdHA5lo=
3,-19,AZVbr3M4tKOuesCqvPfD7vTLLLI=,6qGsL0KAaLoB/y+IB6gMRdHA5lo=
2,-18,AZVbr3M4tKOuesCqvPfD7vTLLLI=,6qGsL0KAaLoB/y+IB6gMRdHA5lo=
4,-24,AZVbr3M4tKOuesCqvPfD7vTLLLI=,6qGsL0KAaLoB/y+IB6gMRdHA5lo=
2,-21,AZVbr3M4tKOuesCqvPfD7vTLLLI=,6qGsL0KAaLoB/y+IB6gMRdHA5lo=
9,-17,YI1g2GZq+IsifPKRJ4qNhaG+fUg=,6qGsL0KAaLoB/y+IB6gMRdHA5lo=
11,-13,Pojz7jaeE6q1WhgPlEaqWQq6pj0=,KFfHzmtdzXIyB1jYSzpGggZD1pI=
12,-13,Pojz7jaeE6q1WhgPlEaqWQq6pj0=,KFfHzmtdzXIyB1jYSzpGggZD1pI=
11,-12,Pojz7jaeE6q1WhgPlEaqWQq6pj0=,KFfHzmtdzXIyB1jYSzpGggZD1pI=
12,-12,Pojz7jaeE6q1WhgPlEaqWQq6pj0=,KFfHzmtdzXIyB1jYSzpGggZD1pI=
12,-1,cpG0Duvg6qJ9ddtoIjuty+ppUC8=,KFfHzmtdzXIyB1jYSzpGggZD1pI=
12,-3,cpG0Duvg6qJ9ddtoIjuty+ppUC8=,KFfHzmtdzXIyB1jYSzpGggZD1pI=
11,-11,mdil0BfKNydiWLBmNRHSseCx8Yo=,KFfHzmtdzXIyB1jYSzpGggZD1pI=
11,-2,cpG0Duvg6qJ9ddtoIjuty+ppUC8=,KFfHzmtdzXIyB1jYSzpGggZD1pI=
12,-2,cpG0Duvg6qJ9ddtoIjuty+ppUC8=,KFfHzmtdzXIyB1jYSzpGggZD1pI=
11,-9,mdil0BfKNydiWLBmNRHSseCx8Yo=,KFfHzmtdzXIyB1jYSzpGggZD1pI=
12,-11,mdil0BfKNydiWLBmNRHSseCx8Yo=,KFfHzmtdzXIyB1jYSzpGggZD1pI=
11,-6,mdil0BfKNydiWLBmNRHSseCx8Yo=,KFfHzmtdzXIyB1jYSzpGggZD1pI=
12,-10,mdil0BfKNydiWLBmNRHSseCx8Yo=,KFfHzmtdzXIyB1jYSzpGggZD1pI=
12,-6,mdil0BfKNydiWLBmNRHSseCx8Yo=,KFfHzmtdzXIyB1jYSzpGggZD1pI=
11,-5,mdil0BfKNydiWLBmNRHSseCx8Yo=,KFfHzmtdzXIyB1jYSzpGggZD1pI=
11,-3,cpG0Duvg6qJ9ddtoIjuty+ppUC8=,KFfHzmtdzXIyB1jYSzpGggZD1pI=
11,-10,mdil0BfKNydiWLBmNRHSseCx8Yo=,KFfHzmtdzXIyB1jYSzpGggZD1pI=
15,-4,YYmCS2Epf3/d7S9DsInf2/L5HNw=,KFfHzmtdzXIyB1jYSzpGggZD1pI=
13,-4,YYmCS2Epf3/d7S9DsInf2/L5HNw=,KFfHzmtdzXIyB1jYSzpGggZD1pI=
11,-7,mdil0BfKNydiWLBmNRHSseCx8Yo=,KFfHzmtdzXIyB1jYSzpGggZD1pI=
12,-7,mdil0BfKNydiWLBmNRHSseCx8Yo=,KFfHzmtdzXIyB1jYSzpGggZD1pI=
14,-4,YYmCS2Epf3/d7S9DsInf2/L5HNw=,KFfHzmtdzXIyB1jYSzpGggZD1pI=
11,-1,cpG0Duvg6qJ9ddtoIjuty+ppUC8=,KFfHzmtdzXIyB1jYSzpGggZD1pI=
12,-4,mdil0BfKNydiWLBmNRHSseCx8Yo=,KFfHzmtdzXIyB1jYSzpGggZD1pI=
12,-8,mdil0BfKNydiWLBmNRHSseCx8Yo=,KFfHzmtdzXIyB1jYSzpGggZD1pI=
11,-4,mdil0BfKNydiWLBmNRHSseCx8Yo=,KFfHzmtdzXIyB1jYSzpGggZD1pI=
12,-9,qt0sQXbmmB2lZ7CSl/X+9JAbXks=,KFfHzmtdzXIyB1jYSzpGggZD1pI=
11,-8,mdil0BfKNydiWLBmNRHSseCx8Yo=,KFfHzmtdzXIyB1jYSzpGggZD1pI=
13,-5,YYmCS2Epf3/d7S9DsInf2/L5HNw=,KFfHzmtdzXIyB1jYSzpGggZD1pI=
14,-5,YYmCS2Epf3/d7S9DsInf2/L5HNw=,KFfHzmtdzXIyB1jYSzpGggZD1pI=
15,-5,YYmCS2Epf3/d7S9DsInf2/L5HNw=,KFfHzmtdzXIyB1jYSzpGggZD1pI=
12,-5,mdil0BfKNydiWLBmNRHSseCx8Yo=,KFfHzmtdzXIyB1jYSzpGggZD1pI=
4,-1,slCPSm6hUIrr27aPYlLRf8ccha0=,XOafExLQlszMH6zQNaIy/565lwE=
5,-1,jkobWq52gOKMRd0WkTTy5awjwXU=,XOafExLQlszMH6zQNaIy/565lwE=
6,-4,mdil0BfKNydiWLBmNRHSseCx8Yo=,XOafExLQlszMH6zQNaIy/565lwE=
8,-2,cpG0Duvg6qJ9ddtoIjuty+ppUC8=,KFfHzmtdzXIyB1jYSzpGggZD1pI=
9,-2,cpG0Duvg6qJ9ddtoIjuty+ppUC8=,KFfHzmtdzXIyB1jYSzpGggZD1pI=
10,-2,cpG0Duvg6qJ9ddtoIjuty+ppUC8=,KFfHzmtdzXIyB1jYSzpGggZD1pI=
6,-1,jkobWq52gOKMRd0WkTTy5awjwXU=,XOafExLQlszMH6zQNaIy/565lwE=
4,-3,slCPSm6hUIrr27aPYlLRf8ccha0=,XOafExLQlszMH6zQNaIy/565lwE=
3,-1,slCPSm6hUIrr27aPYlLRf8ccha0=,XOafExLQlszMH6zQNaIy/565lwE=
9,-5,mdil0BfKNydiWLBmNRHSseCx8Yo=,KFfHzmtdzXIyB1jYSzpGggZD1pI=
3,-3,slCPSm6hUIrr27aPYlLRf8ccha0=,XOafExLQlszMH6zQNaIy/565lwE=
10,-5,mdil0BfKNydiWLBmNRHSseCx8Yo=,KFfHzmtdzXIyB1jYSzpGggZD1pI=
4,-4,9v3zB/zbKptKNtD5itooopQQ048=,XOafExLQlszMH6zQNaIy/565lwE=
8,-5,mdil0BfKNydiWLBmNRHSseCx8Yo=,KFfHzmtdzXIyB1jYSzpGggZD1pI=
5,-4,9v3zB/zbKptKNtD5itooopQQ048=,XOafExLQlszMH6zQNaIy/565lwE=
9,-3,cpG0Duvg6qJ9ddtoIjuty+ppUC8=,KFfHzmtdzXIyB1jYSzpGggZD1pI=
3,-4,4jSMI/FzsTX1IvwQzMde31M2Yso=,XOafExLQlszMH6zQNaIy/565lwE=
10,-3,cpG0Duvg6qJ9ddtoIjuty+ppUC8=,KFfHzmtdzXIyB1jYSzpGggZD1pI=
8,-3,cpG0Duvg6qJ9ddtoIjuty+ppUC8=,KFfHzmtdzXIyB1jYSzpGggZD1pI=
10,-1,cpG0Duvg6qJ9ddtoIjuty+ppUC8=,KFfHzmtdzXIyB1jYSzpGggZD1pI=
7,-2,cpG0Duvg6qJ9ddtoIjuty+ppUC8=,XOafExLQlszMH6zQNaIy/565lwE=
7,-1,cpG0Duvg6qJ9ddtoIjuty+ppUC8=,XOafExLQlszMH6zQNaIy/565lwE=
6,-5,mdil0BfKNydiWLBmNRHSseCx8Yo=,XOafExLQlszMH6zQNaIy/565lwE=
4,-5,mdil0BfKNydiWLBmNRHSseCx8Yo=,XOafExLQlszMH6zQNaIy/565lwE=
3,-5,mdil0BfKNydiWLBmNRHSseCx8Yo=,XOafExLQlszMH6zQNaIy/565lwE=
6,-2,cpG0Duvg6qJ9ddtoIjuty+ppUC8=,XOafExLQlszMH6zQNaIy/565lwE=
7,-5,mdil0BfKNydiWLBmNRHSseCx8Yo=,XOafExLQlszMH6zQNaIy/565lwE=
5,-3,cpG0Duvg6qJ9ddtoIjuty+ppUC8=,XOafExLQlszMH6zQNaIy/565lwE=
10,-4,mdil0BfKNydiWLBmNRHSseCx8Yo=,KFfHzmtdzXIyB1jYSzpGggZD1pI=
5,-2,cpG0Duvg6qJ9ddtoIjuty+ppUC8=,XOafExLQlszMH6zQNaIy/565lwE=
5,-5,mdil0BfKNydiWLBmNRHSseCx8Yo=,XOafExLQlszMH6zQNaIy/565lwE=
4,-2,slCPSm6hUIrr27aPYlLRf8ccha0=,XOafExLQlszMH6zQNaIy/565lwE=
9,-4,mdil0BfKNydiWLBmNRHSseCx8Yo=,KFfHzmtdzXIyB1jYSzpGggZD1pI=
7,-3,cpG0Duvg6qJ9ddtoIjuty+ppUC8=,XOafExLQlszMH6zQNaIy/565lwE=
9,-1,cpG0Duvg6qJ9ddtoIjuty+ppUC8=,KFfHzmtdzXIyB1jYSzpGggZD1pI=
8,-1,cpG0Duvg6qJ9ddtoIjuty+ppUC8=,KFfHzmtdzXIyB1jYSzpGggZD1pI=
8,-4,mdil0BfKNydiWLBmNRHSseCx8Yo=,KFfHzmtdzXIyB1jYSzpGggZD1pI=
6,-3,cpG0Duvg6qJ9ddtoIjuty+ppUC8=,XOafExLQlszMH6zQNaIy/565lwE=
7,-4,mdil0BfKNydiWLBmNRHSseCx8Yo=,XOafExLQlszMH6zQNaIy/565lwE=
3,-2,slCPSm6hUIrr27aPYlLRf8ccha0=,XOafExLQlszMH6zQNaIy/565lwE=
7,-11,9v3zB/zbKptKNtD5itooopQQ048=,KFfHzmtdzXIyB1jYSzpGggZD1pI=
3,-12,9v3zB/zbKptKNtD5itooopQQ048=,KFfHzmtdzXIyB1jYSzpGggZD1pI=
8,-11,9v3zB/zbKptKNtD5itooopQQ048=,KFfHzmtdzXIyB1jYSzpGggZD1pI=
6,-11,9v3zB/zbKptKNtD5itooopQQ048=,KFfHzmtdzXIyB1jYSzpGggZD1pI=
5,-11,9v3zB/zbKptKNtD5itooopQQ048=,KFfHzmtdzXIyB1jYSzpGggZD1pI=
10,-11,4jSMI/FzsTX1IvwQzMde31M2Yso=,KFfHzmtdzXIyB1jYSzpGggZD1pI=
9,-11,4jSMI/FzsTX1IvwQzMde31M2Yso=,KFfHzmtdzXIyB1jYSzpGggZD1pI=
4,-11,9v3zB/zbKptKNtD5itooopQQ048=,KFfHzmtdzXIyB1jYSzpGggZD1pI=
7,-8,9v3zB/zbKptKNtD5itooopQQ048=,XOafExLQlszMH6zQNaIy/565lwE=
3,-10,9v3zB/zbKptKNtD5itooopQQ048=,KFfHzmtdzXIyB1jYSzpGggZD1pI=
6,-8,9v3zB/zbKptKNtD5itooopQQ048=,XOafExLQlszMH6zQNaIy/565lwE=
3,-8,9v3zB/zbKptKNtD5itooopQQ048=,XOafExLQlszMH6zQNaIy/565lwE=
5,-7,9v3zB/zbKptKNtD5itooopQQ048=,XOafExLQlszMH6zQNaIy/565lwE=
10,-6,9v3zB/zbKptKNtD5itooopQQ048=,KFfHzmtdzXIyB1jYSzpGggZD1pI=
9,-6,9v3zB/zbKptKNtD5itooopQQ048=,KFfHzmtdzXIyB1jYSzpGggZD1pI=
4,-8,9v3zB/zbKptKNtD5itooopQQ048=,XOafExLQlszMH6zQNaIy/565lwE=
10,-12,9v3zB/zbKptKNtD5itooopQQ048=,KFfHzmtdzXIyB1jYSzpGggZD1pI=
4,-7,9v3zB/zbKptKNtD5itooopQQ048=,XOafExLQlszMH6zQNaIy/565lwE=
8,-12,9v3zB/zbKptKNtD5itooopQQ048=,KFfHzmtdzXIyB1jYSzpGggZD1pI=
8,-9,4jSMI/FzsTX1IvwQzMde31M2Yso=,KFfHzmtdzXIyB1jYSzpGggZD1pI=
7,-12,9v3zB/zbKptKNtD5itooopQQ048=,KFfHzmtdzXIyB1jYSzpGggZD1pI=
9,-12,9v3zB/zbKptKNtD5itooopQQ048=,KFfHzmtdzXIyB1jYSzpGggZD1pI=
9,-10,4jSMI/FzsTX1IvwQzMde31M2Yso=,KFfHzmtdzXIyB1jYSzpGggZD1pI=
10,-10,4jSMI/FzsTX1IvwQzMde31M2Yso=,KFfHzmtdzXIyB1jYSzpGggZD1pI=
7,-9,9v3zB/zbKptKNtD5itooopQQ048=,KFfHzmtdzXIyB1jYSzpGggZD1pI=
8,-6,9v3zB/zbKptKNtD5itooopQQ048=,KFfHzmtdzXIyB1jYSzpGggZD1pI=
10,-7,9v3zB/zbKptKNtD5itooopQQ048=,KFfHzmtdzXIyB1jYSzpGggZD1pI=
8,-10,4jSMI/FzsTX1IvwQzMde31M2Yso=,KFfHzmtdzXIyB1jYSzpGggZD1pI=
5,-8,9v3zB/zbKptKNtD5itooopQQ048=,XOafExLQlszMH6zQNaIy/565lwE=
6,-9,9v3zB/zbKptKNtD5itooopQQ048=,KFfHzmtdzXIyB1jYSzpGggZD1pI=
7,-13,9v3zB/zbKptKNtD5itooopQQ048=,KFfHzmtdzXIyB1jYSzpGggZD1pI=
9,-9,4jSMI/FzsTX1IvwQzMde31M2Yso=,KFfHzmtdzXIyB1jYSzpGggZD1pI=
10,-13,9v3zB/zbKptKNtD5itooopQQ048=,KFfHzmtdzXIyB1jYSzpGggZD1pI=
3,-9,9v3zB/zbKptKNtD5itooopQQ048=,KFfHzmtdzXIyB1jYSzpGggZD1pI=
4,-9,9v3zB/zbKptKNtD5itooopQQ048=,KFfHzmtdzXIyB1jYSzpGggZD1pI=
5,-9,9v3zB/zbKptKNtD5itooopQQ048=,KFfHzmtdzXIyB1jYSzpGggZD1pI=
6,-12,9v3zB/zbKptKNtD5itooopQQ048=,KFfHzmtdzXIyB1jYSzpGggZD1pI=
9,-7,9v3zB/zbKptKNtD5itooopQQ048=,KFfHzmtdzXIyB1jYSzpGggZD1pI=
3,-7,9v3zB/zbKptKNtD5itooopQQ048=,XOafExLQlszMH6zQNaIy/565lwE=
10,-8,9v3zB/zbKptKNtD5itooopQQ048=,KFfHzmtdzXIyB1jYSzpGggZD1pI=
8,-8,9v3zB/zbKptKNtD5itooopQQ048=,KFfHzmtdzXIyB1jYSzpGggZD1pI=
4,-6,9v3zB/zbKptKNtD5itooopQQ048=,XOafExLQlszMH6zQNaIy/565lwE=
10,-9,4jSMI/FzsTX1IvwQzMde31M2Yso=,KFfHzmtdzXIyB1jYSzpGggZD1pI=
9,-8,9v3zB/zbKptKNtD5itooopQQ048=,KFfHzmtdzXIyB1jYSzpGggZD1pI=
5,-6,9v3zB/zbKptKNtD5itooopQQ048=,XOafExLQlszMH6zQNaIy/565lwE=
8,-7,9v3zB/zbKptKNtD5itooopQQ048=,KFfHzmtdzXIyB1jYSzpGggZD1pI=
9,-13,9v3zB/zbKptKNtD5itooopQQ048=,KFfHzmtdzXIyB1jYSzpGggZD1pI=
6,-6,9v3zB/zbKptKNtD5itooopQQ048=,XOafExLQlszMH6zQNaIy/565lwE=
4,-10,9v3zB/zbKptKNtD5itooopQQ048=,KFfHzmtdzXIyB1jYSzpGggZD1pI=
7,-6,9v3zB/zbKptKNtD5itooopQQ048=,XOafExLQlszMH6zQNaIy/565lwE=
3,-6,9v3zB/zbKptKNtD5itooopQQ048=,XOafExLQlszMH6zQNaIy/565lwE=
8,-13,9v3zB/zbKptKNtD5itooopQQ048=,KFfHzmtdzXIyB1jYSzpGggZD1pI=
4,-13,9v3zB/zbKptKNtD5itooopQQ048=,KFfHzmtdzXIyB1jYSzpGggZD1pI=
5,-12,9v3zB/zbKptKNtD5itooopQQ048=,KFfHzmtdzXIyB1jYSzpGggZD1pI=
5,-13,9v3zB/zbKptKNtD5itooopQQ048=,KFfHzmtdzXIyB1jYSzpGggZD1pI=
3,-13,9v3zB/zbKptKNtD5itooopQQ048=,KFfHzmtdzXIyB1jYSzpGggZD1pI=
6,-13,9v3zB/zbKptKNtD5itooopQQ048=,KFfHzmtdzXIyB1jYSzpGggZD1pI=
7,-10,9v3zB/zbKptKNtD5itooopQQ048=,KFfHzmtdzXIyB1jYSzpGggZD1pI=
5,-10,9v3zB/zbKptKNtD5itooopQQ048=,KFfHzmtdzXIyB1jYSzpGggZD1pI=
4,-12,9v3zB/zbKptKNtD5itooopQQ048=,KFfHzmtdzXIyB1jYSzpGggZD1pI=
7,-7,9v3zB/zbKptKNtD5itooopQQ048=,XOafExLQlszMH6zQNaIy/565lwE=
6,-7,9v3zB/zbKptKNtD5itooopQQ048=,XOafExLQlszMH6zQNaIy/565lwE=
6,-10,9v3zB/zbKptKNtD5itooopQQ048=,KFfHzmtdzXIyB1jYSzpGggZD1pI=
3,-11,9v3zB/zbKptKNtD5itooopQQ048=,KFfHzmtdzXIyB1jYSzpGggZD1pI=
12,-15,d7LAgLfxK6QCABaRwvjWPKOl86Y=,KFfHzmtdzXIyB1jYSzpGggZD1pI=
11,-14,d7LAgLfxK6QCABaRwvjWPKOl86Y=,KFfHzmtdzXIyB1jYSzpGggZD1pI=
12,-16,d7LAgLfxK6QCABaRwvjWPKOl86Y=,KFfHzmtdzXIyB1jYSzpGggZD1pI=
12,-14,d7LAgLfxK6QCABaRwvjWPKOl86Y=,KFfHzmtdzXIyB1jYSzpGggZD1pI=
11,-16,d7LAgLfxK6QCABaRwvjWPKOl86Y=,KFfHzmtdzXIyB1jYSzpGggZD1pI=
11,-15,d7LAgLfxK6QCABaRwvjWPKOl86Y=,KFfHzmtdzXIyB1jYSzpGggZD1pI=
14,-12,6kuEC6kiiIozhXyDhpp2wAK6dCE=,KFfHzmtdzXIyB1jYSzpGggZD1pI=
15,-12,6kuEC6kiiIozhXyDhpp2wAK6dCE=,KFfHzmtdzXIyB1jYSzpGggZD1pI=
14,-10,6kuEC6kiiIozhXyDhpp2wAK6dCE=,KFfHzmtdzXIyB1jYSzpGggZD1pI=
15,-10,6kuEC6kiiIozhXyDhpp2wAK6dCE=,KFfHzmtdzXIyB1jYSzpGggZD1pI=
13,-11,6kuEC6kiiIozhXyDhpp2wAK6dCE=,KFfHzmtdzXIyB1jYSzpGggZD1pI=
13,-12,6kuEC6kiiIozhXyDhpp2wAK6dCE=,KFfHzmtdzXIyB1jYSzpGggZD1pI=
14,-11,6kuEC6kiiIozhXyDhpp2wAK6dCE=,KFfHzmtdzXIyB1jYSzpGggZD1pI=
15,-11,6kuEC6kiiIozhXyDhpp2wAK6dCE=,KFfHzmtdzXIyB1jYSzpGggZD1pI=
13,-8,On+8sQ4z9eAx/fbkJeeUrSpBkQk=,KFfHzmtdzXIyB1jYSzpGggZD1pI=
14,-8,On+8sQ4z9eAx/fbkJeeUrSpBkQk=,KFfHzmtdzXIyB1jYSzpGggZD1pI=
15,-8,On+8sQ4z9eAx/fbkJeeUrSpBkQk=,KFfHzmtdzXIyB1jYSzpGggZD1pI=
13,-9,6kuEC6kiiIozhXyDhpp2wAK6dCE=,KFfHzmtdzXIyB1jYSzpGggZD1pI=
14,-9,6kuEC6kiiIozhXyDhpp2wAK6dCE=,KFfHzmtdzXIyB1jYSzpGggZD1pI=
14,-6,On+8sQ4z9eAx/fbkJeeUrSpBkQk=,KFfHzmtdzXIyB1jYSzpGggZD1pI=
15,-6,On+8sQ4z9eAx/fbkJeeUrSpBkQk=,KFfHzmtdzXIyB1jYSzpGggZD1pI=
13,-10,6kuEC6kiiIozhXyDhpp2wAK6dCE=,KFfHzmtdzXIyB1jYSzpGggZD1pI=
15,-9,6kuEC6kiiIozhXyDhpp2wAK6dCE=,KFfHzmtdzXIyB1jYSzpGggZD1pI=
15,-13,On+8sQ4z9eAx/fbkJeeUrSpBkQk=,KFfHzmtdzXIyB1jYSzpGggZD1pI=
14,-13,On+8sQ4z9eAx/fbkJeeUrSpBkQk=,KFfHzmtdzXIyB1jYSzpGggZD1pI=
13,-7,On+8sQ4z9eAx/fbkJeeUrSpBkQk=,KFfHzmtdzXIyB1jYSzpGggZD1pI=
13,-6,On+8sQ4z9eAx/fbkJeeUrSpBkQk=,KFfHzmtdzXIyB1jYSzpGggZD1pI=
13,-13,On+8sQ4z9eAx/fbkJeeUrSpBkQk=,KFfHzmtdzXIyB1jYSzpGggZD1pI=
15,-7,6kuEC6kiiIozhXyDhpp2wAK6dCE=,KFfHzmtdzXIyB1jYSzpGggZD1pI=
14,-7,On+8sQ4z9eAx/fbkJeeUrSpBkQk=,KFfHzmtdzXIyB1jYSzpGggZD1pI=
14,-14,d7LAgLfxK6QCABaRwvjWPKOl86Y=,KFfHzmtdzXIyB1jYSzpGggZD1pI=
13,-14,d7LAgLfxK6QCABaRwvjWPKOl86Y=,KFfHzmtdzXIyB1jYSzpGggZD1pI=
15,-15,d7LAgLfxK6QCABaRwvjWPKOl86Y=,KFfHzmtdzXIyB1jYSzpGggZD1pI=
14,-15,d7LAgLfxK6QCABaRwvjWPKOl86Y=,KFfHzmtdzXIyB1jYSzpGggZD1pI=
13,-15,d7LAgLfxK6QCABaRwvjWPKOl86Y=,KFfHzmtdzXIyB1jYSzpGggZD1pI=
15,-16,d7LAgLfxK6QCABaRwvjWPKOl86Y=,KFfHzmtdzXIyB1jYSzpGggZD1pI=
14,-16,d7LAgLfxK6QCABaRwvjWPKOl86Y=,KFfHzmtdzXIyB1jYSzpGggZD1pI=
13,-16,d7LAgLfxK6QCABaRwvjWPKOl86Y=,KFfHzmtdzXIyB1jYSzpGggZD1pI=
15,-14,d7LAgLfxK6QCABaRwvjWPKOl86Y=,KFfHzmtdzXIyB1jYSzpGggZD1pI=
2,-12,CIFmrgXGJsnwbMu0iomFS3uy3O4=,KFfHzmtdzXIyB1jYSzpGggZD1pI=
1,-13,CIFmrgXGJsnwbMu0iomFS3uy3O4=,KFfHzmtdzXIyB1jYSzpGggZD1pI=
2,-13,CIFmrgXGJsnwbMu0iomFS3uy3O4=,KFfHzmtdzXIyB1jYSzpGggZD1pI=
0,-13,CIFmrgXGJsnwbMu0iomFS3uy3O4=,KFfHzmtdzXIyB1jYSzpGggZD1pI=
1,-12,CIFmrgXGJsnwbMu0iomFS3uy3O4=,KFfHzmtdzXIyB1jYSzpGggZD1pI=
0,-12,CIFmrgXGJsnwbMu0iomFS3uy3O4=,KFfHzmtdzXIyB1jYSzpGggZD1pI=
13,-3,uYeJJRYYBqUnASeeA5aCOh3IEHA=,KFfHzmtdzXIyB1jYSzpGggZD1pI=
15,-1,uYeJJRYYBqUnASeeA5aCOh3IEHA=,KFfHzmtdzXIyB1jYSzpGggZD1pI=
14,-1,uYeJJRYYBqUnASeeA5aCOh3IEHA=,KFfHzmtdzXIyB1jYSzpGggZD1pI=
15,-2,uYeJJRYYBqUnASeeA5aCOh3IEHA=,KFfHzmtdzXIyB1jYSzpGggZD1pI=
13,-1,uYeJJRYYBqUnASeeA5aCOh3IEHA=,KFfHzmtdzXIyB1jYSzpGggZD1pI=
13,-2,uYeJJRYYBqUnASeeA5aCOh3IEHA=,KFfHzmtdzXIyB1jYSzpGggZD1pI=
14,-2,uYeJJRYYBqUnASeeA5aCOh3IEHA=,KFfHzmtdzXIyB1jYSzpGggZD1pI=
15,-3,uYeJJRYYBqUnASeeA5aCOh3IEHA=,KFfHzmtdzXIyB1jYSzpGggZD1pI=
14,-3,uYeJJRYYBqUnASeeA5aCOh3IEHA=,KFfHzmtdzXIyB1jYSzpGggZD1pI=
0,-10,CIFmrgXGJsnwbMu0iomFS3uy3O4=,KFfHzmtdzXIyB1jYSzpGggZD1pI=
2,-3,CIFmrgXGJsnwbMu0iomFS3uy3O4=,XOafExLQlszMH6zQNaIy/565lwE=
2,-8,CIFmrgXGJsnwbMu0iomFS3uy3O4=,XOafExLQlszMH6zQNaIy/565lwE=
0,-1,CIFmrgXGJsnwbMu0iomFS3uy3O4=,XOafExLQlszMH6zQNaIy/565lwE=
1,-8,CIFmrgXGJsnwbMu0iomFS3uy3O4=,XOafExLQlszMH6zQNaIy/565lwE=
1,-1,CIFmrgXGJsnwbMu0iomFS3uy3O4=,XOafExLQlszMH6zQNaIy/565lwE=
1,-11,CIFmrgXGJsnwbMu0iomFS3uy3O4=,KFfHzmtdzXIyB1jYSzpGggZD1pI=
1,-3,CIFmrgXGJsnwbMu0iomFS3uy3O4=,XOafExLQlszMH6zQNaIy/565lwE=
0,-8,CIFmrgXGJsnwbMu0iomFS3uy3O4=,XOafExLQlszMH6zQNaIy/565lwE=
2,-1,CIFmrgXGJsnwbMu0iomFS3uy3O4=,XOafExLQlszMH6zQNaIy/565lwE=
2,-11,CIFmrgXGJsnwbMu0iomFS3uy3O4=,KFfHzmtdzXIyB1jYSzpGggZD1pI=
1,-4,CIFmrgXGJsnwbMu0iomFS3uy3O4=,XOafExLQlszMH6zQNaIy/565lwE=
0,-11,CIFmrgXGJsnwbMu0iomFS3uy3O4=,KFfHzmtdzXIyB1jYSzpGggZD1pI=
2,-9,CIFmrgXGJsnwbMu0iomFS3uy3O4=,KFfHzmtdzXIyB1jYSzpGggZD1pI=
1,-5,CIFmrgXGJsnwbMu0iomFS3uy3O4=,XOafExLQlszMH6zQNaIy/565lwE=
2,-4,CIFmrgXGJsnwbMu0iomFS3uy3O4=,XOafExLQlszMH6zQNaIy/565lwE=
0,-3,CIFmrgXGJsnwbMu0iomFS3uy3O4=,XOafExLQlszMH6zQNaIy/565lwE=
0,-4,CIFmrgXGJsnwbMu0iomFS3uy3O4=,XOafExLQlszMH6zQNaIy/565lwE=
2,-5,CIFmrgXGJsnwbMu0iomFS3uy3O4=,XOafExLQlszMH6zQNaIy/565lwE=
0,-5,CIFmrgXGJsnwbMu0iomFS3uy3O4=,XOafExLQlszMH6zQNaIy/565lwE=
2,-7,CIFmrgXGJsnwbMu0iomFS3uy3O4=,XOafExLQlszMH6zQNaIy/565lwE=
1,-9,CIFmrgXGJsnwbMu0iomFS3uy3O4=,KFfHzmtdzXIyB1jYSzpGggZD1pI=
2,-2,CIFmrgXGJsnwbMu0iomFS3uy3O4=,XOafExLQlszMH6zQNaIy/565lwE=
2,-6,CIFmrgXGJsnwbMu0iomFS3uy3O4=,XOafExLQlszMH6zQNaIy/565lwE=
0,-6,CIFmrgXGJsnwbMu0iomFS3uy3O4=,XOafExLQlszMH6zQNaIy/565lwE=
0,-2,CIFmrgXGJsnwbMu0iomFS3uy3O4=,XOafExLQlszMH6zQNaIy/565lwE=
0,-9,CIFmrgXGJsnwbMu0iomFS3uy3O4=,KFfHzmtdzXIyB1jYSzpGggZD1pI=
2,-10,CIFmrgXGJsnwbMu0iomFS3uy3O4=,KFfHzmtdzXIyB1jYSzpGggZD1pI=
1,-10,CIFmrgXGJsnwbMu0iomFS3uy3O4=,KFfHzmtdzXIyB1jYSzpGggZD1pI=
1,-2,CIFmrgXGJsnwbMu0iomFS3uy3O4=,XOafExLQlszMH6zQNaIy/565lwE=
1,-7,CIFmrgXGJsnwbMu0iomFS3uy3O4=,XOafExLQlszMH6zQNaIy/565lwE=
1,-6,CIFmrgXGJsnwbMu0iomFS3uy3O4=,XOafExLQlszMH6zQNaIy/565lwE=
0,-7,CIFmrgXGJsnwbMu0iomFS3uy3O4=,XOafExLQlszMH6zQNaIy/565lwE=
0,-14,uYeJJRYYBqUnASeeA5aCOh3IEHA=,KFfHzmtdzXIyB1jYSzpGggZD1pI=
1,-14,uYeJJRYYBqUnASeeA5aCOh3IEHA=,KFfHzmtdzXIyB1jYSzpGggZD1pI=
7,-15,d7LAgLfxK6QCABaRwvjWPKOl86Y=,KFfHzmtdzXIyB1jYSzpGggZD1pI=
1,-15,uYeJJRYYBqUnASeeA5aCOh3IEHA=,KFfHzmtdzXIyB1jYSzpGggZD1pI=
7,-14,d7LAgLfxK6QCABaRwvjWPKOl86Y=,KFfHzmtdzXIyB1jYSzpGggZD1pI=
9,-14,d7LAgLfxK6QCABaRwvjWPKOl86Y=,KFfHzmtdzXIyB1jYSzpGggZD1pI=
2,-15,uYeJJRYYBqUnASeeA5aCOh3IEHA=,KFfHzmtdzXIyB1jYSzpGggZD1pI=
10,-15,d7LAgLfxK6QCABaRwvjWPKOl86Y=,KFfHzmtdzXIyB1jYSzpGggZD1pI=
5,-14,d7LAgLfxK6QCABaRwvjWPKOl86Y=,KFfHzmtdzXIyB1jYSzpGggZD1pI=
9,-16,d7LAgLfxK6QCABaRwvjWPKOl86Y=,KFfHzmtdzXIyB1jYSzpGggZD1pI=
9,-15,d7LAgLfxK6QCABaRwvjWPKOl86Y=,KFfHzmtdzXIyB1jYSzpGggZD1pI=
2,-14,uYeJJRYYBqUnASeeA5aCOh3IEHA=,KFfHzmtdzXIyB1jYSzpGggZD1pI=
10,-16,d7LAgLfxK6QCABaRwvjWPKOl86Y=,KFfHzmtdzXIyB1jYSzpGggZD1pI=
7,-16,d7LAgLfxK6QCABaRwvjWPKOl86Y=,KFfHzmtdzXIyB1jYSzpGggZD1pI=
2,-16,uYeJJRYYBqUnASeeA5aCOh3IEHA=,KFfHzmtdzXIyB1jYSzpGggZD1pI=
0,-16,uYeJJRYYBqUnASeeA5aCOh3IEHA=,KFfHzmtdzXIyB1jYSzpGggZD1pI=
3,-16,uYeJJRYYBqUnASeeA5aCOh3IEHA=,KFfHzmtdzXIyB1jYSzpGggZD1pI=
3,-14,uYeJJRYYBqUnASeeA5aCOh3IEHA=,KFfHzmtdzXIyB1jYSzpGggZD1pI=
4,-15,uYeJJRYYBqUnASeeA5aCOh3IEHA=,KFfHzmtdzXIyB1jYSzpGggZD1pI=
4,-14,uYeJJRYYBqUnASeeA5aCOh3IEHA=,KFfHzmtdzXIyB1jYSzpGggZD1pI=
1,-16,uYeJJRYYBqUnASeeA5aCOh3IEHA=,KFfHzmtdzXIyB1jYSzpGggZD1pI=
5,-15,d7LAgLfxK6QCABaRwvjWPKOl86Y=,KFfHzmtdzXIyB1jYSzpGggZD1pI=
4,-16,uYeJJRYYBqUnASeeA5aCOh3IEHA=,KFfHzmtdzXIyB1jYSzpGggZD1pI=
6,-15,d7LAgLfxK6QCABaRwvjWPKOl86Y=,KFfHzmtdzXIyB1jYSzpGggZD1pI=
10,-14,d7LAgLfxK6QCABaRwvjWPKOl86Y=,KFfHzmtdzXIyB1jYSzpGggZD1pI=
8,-14,d7LAgLfxK6QCABaRwvjWPKOl86Y=,KFfHzmtdzXIyB1jYSzpGggZD1pI=
8,-15,d7LAgLfxK6QCABaRwvjWPKOl86Y=,KFfHzmtdzXIyB1jYSzpGggZD1pI=
6,-14,d7LAgLfxK6QCABaRwvjWPKOl86Y=,KFfHzmtdzXIyB1jYSzpGggZD1pI=
3,-15,uYeJJRYYBqUnASeeA5aCOh3IEHA=,KFfHzmtdzXIyB1jYSzpGggZD1pI=
8,-16,d7LAgLfxK6QCABaRwvjWPKOl86Y=,KFfHzmtdzXIyB1jYSzpGggZD1pI=
5,-16,d7LAgLfxK6QCABaRwvjWPKOl86Y=,KFfHzmtdzXIyB1jYSzpGggZD1pI=
6,-16,d7LAgLfxK6QCABaRwvjWPKOl86Y=,KFfHzmtdzXIyB1jYSzpGggZD1pI=
0,-15,uYeJJRYYBqUnASeeA5aCOh3IEHA=,KFfHzmtdzXIyB1jYSzpGggZD1pI=
23,-13,kJj7kQzEBLJGHxot1Pa3dSnNYFU=,KFfHzmtdzXIyB1jYSzpGggZD1pI=
22,-13,kJj7kQzEBLJGHxot1Pa3dSnNYFU=,KFfHzmtdzXIyB1jYSzpGggZD1pI=
17,-12,kJj7kQzEBLJGHxot1Pa3dSnNYFU=,KFfHzmtdzXIyB1jYSzpGggZD1pI=
16,-12,kJj7kQzEBLJGHxot1Pa3dSnNYFU=,KFfHzmtdzXIyB1jYSzpGggZD1pI=
23,-12,kJj7kQzEBLJGHxot1Pa3dSnNYFU=,KFfHzmtdzXIyB1jYSzpGggZD1pI=
18,-12,kJj7kQzEBLJGHxot1Pa3dSnNYFU=,KFfHzmtdzXIyB1jYSzpGggZD1pI=
19,-12,kJj7kQzEBLJGHxot1Pa3dSnNYFU=,KFfHzmtdzXIyB1jYSzpGggZD1pI=
21,-13,kJj7kQzEBLJGHxot1Pa3dSnNYFU=,KFfHzmtdzXIyB1jYSzpGggZD1pI=
20,-12,kJj7kQzEBLJGHxot1Pa3dSnNYFU=,KFfHzmtdzXIyB1jYSzpGggZD1pI=
20,-13,kJj7kQzEBLJGHxot1Pa3dSnNYFU=,KFfHzmtdzXIyB1jYSzpGggZD1pI=
16,-13,kJj7kQzEBLJGHxot1Pa3dSnNYFU=,KFfHzmtdzXIyB1jYSzpGggZD1pI=
19,-13,eC3mSeMGnN2h1PcOCtvnVv234+w=,KFfHzmtdzXIyB1jYSzpGggZD1pI=
22,-12,kJj7kQzEBLJGHxot1Pa3dSnNYFU=,KFfHzmtdzXIyB1jYSzpGggZD1pI=
18,-13,eC3mSeMGnN2h1PcOCtvnVv234+w=,KFfHzmtdzXIyB1jYSzpGggZD1pI=
21,-12,kJj7kQzEBLJGHxot1Pa3dSnNYFU=,KFfHzmtdzXIyB1jYSzpGggZD1pI=
17,-13,kJj7kQzEBLJGHxot1Pa3dSnNYFU=,KFfHzmtdzXIyB1jYSzpGggZD1pI=
19,-15,kJj7kQzEBLJGHxot1Pa3dSnNYFU=,KFfHzmtdzXIyB1jYSzpGggZD1pI=
19,-16,kJj7kQzEBLJGHxot1Pa3dSnNYFU=,KFfHzmtdzXIyB1jYSzpGggZD1pI=
20,-16,kJj7kQzEBLJGHxot1Pa3dSnNYFU=,KFfHzmtdzXIyB1jYSzpGggZD1pI=
20,-15,kJj7kQzEBLJGHxot1Pa3dSnNYFU=,KFfHzmtdzXIyB1jYSzpGggZD1pI=
19,-14,kJj7kQzEBLJGHxot1Pa3dSnNYFU=,KFfHzmtdzXIyB1jYSzpGggZD1pI=
20,-14,kJj7kQzEBLJGHxot1Pa3dSnNYFU=,KFfHzmtdzXIyB1jYSzpGggZD1pI=
23,-14,kJj7kQzEBLJGHxot1Pa3dSnNYFU=,KFfHzmtdzXIyB1jYSzpGggZD1pI=
21,-15,kJj7kQzEBLJGHxot1Pa3dSnNYFU=,KFfHzmtdzXIyB1jYSzpGggZD1pI=
22,-14,kJj7kQzEBLJGHxot1Pa3dSnNYFU=,KFfHzmtdzXIyB1jYSzpGggZD1pI=
22,-15,kJj7kQzEBLJGHxot1Pa3dSnNYFU=,KFfHzmtdzXIyB1jYSzpGggZD1pI=
23,-15,eC3mSeMGnN2h1PcOCtvnVv234+w=,KFfHzmtdzXIyB1jYSzpGggZD1pI=
21,-16,kJj7kQzEBLJGHxot1Pa3dSnNYFU=,KFfHzmtdzXIyB1jYSzpGggZD1pI=
21,-14,eC3mSeMGnN2h1PcOCtvnVv234+w=,KFfHzmtdzXIyB1jYSzpGggZD1pI=
22,-16,kJj7kQzEBLJGHxot1Pa3dSnNYFU=,KFfHzmtdzXIyB1jYSzpGggZD1pI=
23,-16,kJj7kQzEBLJGHxot1Pa3dSnNYFU=,KFfHzmtdzXIyB1jYSzpGggZD1pI=
16,-16,kJj7kQzEBLJGHxot1Pa3dSnNYFU=,KFfHzmtdzXIyB1jYSzpGggZD1pI=
17,-16,kJj7kQzEBLJGHxot1Pa3dSnNYFU=,KFfHzmtdzXIyB1jYSzpGggZD1pI=
17,-15,kJj7kQzEBLJGHxot1Pa3dSnNYFU=,KFfHzmtdzXIyB1jYSzpGggZD1pI=
18,-15,kJj7kQzEBLJGHxot1Pa3dSnNYFU=,KFfHzmtdzXIyB1jYSzpGggZD1pI=
18,-16,kJj7kQzEBLJGHxot1Pa3dSnNYFU=,KFfHzmtdzXIyB1jYSzpGggZD1pI=
18,-14,kJj7kQzEBLJGHxot1Pa3dSnNYFU=,KFfHzmtdzXIyB1jYSzpGggZD1pI=
16,-14,kJj7kQzEBLJGHxot1Pa3dSnNYFU=,KFfHzmtdzXIyB1jYSzpGggZD1pI=
16,-15,kJj7kQzEBLJGHxot1Pa3dSnNYFU=,KFfHzmtdzXIyB1jYSzpGggZD1pI=
17,-14,kJj7kQzEBLJGHxot1Pa3dSnNYFU=,KFfHzmtdzXIyB1jYSzpGggZD1pI=
21,-4,73h4KYZwgJaACF0pMqvZLCNd+5k=,KFfHzmtdzXIyB1jYSzpGggZD1pI=
22,-11,kJj7kQzEBLJGHxot1Pa3dSnNYFU=,KFfHzmtdzXIyB1jYSzpGggZD1pI=
23,-1,pOLaznqiGHTDxxZcgK5JT4PvnUg=,KFfHzmtdzXIyB1jYSzpGggZD1pI=
22,-5,73h4KYZwgJaACF0pMqvZLCNd+5k=,KFfHzmtdzXIyB1jYSzpGggZD1pI=
21,-5,73h4KYZwgJaACF0pMqvZLCNd+5k=,KFfHzmtdzXIyB1jYSzpGggZD1pI=
20,-11,kJj7kQzEBLJGHxot1Pa3dSnNYFU=,KFfHzmtdzXIyB1jYSzpGggZD1pI=
20,-5,73h4KYZwgJaACF0pMqvZLCNd+5k=,KFfHzmtdzXIyB1jYSzpGggZD1pI=
19,-11,kJj7kQzEBLJGHxot1Pa3dSnNYFU=,KFfHzmtdzXIyB1jYSzpGggZD1pI=
18,-11,kJj7kQzEBLJGHxot1Pa3dSnNYFU=,KFfHzmtdzXIyB1jYSzpGggZD1pI=
21,-2,pOLaznqiGHTDxxZcgK5JT4PvnUg=,KFfHzmtdzXIyB1jYSzpGggZD1pI=
23,-8,kJj7kQzEBLJGHxot1Pa3dSnNYFU=,KFfHzmtdzXIyB1jYSzpGggZD1pI=
17,-11,kJj7kQzEBLJGHxot1Pa3dSnNYFU=,KFfHzmtdzXIyB1jYSzpGggZD1pI=
16,-11,kJj7kQzEBLJGHxot1Pa3dSnNYFU=,KFfHzmtdzXIyB1jYSzpGggZD1pI=
22,-8,kJj7kQzEBLJGHxot1Pa3dSnNYFU=,KFfHzmtdzXIyB1jYSzpGggZD1pI=
20,-2,73h4KYZwgJaACF0pMqvZLCNd+5k=,KFfHzmtdzXIyB1jYSzpGggZD1pI=
19,-5,73h4KYZwgJaACF0pMqvZLCNd+5k=,KFfHzmtdzXIyB1jYSzpGggZD1pI=
21,-8,kJj7kQzEBLJGHxot1Pa3dSnNYFU=,KFfHzmtdzXIyB1jYSzpGggZD1pI=
20,-8,kJj7kQzEBLJGHxot1Pa3dSnNYFU=,KFfHzmtdzXIyB1jYSzpGggZD1pI=
19,-8,kJj7kQzEBLJGHxot1Pa3dSnNYFU=,KFfHzmtdzXIyB1jYSzpGggZD1pI=
18,-8,kJj7kQzEBLJGHxot1Pa3dSnNYFU=,KFfHzmtdzXIyB1jYSzpGggZD1pI=
22,-1,pOLaznqiGHTDxxZcgK5JT4PvnUg=,KFfHzmtdzXIyB1jYSzpGggZD1pI=
20,-4,73h4KYZwgJaACF0pMqvZLCNd+5k=,KFfHzmtdzXIyB1jYSzpGggZD1pI=
21,-1,pOLaznqiGHTDxxZcgK5JT4PvnUg=,KFfHzmtdzXIyB1jYSzpGggZD1pI=
17,-8,kJj7kQzEBLJGHxot1Pa3dSnNYFU=,KFfHzmtdzXIyB1jYSzpGggZD1pI=
18,-5,kJj7kQzEBLJGHxot1Pa3dSnNYFU=,KFfHzmtdzXIyB1jYSzpGggZD1pI=
19,-2,73h4KYZwgJaACF0pMqvZLCNd+5k=,KFfHzmtdzXIyB1jYSzpGggZD1pI=
19,-4,73h4KYZwgJaACF0pMqvZLCNd+5k=,KFfHzmtdzXIyB1jYSzpGggZD1pI=
23,-6,kJj7kQzEBLJGHxot1Pa3dSnNYFU=,KFfHzmtdzXIyB1jYSzpGggZD1pI=
22,-6,kJj7kQzEBLJGHxot1Pa3dSnNYFU=,KFfHzmtdzXIyB1jYSzpGggZD1pI=
23,-9,kJj7kQzEBLJGHxot1Pa3dSnNYFU=,KFfHzmtdzXIyB1jYSzpGggZD1pI=
22,-9,kJj7kQzEBLJGHxot1Pa3dSnNYFU=,KFfHzmtdzXIyB1jYSzpGggZD1pI=
21,-6,kJj7kQzEBLJGHxot1Pa3dSnNYFU=,KFfHzmtdzXIyB1jYSzpGggZD1pI=
20,-6,kJj7kQzEBLJGHxot1Pa3dSnNYFU=,KFfHzmtdzXIyB1jYSzpGggZD1pI=
19,-6,kJj7kQzEBLJGHxot1Pa3dSnNYFU=,KFfHzmtdzXIyB1jYSzpGggZD1pI=
16,-8,kJj7kQzEBLJGHxot1Pa3dSnNYFU=,KFfHzmtdzXIyB1jYSzpGggZD1pI=
21,-3,pOLaznqiGHTDxxZcgK5JT4PvnUg=,KFfHzmtdzXIyB1jYSzpGggZD1pI=
21,-9,kJj7kQzEBLJGHxot1Pa3dSnNYFU=,KFfHzmtdzXIyB1jYSzpGggZD1pI=
20,-1,73h4KYZwgJaACF0pMqvZLCNd+5k=,KFfHzmtdzXIyB1jYSzpGggZD1pI=
20,-9,kJj7kQzEBLJGHxot1Pa3dSnNYFU=,KFfHzmtdzXIyB1jYSzpGggZD1pI=
19,-9,kJj7kQzEBLJGHxot1Pa3dSnNYFU=,KFfHzmtdzXIyB1jYSzpGggZD1pI=
20,-3,73h4KYZwgJaACF0pMqvZLCNd+5k=,KFfHzmtdzXIyB1jYSzpGggZD1pI=
18,-9,kJj7kQzEBLJGHxot1Pa3dSnNYFU=,KFfHzmtdzXIyB1jYSzpGggZD1pI=
19,-1,73h4KYZwgJaACF0pMqvZLCNd+5k=,KFfHzmtdzXIyB1jYSzpGggZD1pI=
17,-9,kJj7kQzEBLJGHxot1Pa3dSnNYFU=,KFfHzmtdzXIyB1jYSzpGggZD1pI=
16,-9,kJj7kQzEBLJGHxot1Pa3dSnNYFU=,KFfHzmtdzXIyB1jYSzpGggZD1pI=
23,-10,kJj7kQzEBLJGHxot1Pa3dSnNYFU=,KFfHzmtdzXIyB1jYSzpGggZD1pI=
19,-3,73h4KYZwgJaACF0pMqvZLCNd+5k=,KFfHzmtdzXIyB1jYSzpGggZD1pI=
18,-6,kJj7kQzEBLJGHxot1Pa3dSnNYFU=,KFfHzmtdzXIyB1jYSzpGggZD1pI=
23,-7,kJj7kQzEBLJGHxot1Pa3dSnNYFU=,KFfHzmtdzXIyB1jYSzpGggZD1pI=
22,-7,kJj7kQzEBLJGHxot1Pa3dSnNYFU=,KFfHzmtdzXIyB1jYSzpGggZD1pI=
22,-10,kJj7kQzEBLJGHxot1Pa3dSnNYFU=,KFfHzmtdzXIyB1jYSzpGggZD1pI=
21,-10,kJj7kQzEBLJGHxot1Pa3dSnNYFU=,KFfHzmtdzXIyB1jYSzpGggZD1pI=
23,-3,pOLaznqiGHTDxxZcgK5JT4PvnUg=,KFfHzmtdzXIyB1jYSzpGggZD1pI=
20,-7,kJj7kQzEBLJGHxot1Pa3dSnNYFU=,KFfHzmtdzXIyB1jYSzpGggZD1pI=
19,-10,kJj7kQzEBLJGHxot1Pa3dSnNYFU=,KFfHzmtdzXIyB1jYSzpGggZD1pI=
18,-10,kJj7kQzEBLJGHxot1Pa3dSnNYFU=,KFfHzmtdzXIyB1jYSzpGggZD1pI=
17,-10,kJj7kQzEBLJGHxot1Pa3dSnNYFU=,KFfHzmtdzXIyB1jYSzpGggZD1pI=
23,-4,73h4KYZwgJaACF0pMqvZLCNd+5k=,KFfHzmtdzXIyB1jYSzpGggZD1pI=
22,-4,73h4KYZwgJaACF0pMqvZLCNd+5k=,KFfHzmtdzXIyB1jYSzpGggZD1pI=
16,-10,kJj7kQzEBLJGHxot1Pa3dSnNYFU=,KFfHzmtdzXIyB1jYSzpGggZD1pI=
21,-7,kJj7kQzEBLJGHxot1Pa3dSnNYFU=,KFfHzmtdzXIyB1jYSzpGggZD1pI=
23,-2,pOLaznqiGHTDxxZcgK5JT4PvnUg=,KFfHzmtdzXIyB1jYSzpGggZD1pI=
22,-2,pOLaznqiGHTDxxZcgK5JT4PvnUg=,KFfHzmtdzXIyB1jYSzpGggZD1pI=
19,-7,kJj7kQzEBLJGHxot1Pa3dSnNYFU=,KFfHzmtdzXIyB1jYSzpGggZD1pI=
18,-7,kJj7kQzEBLJGHxot1Pa3dSnNYFU=,KFfHzmtdzXIyB1jYSzpGggZD1pI=
22,-3,pOLaznqiGHTDxxZcgK5JT4PvnUg=,KFfHzmtdzXIyB1jYSzpGggZD1pI=
17,-4,kJj7kQzEBLJGHxot1Pa3dSnNYFU=,KFfHzmtdzXIyB1jYSzpGggZD1pI=
16,-4,kJj7kQzEBLJGHxot1Pa3dSnNYFU=,KFfHzmtdzXIyB1jYSzpGggZD1pI=
20,-10,kJj7kQzEBLJGHxot1Pa3dSnNYFU=,KFfHzmtdzXIyB1jYSzpGggZD1pI=
18,-2,kJj7kQzEBLJGHxot1Pa3dSnNYFU=,KFfHzmtdzXIyB1jYSzpGggZD1pI=
17,-5,kJj7kQzEBLJGHxot1Pa3dSnNYFU=,KFfHzmtdzXIyB1jYSzpGggZD1pI=
16,-6,kJj7kQzEBLJGHxot1Pa3dSnNYFU=,KFfHzmtdzXIyB1jYSzpGggZD1pI=
23,-11,kJj7kQzEBLJGHxot1Pa3dSnNYFU=,KFfHzmtdzXIyB1jYSzpGggZD1pI=
17,-3,kJj7kQzEBLJGHxot1Pa3dSnNYFU=,KFfHzmtdzXIyB1jYSzpGggZD1pI=
16,-5,kJj7kQzEBLJGHxot1Pa3dSnNYFU=,KFfHzmtdzXIyB1jYSzpGggZD1pI=
17,-6,kJj7kQzEBLJGHxot1Pa3dSnNYFU=,KFfHzmtdzXIyB1jYSzpGggZD1pI=
16,-1,kJj7kQzEBLJGHxot1Pa3dSnNYFU=,KFfHzmtdzXIyB1jYSzpGggZD1pI=
16,-7,kJj7kQzEBLJGHxot1Pa3dSnNYFU=,KFfHzmtdzXIyB1jYSzpGggZD1pI=
18,-1,kJj7kQzEBLJGHxot1Pa3dSnNYFU=,KFfHzmtdzXIyB1jYSzpGggZD1pI=
17,-1,kJj7kQzEBLJGHxot1Pa3dSnNYFU=,KFfHzmtdzXIyB1jYSzpGggZD1pI=
17,-7,kJj7kQzEBLJGHxot1Pa3dSnNYFU=,KFfHzmtdzXIyB1jYSzpGggZD1pI=
18,-4,kJj7kQzEBLJGHxot1Pa3dSnNYFU=,KFfHzmtdzXIyB1jYSzpGggZD1pI=
16,-3,kJj7kQzEBLJGHxot1Pa3dSnNYFU=,KFfHzmtdzXIyB1jYSzpGggZD1pI=
17,-2,kJj7kQzEBLJGHxot1Pa3dSnNYFU=,KFfHzmtdzXIyB1jYSzpGggZD1pI=
16,-2,kJj7kQzEBLJGHxot1Pa3dSnNYFU=,KFfHzmtdzXIyB1jYSzpGggZD1pI=
18,-3,kJj7kQzEBLJGHxot1Pa3dSnNYFU=,KFfHzmtdzXIyB1jYSzpGggZD1pI=
23,-5,73h4KYZwgJaACF0pMqvZLCNd+5k=,KFfHzmtdzXIyB1jYSzpGggZD1pI=
21,-11,kJj7kQzEBLJGHxot1Pa3dSnNYFU=,KFfHzmtdzXIyB1jYSzpGggZD1pI=
27,-5,fdWSluKNLuo+7M+oT6bT+IazsFQ=,BWeHJhYaRhNMhUm9YhFOujtq6a4=
28,-5,fdWSluKNLuo+7M+oT6bT+IazsFQ=,BWeHJhYaRhNMhUm9YhFOujtq6a4=
28,-4,fdWSluKNLuo+7M+oT6bT+IazsFQ=,BWeHJhYaRhNMhUm9YhFOujtq6a4=
27,-4,fdWSluKNLuo+7M+oT6bT+IazsFQ=,BWeHJhYaRhNMhUm9YhFOujtq6a4=
24,-4,73h4KYZwgJaACF0pMqvZLCNd+5k=,BWeHJhYaRhNMhUm9YhFOujtq6a4=
25,-4,73h4KYZwgJaACF0pMqvZLCNd+5k=,BWeHJhYaRhNMhUm9YhFOujtq6a4=
24,-5,73h4KYZwgJaACF0pMqvZLCNd+5k=,BWeHJhYaRhNMhUm9YhFOujtq6a4=
25,-5,73h4KYZwgJaACF0pMqvZLCNd+5k=,BWeHJhYaRhNMhUm9YhFOujtq6a4=
26,-5,73h4KYZwgJaACF0pMqvZLCNd+5k=,BWeHJhYaRhNMhUm9YhFOujtq6a4=
26,-4,73h4KYZwgJaACF0pMqvZLCNd+5k=,BWeHJhYaRhNMhUm9YhFOujtq6a4=
29,-5,4H+dFymRidly5vf70kEvwWOZfyc=,BWeHJhYaRhNMhUm9YhFOujtq6a4=
30,-5,4H+dFymRidly5vf70kEvwWOZfyc=,BWeHJhYaRhNMhUm9YhFOujtq6a4=
29,-4,4H+dFymRidly5vf70kEvwWOZfyc=,BWeHJhYaRhNMhUm9YhFOujtq6a4=
31,-5,4H+dFymRidly5vf70kEvwWOZfyc=,BWeHJhYaRhNMhUm9YhFOujtq6a4=
30,-4,4H+dFymRidly5vf70kEvwWOZfyc=,BWeHJhYaRhNMhUm9YhFOujtq6a4=
31,-4,4H+dFymRidly5vf70kEvwWOZfyc=,BWeHJhYaRhNMhUm9YhFOujtq6a4=
24,-2,tmSDa9uDcZeH1XBfa9da4Vurdzs=,BWeHJhYaRhNMhUm9YhFOujtq6a4=
26,-3,pOLaznqiGHTDxxZcgK5JT4PvnUg=,BWeHJhYaRhNMhUm9YhFOujtq6a4=
27,-3,pOLaznqiGHTDxxZcgK5JT4PvnUg=,BWeHJhYaRhNMhUm9YhFOujtq6a4=
25,-2,tmSDa9uDcZeH1XBfa9da4Vurdzs=,BWeHJhYaRhNMhUm9YhFOujtq6a4=
26,-2,tmSDa9uDcZeH1XBfa9da4Vurdzs=,BWeHJhYaRhNMhUm9YhFOujtq6a4=
27,-2,pOLaznqiGHTDxxZcgK5JT4PvnUg=,BWeHJhYaRhNMhUm9YhFOujtq6a4=
28,-2,pOLaznqiGHTDxxZcgK5JT4PvnUg=,BWeHJhYaRhNMhUm9YhFOujtq6a4=
24,-1,pOLaznqiGHTDxxZcgK5JT4PvnUg=,BWeHJhYaRhNMhUm9YhFOujtq6a4=
25,-1,pOLaznqiGHTDxxZcgK5JT4PvnUg=,BWeHJhYaRhNMhUm9YhFOujtq6a4=
26,-1,pOLaznqiGHTDxxZcgK5JT4PvnUg=,BWeHJhYaRhNMhUm9YhFOujtq6a4=
27,-1,pOLaznqiGHTDxxZcgK5JT4PvnUg=,BWeHJhYaRhNMhUm9YhFOujtq6a4=
28,-1,pOLaznqiGHTDxxZcgK5JT4PvnUg=,BWeHJhYaRhNMhUm9YhFOujtq6a4=
24,-3,pOLaznqiGHTDxxZcgK5JT4PvnUg=,BWeHJhYaRhNMhUm9YhFOujtq6a4=
25,-3,pOLaznqiGHTDxxZcgK5JT4PvnUg=,BWeHJhYaRhNMhUm9YhFOujtq6a4=
28,-3,pOLaznqiGHTDxxZcgK5JT4PvnUg=,BWeHJhYaRhNMhUm9YhFOujtq6a4=
29,-2,pOLaznqiGHTDxxZcgK5JT4PvnUg=,BWeHJhYaRhNMhUm9YhFOujtq6a4=
31,-3,pOLaznqiGHTDxxZcgK5JT4PvnUg=,BWeHJhYaRhNMhUm9YhFOujtq6a4=
30,-3,pOLaznqiGHTDxxZcgK5JT4PvnUg=,BWeHJhYaRhNMhUm9YhFOujtq6a4=
29,-3,pOLaznqiGHTDxxZcgK5JT4PvnUg=,BWeHJhYaRhNMhUm9YhFOujtq6a4=
31,-1,pOLaznqiGHTDxxZcgK5JT4PvnUg=,BWeHJhYaRhNMhUm9YhFOujtq6a4=
30,-2,pOLaznqiGHTDxxZcgK5JT4PvnUg=,BWeHJhYaRhNMhUm9YhFOujtq6a4=
31,-2,pOLaznqiGHTDxxZcgK5JT4PvnUg=,BWeHJhYaRhNMhUm9YhFOujtq6a4=
29,-1,pOLaznqiGHTDxxZcgK5JT4PvnUg=,BWeHJhYaRhNMhUm9YhFOujtq6a4=
30,-1,pOLaznqiGHTDxxZcgK5JT4PvnUg=,BWeHJhYaRhNMhUm9YhFOujtq6a4=
29,-12,ulLgqvko0mMcYQRb1uDn+KS0LHk=,BWeHJhYaRhNMhUm9YhFOujtq6a4=
27,-9,ulLgqvko0mMcYQRb1uDn+KS0LHk=,BWeHJhYaRhNMhUm9YhFOujtq6a4=
26,-9,eC3mSeMGnN2h1PcOCtvnVv234+w=,BWeHJhYaRhNMhUm9YhFOujtq6a4=
28,-15,ulLgqvko0mMcYQRb1uDn+KS0LHk=,BWeHJhYaRhNMhUm9YhFOujtq6a4=
31,-16,ulLgqvko0mMcYQRb1uDn+KS0LHk=,BWeHJhYaRhNMhUm9YhFOujtq6a4=
27,-15,ulLgqvko0mMcYQRb1uDn+KS0LHk=,BWeHJhYaRhNMhUm9YhFOujtq6a4=
27,-12,ulLgqvko0mMcYQRb1uDn+KS0LHk=,BWeHJhYaRhNMhUm9YhFOujtq6a4=
28,-12,ulLgqvko0mMcYQRb1uDn+KS0LHk=,BWeHJhYaRhNMhUm9YhFOujtq6a4=
29,-15,ulLgqvko0mMcYQRb1uDn+KS0LHk=,BWeHJhYaRhNMhUm9YhFOujtq6a4=
24,-12,kJj7kQzEBLJGHxot1Pa3dSnNYFU=,BWeHJhYaRhNMhUm9YhFOujtq6a4=
26,-15,kJj7kQzEBLJGHxot1Pa3dSnNYFU=,BWeHJhYaRhNMhUm9YhFOujtq6a4=
29,-16,ulLgqvko0mMcYQRb1uDn+KS0LHk=,BWeHJhYaRhNMhUm9YhFOujtq6a4=
26,-12,eC3mSeMGnN2h1PcOCtvnVv234+w=,BWeHJhYaRhNMhUm9YhFOujtq6a4=
25,-12,kJj7kQzEBLJGHxot1Pa3dSnNYFU=,BWeHJhYaRhNMhUm9YhFOujtq6a4=
30,-16,ulLgqvko0mMcYQRb1uDn+KS0LHk=,BWeHJhYaRhNMhUm9YhFOujtq6a4=
27,-16,ulLgqvko0mMcYQRb1uDn+KS0LHk=,BWeHJhYaRhNMhUm9YhFOujtq6a4=
24,-6,kJj7kQzEBLJGHxot1Pa3dSnNYFU=,BWeHJhYaRhNMhUm9YhFOujtq6a4=
25,-16,kJj7kQzEBLJGHxot1Pa3dSnNYFU=,BWeHJhYaRhNMhUm9YhFOujtq6a4=
24,-15,kJj7kQzEBLJGHxot1Pa3dSnNYFU=,BWeHJhYaRhNMhUm9YhFOujtq6a4=
31,-13,ulLgqvko0mMcYQRb1uDn+KS0LHk=,BWeHJhYaRhNMhUm9YhFOujtq6a4=
25,-7,kJj7kQzEBLJGHxot1Pa3dSnNYFU=,BWeHJhYaRhNMhUm9YhFOujtq6a4=
25,-15,kJj7kQzEBLJGHxot1Pa3dSnNYFU=,BWeHJhYaRhNMhUm9YhFOujtq6a4=
25,-6,kJj7kQzEBLJGHxot1Pa3dSnNYFU=,BWeHJhYaRhNMhUm9YhFOujtq6a4=
28,-16,ulLgqvko0mMcYQRb1uDn+KS0LHk=,BWeHJhYaRhNMhUm9YhFOujtq6a4=
31,-7,eC3mSeMGnN2h1PcOCtvnVv234+w=,BWeHJhYaRhNMhUm9YhFOujtq6a4=
26,-16,kJj7kQzEBLJGHxot1Pa3dSnNYFU=,BWeHJhYaRhNMhUm9YhFOujtq6a4=
30,-13,ulLgqvko0mMcYQRb1uDn+KS0LHk=,BWeHJhYaRhNMhUm9YhFOujtq6a4=
24,-7,kJj7kQzEBLJGHxot1Pa3dSnNYFU=,BWeHJhYaRhNMhUm9YhFOujtq6a4=
28,-13,eC3mSeMGnN2h1PcOCtvnVv234+w=,BWeHJhYaRhNMhUm9YhFOujtq6a4=
31,-6,ulLgqvko0mMcYQRb1uDn+KS0LHk=,BWeHJhYaRhNMhUm9YhFOujtq6a4=
31,-8,eC3mSeMGnN2h1PcOCtvnVv234+w=,BWeHJhYaRhNMhUm9YhFOujtq6a4=
26,-13,kJj7kQzEBLJGHxot1Pa3dSnNYFU=,BWeHJhYaRhNMhUm9YhFOujtq6a4=
27,-13,eC3mSeMGnN2h1PcOCtvnVv234+w=,BWeHJhYaRhNMhUm9YhFOujtq6a4=
25,-13,kJj7kQzEBLJGHxot1Pa3dSnNYFU=,BWeHJhYaRhNMhUm9YhFOujtq6a4=
26,-11,kJj7kQzEBLJGHxot1Pa3dSnNYFU=,BWeHJhYaRhNMhUm9YhFOujtq6a4=
27,-11,ulLgqvko0mMcYQRb1uDn+KS0LHk=,BWeHJhYaRhNMhUm9YhFOujtq6a4=
29,-13,ulLgqvko0mMcYQRb1uDn+KS0LHk=,BWeHJhYaRhNMhUm9YhFOujtq6a4=
30,-8,eC3mSeMGnN2h1PcOCtvnVv234+w=,BWeHJhYaRhNMhUm9YhFOujtq6a4=
24,-13,kJj7kQzEBLJGHxot1Pa3dSnNYFU=,BWeHJhYaRhNMhUm9YhFOujtq6a4=
30,-14,ulLgqvko0mMcYQRb1uDn+KS0LHk=,BWeHJhYaRhNMhUm9YhFOujtq6a4=
31,-14,eC3mSeMGnN2h1PcOCtvnVv234+w=,BWeHJhYaRhNMhUm9YhFOujtq6a4=
31,-9,ulLgqvko0mMcYQRb1uDn+KS0LHk=,BWeHJhYaRhNMhUm9YhFOujtq6a4=
25,-11,kJj7kQzEBLJGHxot1Pa3dSnNYFU=,BWeHJhYaRhNMhUm9YhFOujtq6a4=
29,-8,eC3mSeMGnN2h1PcOCtvnVv234+w=,BWeHJhYaRhNMhUm9YhFOujtq6a4=
26,-7,kJj7kQzEBLJGHxot1Pa3dSnNYFU=,BWeHJhYaRhNMhUm9YhFOujtq6a4=
30,-9,eC3mSeMGnN2h1PcOCtvnVv234+w=,BWeHJhYaRhNMhUm9YhFOujtq6a4=
24,-9,kJj7kQzEBLJGHxot1Pa3dSnNYFU=,BWeHJhYaRhNMhUm9YhFOujtq6a4=
28,-8,eC3mSeMGnN2h1PcOCtvnVv234+w=,BWeHJhYaRhNMhUm9YhFOujtq6a4=
31,-10,ulLgqvko0mMcYQRb1uDn+KS0LHk=,BWeHJhYaRhNMhUm9YhFOujtq6a4=
25,-9,kJj7kQzEBLJGHxot1Pa3dSnNYFU=,BWeHJhYaRhNMhUm9YhFOujtq6a4=
30,-10,eC3mSeMGnN2h1PcOCtvnVv234+w=,BWeHJhYaRhNMhUm9YhFOujtq6a4=
29,-10,eC3mSeMGnN2h1PcOCtvnVv234+w=,BWeHJhYaRhNMhUm9YhFOujtq6a4=
29,-14,ulLgqvko0mMcYQRb1uDn+KS0LHk=,BWeHJhYaRhNMhUm9YhFOujtq6a4=
24,-16,kJj7kQzEBLJGHxot1Pa3dSnNYFU=,BWeHJhYaRhNMhUm9YhFOujtq6a4=
27,-14,3dNp5Zzre2cNl6upOfcRVYXATvk=,BWeHJhYaRhNMhUm9YhFOujtq6a4=
27,-10,eC3mSeMGnN2h1PcOCtvnVv234+w=,BWeHJhYaRhNMhUm9YhFOujtq6a4=
26,-10,kJj7kQzEBLJGHxot1Pa3dSnNYFU=,BWeHJhYaRhNMhUm9YhFOujtq6a4=
27,-8,ulLgqvko0mMcYQRb1uDn+KS0LHk=,BWeHJhYaRhNMhUm9YhFOujtq6a4=
28,-10,eC3mSeMGnN2h1PcOCtvnVv234+w=,BWeHJhYaRhNMhUm9YhFOujtq6a4=
28,-14,ulLgqvko0mMcYQRb1uDn+KS0LHk=,BWeHJhYaRhNMhUm9YhFOujtq6a4=
30,-7,eC3mSeMGnN2h1PcOCtvnVv234+w=,BWeHJhYaRhNMhUm9YhFOujtq6a4=
29,-7,eC3mSeMGnN2h1PcOCtvnVv234+w=,BWeHJhYaRhNMhUm9YhFOujtq6a4=
26,-6,kJj7kQzEBLJGHxot1Pa3dSnNYFU=,BWeHJhYaRhNMhUm9YhFOujtq6a4=
27,-6,eC3mSeMGnN2h1PcOCtvnVv234+w=,BWeHJhYaRhNMhUm9YhFOujtq6a4=
28,-6,eC3mSeMGnN2h1PcOCtvnVv234+w=,BWeHJhYaRhNMhUm9YhFOujtq6a4=
25,-10,kJj7kQzEBLJGHxot1Pa3dSnNYFU=,BWeHJhYaRhNMhUm9YhFOujtq6a4=
24,-10,kJj7kQzEBLJGHxot1Pa3dSnNYFU=,BWeHJhYaRhNMhUm9YhFOujtq6a4=
26,-14,eC3mSeMGnN2h1PcOCtvnVv234+w=,BWeHJhYaRhNMhUm9YhFOujtq6a4=
31,-11,eC3mSeMGnN2h1PcOCtvnVv234+w=,BWeHJhYaRhNMhUm9YhFOujtq6a4=
24,-8,kJj7kQzEBLJGHxot1Pa3dSnNYFU=,BWeHJhYaRhNMhUm9YhFOujtq6a4=
25,-14,eC3mSeMGnN2h1PcOCtvnVv234+w=,BWeHJhYaRhNMhUm9YhFOujtq6a4=
30,-11,ulLgqvko0mMcYQRb1uDn+KS0LHk=,BWeHJhYaRhNMhUm9YhFOujtq6a4=
28,-7,eC3mSeMGnN2h1PcOCtvnVv234+w=,BWeHJhYaRhNMhUm9YhFOujtq6a4=
29,-11,ulLgqvko0mMcYQRb1uDn+KS0LHk=,BWeHJhYaRhNMhUm9YhFOujtq6a4=
28,-11,3dNp5Zzre2cNl6upOfcRVYXATvk=,BWeHJhYaRhNMhUm9YhFOujtq6a4=
29,-6,eC3mSeMGnN2h1PcOCtvnVv234+w=,BWeHJhYaRhNMhUm9YhFOujtq6a4=
30,-6,eC3mSeMGnN2h1PcOCtvnVv234+w=,BWeHJhYaRhNMhUm9YhFOujtq6a4=
24,-14,eC3mSeMGnN2h1PcOCtvnVv234+w=,BWeHJhYaRhNMhUm9YhFOujtq6a4=
26,-8,kJj7kQzEBLJGHxot1Pa3dSnNYFU=,BWeHJhYaRhNMhUm9YhFOujtq6a4=
25,-8,kJj7kQzEBLJGHxot1Pa3dSnNYFU=,BWeHJhYaRhNMhUm9YhFOujtq6a4=
31,-15,3dNp5Zzre2cNl6upOfcRVYXATvk=,BWeHJhYaRhNMhUm9YhFOujtq6a4=
24,-11,kJj7kQzEBLJGHxot1Pa3dSnNYFU=,BWeHJhYaRhNMhUm9YhFOujtq6a4=
30,-15,3dNp5Zzre2cNl6upOfcRVYXATvk=,BWeHJhYaRhNMhUm9YhFOujtq6a4=
28,-9,ulLgqvko0mMcYQRb1uDn+KS0LHk=,BWeHJhYaRhNMhUm9YhFOujtq6a4=
31,-12,3dNp5Zzre2cNl6upOfcRVYXATvk=,BWeHJhYaRhNMhUm9YhFOujtq6a4=
27,-7,ulLgqvko0mMcYQRb1uDn+KS0LHk=,BWeHJhYaRhNMhUm9YhFOujtq6a4=
30,-12,3dNp5Zzre2cNl6upOfcRVYXATvk=,BWeHJhYaRhNMhUm9YhFOujtq6a4=
29,-9,eC3mSeMGnN2h1PcOCtvnVv234+w=,BWeHJhYaRhNMhUm9YhFOujtq6a4=
30,-19,BJsbOc9L8cqHD5MqY13SZuzMsQE=,Z1+sZQl1FfyshcqEdZQkmsAS8sk=
31,-22,BJsbOc9L8cqHD5MqY13SZuzMsQE=,Z1+sZQl1FfyshcqEdZQkmsAS8sk=
29,-19,BJsbOc9L8cqHD5MqY13SZuzMsQE=,Z1+sZQl1FfyshcqEdZQkmsAS8sk=
29,-18,BJsbOc9L8cqHD5MqY13SZuzMsQE=,Z1+sZQl1FfyshcqEdZQkmsAS8sk=
28,-18,BJsbOc9L8cqHD5MqY13SZuzMsQE=,Z1+sZQl1FfyshcqEdZQkmsAS8sk=
29,-22,BJsbOc9L8cqHD5MqY13SZuzMsQE=,Z1+sZQl1FfyshcqEdZQkmsAS8sk=
30,-22,BJsbOc9L8cqHD5MqY13SZuzMsQE=,Z1+sZQl1FfyshcqEdZQkmsAS8sk=
28,-22,BJsbOc9L8cqHD5MqY13SZuzMsQE=,Z1+sZQl1FfyshcqEdZQkmsAS8sk=
31,-20,BJsbOc9L8cqHD5MqY13SZuzMsQE=,Z1+sZQl1FfyshcqEdZQkmsAS8sk=
31,-23,BJsbOc9L8cqHD5MqY13SZuzMsQE=,Z1+sZQl1FfyshcqEdZQkmsAS8sk=
27,-22,BJsbOc9L8cqHD5MqY13SZuzMsQE=,Z1+sZQl1FfyshcqEdZQkmsAS8sk=
31,-24,BJsbOc9L8cqHD5MqY13SZuzMsQE=,Z1+sZQl1FfyshcqEdZQkmsAS8sk=
30,-24,BJsbOc9L8cqHD5MqY13SZuzMsQE=,Z1+sZQl1FfyshcqEdZQkmsAS8sk=
30,-23,BJsbOc9L8cqHD5MqY13SZuzMsQE=,Z1+sZQl1FfyshcqEdZQkmsAS8sk=
29,-23,BJsbOc9L8cqHD5MqY13SZuzMsQE=,Z1+sZQl1FfyshcqEdZQkmsAS8sk=
28,-23,BJsbOc9L8cqHD5MqY13SZuzMsQE=,Z1+sZQl1FfyshcqEdZQkmsAS8sk=
31,-21,BJsbOc9L8cqHD5MqY13SZuzMsQE=,Z1+sZQl1FfyshcqEdZQkmsAS8sk=
30,-21,BJsbOc9L8cqHD5MqY13SZuzMsQE=,Z1+sZQl1FfyshcqEdZQkmsAS8sk=
29,-24,BJsbOc9L8cqHD5MqY13SZuzMsQE=,Z1+sZQl1FfyshcqEdZQkmsAS8sk=
27,-24,BJsbOc9L8cqHD5MqY13SZuzMsQE=,Z1+sZQl1FfyshcqEdZQkmsAS8sk=
28,-24,BJsbOc9L8cqHD5MqY13SZuzMsQE=,Z1+sZQl1FfyshcqEdZQkmsAS8sk=
27,-23,BJsbOc9L8cqHD5MqY13SZuzMsQE=,Z1+sZQl1FfyshcqEdZQkmsAS8sk=
29,-21,BJsbOc9L8cqHD5MqY13SZuzMsQE=,Z1+sZQl1FfyshcqEdZQkmsAS8sk=
31,-19,BJsbOc9L8cqHD5MqY13SZuzMsQE=,Z1+sZQl1FfyshcqEdZQkmsAS8sk=
27,-19,BJsbOc9L8cqHD5MqY13SZuzMsQE=,Z1+sZQl1FfyshcqEdZQkmsAS8sk=
28,-21,BJsbOc9L8cqHD5MqY13SZuzMsQE=,Z1+sZQl1FfyshcqEdZQkmsAS8sk=
30,-20,BJsbOc9L8cqHD5MqY13SZuzMsQE=,Z1+sZQl1FfyshcqEdZQkmsAS8sk=
29,-20,BJsbOc9L8cqHD5MqY13SZuzMsQE=,Z1+sZQl1FfyshcqEdZQkmsAS8sk=
28,-20,BJsbOc9L8cqHD5MqY13SZuzMsQE=,Z1+sZQl1FfyshcqEdZQkmsAS8sk=
30,-17,BJsbOc9L8cqHD5MqY13SZuzMsQE=,Z1+sZQl1FfyshcqEdZQkmsAS8sk=
28,-17,BJsbOc9L8cqHD5MqY13SZuzMsQE=,Z1+sZQl1FfyshcqEdZQkmsAS8sk=
28,-19,BJsbOc9L8cqHD5MqY13SZuzMsQE=,Z1+sZQl1FfyshcqEdZQkmsAS8sk=
27,-17,BJsbOc9L8cqHD5MqY13SZuzMsQE=,Z1+sZQl1FfyshcqEdZQkmsAS8sk=
27,-18,BJsbOc9L8cqHD5MqY13SZuzMsQE=,Z1+sZQl1FfyshcqEdZQkmsAS8sk=
30,-18,BJsbOc9L8cqHD5MqY13SZuzMsQE=,Z1+sZQl1FfyshcqEdZQkmsAS8sk=
27,-21,BJsbOc9L8cqHD5MqY13SZuzMsQE=,Z1+sZQl1FfyshcqEdZQkmsAS8sk=
29,-17,BJsbOc9L8cqHD5MqY13SZuzMsQE=,Z1+sZQl1FfyshcqEdZQkmsAS8sk=
31,-18,BJsbOc9L8cqHD5MqY13SZuzMsQE=,Z1+sZQl1FfyshcqEdZQkmsAS8sk=
31,-17,BJsbOc9L8cqHD5MqY13SZuzMsQE=,Z1+sZQl1FfyshcqEdZQkmsAS8sk=
27,-20,BJsbOc9L8cqHD5MqY13SZuzMsQE=,Z1+sZQl1FfyshcqEdZQkmsAS8sk=
26,-21,BJsbOc9L8cqHD5MqY13SZuzMsQE=,Z1+sZQl1FfyshcqEdZQkmsAS8sk=
25,-21,BJsbOc9L8cqHD5MqY13SZuzMsQE=,Z1+sZQl1FfyshcqEdZQkmsAS8sk=
26,-20,BJsbOc9L8cqHD5MqY13SZuzMsQE=,Z1+sZQl1FfyshcqEdZQkmsAS8sk=
24,-22,BJsbOc9L8cqHD5MqY13SZuzMsQE=,Z1+sZQl1FfyshcqEdZQkmsAS8sk=
24,-24,BJsbOc9L8cqHD5MqY13SZuzMsQE=,Z1+sZQl1FfyshcqEdZQkmsAS8sk=
24,-21,BJsbOc9L8cqHD5MqY13SZuzMsQE=,Z1+sZQl1FfyshcqEdZQkmsAS8sk=
16,-20,5oY4ld6jFsZvAgLtcwuKV/Li9Yw=,6qGsL0KAaLoB/y+IB6gMRdHA5lo=
20,-20,5oY4ld6jFsZvAgLtcwuKV/Li9Yw=,6qGsL0KAaLoB/y+IB6gMRdHA5lo=
18,-20,5oY4ld6jFsZvAgLtcwuKV/Li9Yw=,6qGsL0KAaLoB/y+IB6gMRdHA5lo=
18,-19,5oY4ld6jFsZvAgLtcwuKV/Li9Yw=,6qGsL0KAaLoB/y+IB6gMRdHA5lo=
17,-20,5oY4ld6jFsZvAgLtcwuKV/Li9Yw=,6qGsL0KAaLoB/y+IB6gMRdHA5lo=
16,-19,5oY4ld6jFsZvAgLtcwuKV/Li9Yw=,6qGsL0KAaLoB/y+IB6gMRdHA5lo=
22,-20,5oY4ld6jFsZvAgLtcwuKV/Li9Yw=,6qGsL0KAaLoB/y+IB6gMRdHA5lo=
23,-20,5oY4ld6jFsZvAgLtcwuKV/Li9Yw=,6qGsL0KAaLoB/y+IB6gMRdHA5lo=
17,-19,5oY4ld6jFsZvAgLtcwuKV/Li9Yw=,6qGsL0KAaLoB/y+IB6gMRdHA5lo=
25,-22,BJsbOc9L8cqHD5MqY13SZuzMsQE=,Z1+sZQl1FfyshcqEdZQkmsAS8sk=
16,-18,5oY4ld6jFsZvAgLtcwuKV/Li9Yw=,6qGsL0KAaLoB/y+IB6gMRdHA5lo=
21,-20,5oY4ld6jFsZvAgLtcwuKV/Li9Yw=,6qGsL0KAaLoB/y+IB6gMRdHA5lo=
25,-24,BJsbOc9L8cqHD5MqY13SZuzMsQE=,Z1+sZQl1FfyshcqEdZQkmsAS8sk=
26,-24,BJsbOc9L8cqHD5MqY13SZuzMsQE=,Z1+sZQl1FfyshcqEdZQkmsAS8sk=
25,-23,BJsbOc9L8cqHD5MqY13SZuzMsQE=,Z1+sZQl1FfyshcqEdZQkmsAS8sk=
16,-24,5oY4ld6jFsZvAgLtcwuKV/Li9Yw=,6qGsL0KAaLoB/y+IB6gMRdHA5lo=
26,-23,BJsbOc9L8cqHD5MqY13SZuzMsQE=,Z1+sZQl1FfyshcqEdZQkmsAS8sk=
25,-20,BJsbOc9L8cqHD5MqY13SZuzMsQE=,Z1+sZQl1FfyshcqEdZQkmsAS8sk=
18,-18,5oY4ld6jFsZvAgLtcwuKV/Li9Yw=,6qGsL0KAaLoB/y+IB6gMRdHA5lo=
17,-24,5oY4ld6jFsZvAgLtcwuKV/Li9Yw=,6qGsL0KAaLoB/y+IB6gMRdHA5lo=
19,-20,5oY4ld6jFsZvAgLtcwuKV/Li9Yw=,6qGsL0KAaLoB/y+IB6gMRdHA5lo=
21,-18,5oY4ld6jFsZvAgLtcwuKV/Li9Yw=,6qGsL0KAaLoB/y+IB6gMRdHA5lo=
18,-24,5oY4ld6jFsZvAgLtcwuKV/Li9Yw=,6qGsL0KAaLoB/y+IB6gMRdHA5lo=
19,-18,5oY4ld6jFsZvAgLtcwuKV/Li9Yw=,6qGsL0KAaLoB/y+IB6gMRdHA5lo=
19,-24,5oY4ld6jFsZvAgLtcwuKV/Li9Yw=,6qGsL0KAaLoB/y+IB6gMRdHA5lo=
20,-22,5oY4ld6jFsZvAgLtcwuKV/Li9Yw=,6qGsL0KAaLoB/y+IB6gMRdHA5lo=
20,-24,5oY4ld6jFsZvAgLtcwuKV/Li9Yw=,6qGsL0KAaLoB/y+IB6gMRdHA5lo=
21,-24,5oY4ld6jFsZvAgLtcwuKV/Li9Yw=,6qGsL0KAaLoB/y+IB6gMRdHA5lo=
21,-22,5oY4ld6jFsZvAgLtcwuKV/Li9Yw=,6qGsL0KAaLoB/y+IB6gMRdHA5lo=
22,-24,5oY4ld6jFsZvAgLtcwuKV/Li9Yw=,6qGsL0KAaLoB/y+IB6gMRdHA5lo=
23,-24,5oY4ld6jFsZvAgLtcwuKV/Li9Yw=,6qGsL0KAaLoB/y+IB6gMRdHA5lo=
22,-22,5oY4ld6jFsZvAgLtcwuKV/Li9Yw=,6qGsL0KAaLoB/y+IB6gMRdHA5lo=
22,-18,5oY4ld6jFsZvAgLtcwuKV/Li9Yw=,6qGsL0KAaLoB/y+IB6gMRdHA5lo=
16,-23,5oY4ld6jFsZvAgLtcwuKV/Li9Yw=,6qGsL0KAaLoB/y+IB6gMRdHA5lo=
23,-18,5oY4ld6jFsZvAgLtcwuKV/Li9Yw=,6qGsL0KAaLoB/y+IB6gMRdHA5lo=
26,-19,BJsbOc9L8cqHD5MqY13SZuzMsQE=,Z1+sZQl1FfyshcqEdZQkmsAS8sk=
20,-18,5oY4ld6jFsZvAgLtcwuKV/Li9Yw=,6qGsL0KAaLoB/y+IB6gMRdHA5lo=
17,-18,5oY4ld6jFsZvAgLtcwuKV/Li9Yw=,6qGsL0KAaLoB/y+IB6gMRdHA5lo=
26,-18,BJsbOc9L8cqHD5MqY13SZuzMsQE=,Z1+sZQl1FfyshcqEdZQkmsAS8sk=
24,-18,BJsbOc9L8cqHD5MqY13SZuzMsQE=,Z1+sZQl1FfyshcqEdZQkmsAS8sk=
17,-23,5oY4ld6jFsZvAgLtcwuKV/Li9Yw=,6qGsL0KAaLoB/y+IB6gMRdHA5lo=
23,-22,5oY4ld6jFsZvAgLtcwuKV/Li9Yw=,6qGsL0KAaLoB/y+IB6gMRdHA5lo=
24,-17,BJsbOc9L8cqHD5MqY13SZuzMsQE=,Z1+sZQl1FfyshcqEdZQkmsAS8sk=
26,-17,BJsbOc9L8cqHD5MqY13SZuzMsQE=,Z1+sZQl1FfyshcqEdZQkmsAS8sk=
20,-19,5oY4ld6jFsZvAgLtcwuKV/Li9Yw=,6qGsL0KAaLoB/y+IB6gMRdHA5lo=
17,-21,5oY4ld6jFsZvAgLtcwuKV/Li9Yw=,6qGsL0KAaLoB/y+IB6gMRdHA5lo=
18,-21,5oY4ld6jFsZvAgLtcwuKV/Li9Yw=,6qGsL0KAaLoB/y+IB6gMRdHA5lo=
26,-22,BJsbOc9L8cqHD5MqY13SZuzMsQE=,Z1+sZQl1FfyshcqEdZQkmsAS8sk=
19,-21,5oY4ld6jFsZvAgLtcwuKV/Li9Yw=,6qGsL0KAaLoB/y+IB6gMRdHA5lo=
24,-23,BJsbOc9L8cqHD5MqY13SZuzMsQE=,Z1+sZQl1FfyshcqEdZQkmsAS8sk=
18,-23,5oY4ld6jFsZvAgLtcwuKV/Li9Yw=,6qGsL0KAaLoB/y+IB6gMRdHA5lo=
19,-23,5oY4ld6jFsZvAgLtcwuKV/Li9Yw=,6qGsL0KAaLoB/y+IB6gMRdHA5lo=
20,-23,5oY4ld6jFsZvAgLtcwuKV/Li9Yw=,6qGsL0KAaLoB/y+IB6gMRdHA5lo=
19,-19,5oY4ld6jFsZvAgLtcwuKV/Li9Yw=,6qGsL0KAaLoB/y+IB6gMRdHA5lo=
20,-21,5oY4ld6jFsZvAgLtcwuKV/Li9Yw=,6qGsL0KAaLoB/y+IB6gMRdHA5lo=
21,-23,5oY4ld6jFsZvAgLtcwuKV/Li9Yw=,6qGsL0KAaLoB/y+IB6gMRdHA5lo=
25,-17,BJsbOc9L8cqHD5MqY13SZuzMsQE=,Z1+sZQl1FfyshcqEdZQkmsAS8sk=
19,-17,5oY4ld6jFsZvAgLtcwuKV/Li9Yw=,6qGsL0KAaLoB/y+IB6gMRdHA5lo=
20,-17,5oY4ld6jFsZvAgLtcwuKV/Li9Yw=,6qGsL0KAaLoB/y+IB6gMRdHA5lo=
22,-23,5oY4ld6jFsZvAgLtcwuKV/Li9Yw=,6qGsL0KAaLoB/y+IB6gMRdHA5lo=
23,-23,5oY4ld6jFsZvAgLtcwuKV/Li9Yw=,6qGsL0KAaLoB/y+IB6gMRdHA5lo=
16,-22,5oY4ld6jFsZvAgLtcwuKV/Li9Yw=,6qGsL0KAaLoB/y+IB6gMRdHA5lo=
16,-21,5oY4ld6jFsZvAgLtcwuKV/Li9Yw=,6qGsL0KAaLoB/y+IB6gMRdHA5lo=
21,-21,5oY4ld6jFsZvAgLtcwuKV/Li9Yw=,6qGsL0KAaLoB/y+IB6gMRdHA5lo=
18,-17,5oY4ld6jFsZvAgLtcwuKV/Li9Yw=,6qGsL0KAaLoB/y+IB6gMRdHA5lo=
16,-17,5oY4ld6jFsZvAgLtcwuKV/Li9Yw=,6qGsL0KAaLoB/y+IB6gMRdHA5lo=
23,-19,5oY4ld6jFsZvAgLtcwuKV/Li9Yw=,6qGsL0KAaLoB/y+IB6gMRdHA5lo=
17,-22,5oY4ld6jFsZvAgLtcwuKV/Li9Yw=,6qGsL0KAaLoB/y+IB6gMRdHA5lo=
18,-22,ZU8g2Y4FomwUnmP2iMkjenDJ+To=,6qGsL0KAaLoB/y+IB6gMRdHA5lo=
19,-22,ZU8g2Y4FomwUnmP2iMkjenDJ+To=,6qGsL0KAaLoB/y+IB6gMRdHA5lo=
23,-21,5oY4ld6jFsZvAgLtcwuKV/Li9Yw=,6qGsL0KAaLoB/y+IB6gMRdHA5lo=
22,-21,5oY4ld6jFsZvAgLtcwuKV/Li9Yw=,6qGsL0KAaLoB/y+IB6gMRdHA5lo=
21,-19,5oY4ld6jFsZvAgLtcwuKV/Li9Yw=,6qGsL0KAaLoB/y+IB6gMRdHA5lo=
22,-19,5oY4ld6jFsZvAgLtcwuKV/Li9Yw=,6qGsL0KAaLoB/y+IB6gMRdHA5lo=
24,-19,BJsbOc9L8cqHD5MqY13SZuzMsQE=,Z1+sZQl1FfyshcqEdZQkmsAS8sk=
17,-17,5oY4ld6jFsZvAgLtcwuKV/Li9Yw=,6qGsL0KAaLoB/y+IB6gMRdHA5lo=
22,-17,5oY4ld6jFsZvAgLtcwuKV/Li9Yw=,6qGsL0KAaLoB/y+IB6gMRdHA5lo=
25,-18,BJsbOc9L8cqHD5MqY13SZuzMsQE=,Z1+sZQl1FfyshcqEdZQkmsAS8sk=
23,-17,5oY4ld6jFsZvAgLtcwuKV/Li9Yw=,6qGsL0KAaLoB/y+IB6gMRdHA5lo=
21,-17,5oY4ld6jFsZvAgLtcwuKV/Li9Yw=,6qGsL0KAaLoB/y+IB6gMRdHA5lo=
25,-19,BJsbOc9L8cqHD5MqY13SZuzMsQE=,Z1+sZQl1FfyshcqEdZQkmsAS8sk=
24,-20,BJsbOc9L8cqHD5MqY13SZuzMsQE=,Z1+sZQl1FfyshcqEdZQkmsAS8sk=
