-6,-73,Qogy9HchFFTFsbjxtRrelvfMj7c=,8Qc3+JlodPW8XqxytxPCAOqgNd8=
-5,-73,Qogy9HchFFTFsbjxtRrelvfMj7c=,8Qc3+JlodPW8XqxytxPCAOqgNd8=
-8,-73,Qogy9HchFFTFsbjxtRrelvfMj7c=,8Qc3+JlodPW8XqxytxPCAOqgNd8=
-7,-73,Qogy9HchFFTFsbjxtRrelvfMj7c=,8Qc3+JlodPW8XqxytxPCAOqgNd8=
-9,-73,Qogy9HchFFTFsbjxtRrelvfMj7c=,8Qc3+JlodPW8XqxytxPCAOqgNd8=
-9,-71,Qogy9HchFFTFsbjxtRrelvfMj7c=,8Qc3+JlodPW8XqxytxPCAOqgNd8=
-10,-73,Qogy9HchFFTFsbjxtRrelvfMj7c=,8Qc3+JlodPW8XqxytxPCAOqgNd8=
-9,-74,Qogy9HchFFTFsbjxtRrelvfMj7c=,8Qc3+JlodPW8XqxytxPCAOqgNd8=
-3,-74,iwuFL9+wymo696Y4pa1RVG0XP00=,8Qc3+JlodPW8XqxytxPCAOqgNd8=
-10,-74,iwuFL9+wymo696Y4pa1RVG0XP00=,8Qc3+JlodPW8XqxytxPCAOqgNd8=
-4,-74,iwuFL9+wymo696Y4pa1RVG0XP00=,8Qc3+JlodPW8XqxytxPCAOqgNd8=
-4,-71,iwuFL9+wymo696Y4pa1RVG0XP00=,8Qc3+JlodPW8XqxytxPCAOqgNd8=
-8,-72,iwuFL9+wymo696Y4pa1RVG0XP00=,8Qc3+JlodPW8XqxytxPCAOqgNd8=
-8,-74,iwuFL9+wymo696Y4pa1RVG0XP00=,8Qc3+JlodPW8XqxytxPCAOqgNd8=
-7,-74,iwuFL9+wymo696Y4pa1RVG0XP00=,8Qc3+JlodPW8XqxytxPCAOqgNd8=
-3,-73,iwuFL9+wymo696Y4pa1RVG0XP00=,8Qc3+JlodPW8XqxytxPCAOqgNd8=
-8,-71,iwuFL9+wymo696Y4pa1RVG0XP00=,8Qc3+JlodPW8XqxytxPCAOqgNd8=
-5,-71,iwuFL9+wymo696Y4pa1RVG0XP00=,8Qc3+JlodPW8XqxytxPCAOqgNd8=
-4,-73,iwuFL9+wymo696Y4pa1RVG0XP00=,8Qc3+JlodPW8XqxytxPCAOqgNd8=
-3,-71,iwuFL9+wymo696Y4pa1RVG0XP00=,8Qc3+JlodPW8XqxytxPCAOqgNd8=
-7,-71,iwuFL9+wymo696Y4pa1RVG0XP00=,8Qc3+JlodPW8XqxytxPCAOqgNd8=
-10,-71,iwuFL9+wymo696Y4pa1RVG0XP00=,8Qc3+JlodPW8XqxytxPCAOqgNd8=
-9,-72,iwuFL9+wymo696Y4pa1RVG0XP00=,8Qc3+JlodPW8XqxytxPCAOqgNd8=
-10,-72,iwuFL9+wymo696Y4pa1RVG0XP00=,8Qc3+JlodPW8XqxytxPCAOqgNd8=
-6,-72,iwuFL9+wymo696Y4pa1RVG0XP00=,8Qc3+JlodPW8XqxytxPCAOqgNd8=
-4,-72,iwuFL9+wymo696Y4pa1RVG0XP00=,8Qc3+JlodPW8XqxytxPCAOqgNd8=
-6,-74,iwuFL9+wymo696Y4pa1RVG0XP00=,8Qc3+JlodPW8XqxytxPCAOqgNd8=
-3,-72,iwuFL9+wymo696Y4pa1RVG0XP00=,8Qc3+JlodPW8XqxytxPCAOqgNd8=
-5,-72,iwuFL9+wymo696Y4pa1RVG0XP00=,8Qc3+JlodPW8XqxytxPCAOqgNd8=
-7,-72,iwuFL9+wymo696Y4pa1RVG0XP00=,8Qc3+JlodPW8XqxytxPCAOqgNd8=
-5,-74,iwuFL9+wymo696Y4pa1RVG0XP00=,8Qc3+JlodPW8XqxytxPCAOqgNd8=
-6,-71,iwuFL9+wymo696Y4pa1RVG0XP00=,8Qc3+JlodPW8XqxytxPCAOqgNd8=
-12,-73,kIaEKFb0V+hHlEcFXWcUMg9bvjQ=,8Qc3+JlodPW8XqxytxPCAOqgNd8=
-11,-74,kIaEKFb0V+hHlEcFXWcUMg9bvjQ=,8Qc3+JlodPW8XqxytxPCAOqgNd8=
-12,-74,kIaEKFb0V+hHlEcFXWcUMg9bvjQ=,8Qc3+JlodPW8XqxytxPCAOqgNd8=
-11,-67,kIaEKFb0V+hHlEcFXWcUMg9bvjQ=,8Qc3+JlodPW8XqxytxPCAOqgNd8=
-12,-67,kIaEKFb0V+hHlEcFXWcUMg9bvjQ=,8Qc3+JlodPW8XqxytxPCAOqgNd8=
-11,-68,kIaEKFb0V+hHlEcFXWcUMg9bvjQ=,8Qc3+JlodPW8XqxytxPCAOqgNd8=
-12,-68,kIaEKFb0V+hHlEcFXWcUMg9bvjQ=,8Qc3+JlodPW8XqxytxPCAOqgNd8=
-12,-72,kIaEKFb0V+hHlEcFXWcUMg9bvjQ=,8Qc3+JlodPW8XqxytxPCAOqgNd8=
-11,-72,kIaEKFb0V+hHlEcFXWcUMg9bvjQ=,8Qc3+JlodPW8XqxytxPCAOqgNd8=
-12,-71,kIaEKFb0V+hHlEcFXWcUMg9bvjQ=,8Qc3+JlodPW8XqxytxPCAOqgNd8=
-11,-71,kIaEKFb0V+hHlEcFXWcUMg9bvjQ=,8Qc3+JlodPW8XqxytxPCAOqgNd8=
-12,-70,kIaEKFb0V+hHlEcFXWcUMg9bvjQ=,8Qc3+JlodPW8XqxytxPCAOqgNd8=
-11,-70,kIaEKFb0V+hHlEcFXWcUMg9bvjQ=,8Qc3+JlodPW8XqxytxPCAOqgNd8=
-12,-69,kIaEKFb0V+hHlEcFXWcUMg9bvjQ=,8Qc3+JlodPW8XqxytxPCAOqgNd8=
-11,-69,kIaEKFb0V+hHlEcFXWcUMg9bvjQ=,8Qc3+JlodPW8XqxytxPCAOqgNd8=
-11,-73,kIaEKFb0V+hHlEcFXWcUMg9bvjQ=,8Qc3+JlodPW8XqxytxPCAOqgNd8=
-2,-72,kIaEKFb0V+hHlEcFXWcUMg9bvjQ=,8Qc3+JlodPW8XqxytxPCAOqgNd8=
-2,-74,kIaEKFb0V+hHlEcFXWcUMg9bvjQ=,8Qc3+JlodPW8XqxytxPCAOqgNd8=
-1,-74,kIaEKFb0V+hHlEcFXWcUMg9bvjQ=,8Qc3+JlodPW8XqxytxPCAOqgNd8=
-1,-71,kIaEKFb0V+hHlEcFXWcUMg9bvjQ=,8Qc3+JlodPW8XqxytxPCAOqgNd8=
-2,-71,kIaEKFb0V+hHlEcFXWcUMg9bvjQ=,8Qc3+JlodPW8XqxytxPCAOqgNd8=
-1,-73,kIaEKFb0V+hHlEcFXWcUMg9bvjQ=,8Qc3+JlodPW8XqxytxPCAOqgNd8=
-2,-73,kIaEKFb0V+hHlEcFXWcUMg9bvjQ=,8Qc3+JlodPW8XqxytxPCAOqgNd8=
-1,-72,kIaEKFb0V+hHlEcFXWcUMg9bvjQ=,8Qc3+JlodPW8XqxytxPCAOqgNd8=
-2,-70,nnL64i7pEV5aa1WeI1GIAR+PS6s=,8Qc3+JlodPW8XqxytxPCAOqgNd8=
-1,-70,nnL64i7pEV5aa1WeI1GIAR+PS6s=,8Qc3+JlodPW8XqxytxPCAOqgNd8=
-2,-69,nnL64i7pEV5aa1WeI1GIAR+PS6s=,8Qc3+JlodPW8XqxytxPCAOqgNd8=
-1,-68,nnL64i7pEV5aa1WeI1GIAR+PS6s=,8Qc3+JlodPW8XqxytxPCAOqgNd8=
-1,-69,nnL64i7pEV5aa1WeI1GIAR+PS6s=,8Qc3+JlodPW8XqxytxPCAOqgNd8=
-2,-68,nnL64i7pEV5aa1WeI1GIAR+PS6s=,8Qc3+JlodPW8XqxytxPCAOqgNd8=
-2,-67,nnL64i7pEV5aa1WeI1GIAR+PS6s=,8Qc3+JlodPW8XqxytxPCAOqgNd8=
-1,-67,nnL64i7pEV5aa1WeI1GIAR+PS6s=,8Qc3+JlodPW8XqxytxPCAOqgNd8=
-1,-65,nnL64i7pEV5aa1WeI1GIAR+PS6s=,8Qc3+JlodPW8XqxytxPCAOqgNd8=
-2,-65,nnL64i7pEV5aa1WeI1GIAR+PS6s=,8Qc3+JlodPW8XqxytxPCAOqgNd8=
-1,-66,nnL64i7pEV5aa1WeI1GIAR+PS6s=,8Qc3+JlodPW8XqxytxPCAOqgNd8=
-2,-66,nnL64i7pEV5aa1WeI1GIAR+PS6s=,8Qc3+JlodPW8XqxytxPCAOqgNd8=
-11,-65,nnL64i7pEV5aa1WeI1GIAR+PS6s=,8Qc3+JlodPW8XqxytxPCAOqgNd8=
-12,-65,nnL64i7pEV5aa1WeI1GIAR+PS6s=,8Qc3+JlodPW8XqxytxPCAOqgNd8=
-11,-66,nnL64i7pEV5aa1WeI1GIAR+PS6s=,8Qc3+JlodPW8XqxytxPCAOqgNd8=
-12,-66,nnL64i7pEV5aa1WeI1GIAR+PS6s=,8Qc3+JlodPW8XqxytxPCAOqgNd8=
-12,-75,nnL64i7pEV5aa1WeI1GIAR+PS6s=,8Qc3+JlodPW8XqxytxPCAOqgNd8=
-12,-76,nnL64i7pEV5aa1WeI1GIAR+PS6s=,8Qc3+JlodPW8XqxytxPCAOqgNd8=
-11,-75,nnL64i7pEV5aa1WeI1GIAR+PS6s=,8Qc3+JlodPW8XqxytxPCAOqgNd8=
-11,-77,nnL64i7pEV5aa1WeI1GIAR+PS6s=,8Qc3+JlodPW8XqxytxPCAOqgNd8=
-11,-76,nnL64i7pEV5aa1WeI1GIAR+PS6s=,8Qc3+JlodPW8XqxytxPCAOqgNd8=
-12,-77,nnL64i7pEV5aa1WeI1GIAR+PS6s=,8Qc3+JlodPW8XqxytxPCAOqgNd8=
-12,-78,nnL64i7pEV5aa1WeI1GIAR+PS6s=,8Qc3+JlodPW8XqxytxPCAOqgNd8=
-11,-78,nnL64i7pEV5aa1WeI1GIAR+PS6s=,8Qc3+JlodPW8XqxytxPCAOqgNd8=
-11,-80,nnL64i7pEV5aa1WeI1GIAR+PS6s=,8Qc3+JlodPW8XqxytxPCAOqgNd8=
-12,-80,nnL64i7pEV5aa1WeI1GIAR+PS6s=,8Qc3+JlodPW8XqxytxPCAOqgNd8=
-11,-79,nnL64i7pEV5aa1WeI1GIAR+PS6s=,8Qc3+JlodPW8XqxytxPCAOqgNd8=
-12,-79,nnL64i7pEV5aa1WeI1GIAR+PS6s=,8Qc3+JlodPW8XqxytxPCAOqgNd8=
-9,-77,L6fUHbROoJCCHpT5trjucAENDJ0=,8Qc3+JlodPW8XqxytxPCAOqgNd8=
-10,-77,L6fUHbROoJCCHpT5trjucAENDJ0=,8Qc3+JlodPW8XqxytxPCAOqgNd8=
-8,-77,L6fUHbROoJCCHpT5trjucAENDJ0=,8Qc3+JlodPW8XqxytxPCAOqgNd8=
-9,-75,L6fUHbROoJCCHpT5trjucAENDJ0=,8Qc3+JlodPW8XqxytxPCAOqgNd8=
-10,-75,L6fUHbROoJCCHpT5trjucAENDJ0=,8Qc3+JlodPW8XqxytxPCAOqgNd8=
-7,-77,L6fUHbROoJCCHpT5trjucAENDJ0=,8Qc3+JlodPW8XqxytxPCAOqgNd8=
-9,-78,L6fUHbROoJCCHpT5trjucAENDJ0=,8Qc3+JlodPW8XqxytxPCAOqgNd8=
-10,-78,L6fUHbROoJCCHpT5trjucAENDJ0=,8Qc3+JlodPW8XqxytxPCAOqgNd8=
-8,-78,L6fUHbROoJCCHpT5trjucAENDJ0=,8Qc3+JlodPW8XqxytxPCAOqgNd8=
-9,-79,L6fUHbROoJCCHpT5trjucAENDJ0=,8Qc3+JlodPW8XqxytxPCAOqgNd8=
-10,-79,L6fUHbROoJCCHpT5trjucAENDJ0=,8Qc3+JlodPW8XqxytxPCAOqgNd8=
-9,-76,L6fUHbROoJCCHpT5trjucAENDJ0=,8Qc3+JlodPW8XqxytxPCAOqgNd8=
-10,-76,L6fUHbROoJCCHpT5trjucAENDJ0=,8Qc3+JlodPW8XqxytxPCAOqgNd8=
-8,-75,L6fUHbROoJCCHpT5trjucAENDJ0=,8Qc3+JlodPW8XqxytxPCAOqgNd8=
-8,-79,L6fUHbROoJCCHpT5trjucAENDJ0=,8Qc3+JlodPW8XqxytxPCAOqgNd8=
-9,-80,L6fUHbROoJCCHpT5trjucAENDJ0=,8Qc3+JlodPW8XqxytxPCAOqgNd8=
-10,-80,L6fUHbROoJCCHpT5trjucAENDJ0=,8Qc3+JlodPW8XqxytxPCAOqgNd8=
-8,-76,L6fUHbROoJCCHpT5trjucAENDJ0=,8Qc3+JlodPW8XqxytxPCAOqgNd8=
-7,-75,L6fUHbROoJCCHpT5trjucAENDJ0=,8Qc3+JlodPW8XqxytxPCAOqgNd8=
-7,-76,L6fUHbROoJCCHpT5trjucAENDJ0=,8Qc3+JlodPW8XqxytxPCAOqgNd8=
-8,-80,L6fUHbROoJCCHpT5trjucAENDJ0=,8Qc3+JlodPW8XqxytxPCAOqgNd8=
-7,-78,L6fUHbROoJCCHpT5trjucAENDJ0=,8Qc3+JlodPW8XqxytxPCAOqgNd8=
-7,-79,L6fUHbROoJCCHpT5trjucAENDJ0=,8Qc3+JlodPW8XqxytxPCAOqgNd8=
-7,-80,L6fUHbROoJCCHpT5trjucAENDJ0=,8Qc3+JlodPW8XqxytxPCAOqgNd8=
-9,-69,L6fUHbROoJCCHpT5trjucAENDJ0=,8Qc3+JlodPW8XqxytxPCAOqgNd8=
-9,-65,L6fUHbROoJCCHpT5trjucAENDJ0=,8Qc3+JlodPW8XqxytxPCAOqgNd8=
-10,-65,L6fUHbROoJCCHpT5trjucAENDJ0=,8Qc3+JlodPW8XqxytxPCAOqgNd8=
-9,-66,L6fUHbROoJCCHpT5trjucAENDJ0=,8Qc3+JlodPW8XqxytxPCAOqgNd8=
-10,-66,L6fUHbROoJCCHpT5trjucAENDJ0=,8Qc3+JlodPW8XqxytxPCAOqgNd8=
-3,-66,L6fUHbROoJCCHpT5trjucAENDJ0=,8Qc3+JlodPW8XqxytxPCAOqgNd8=
-5,-70,L6fUHbROoJCCHpT5trjucAENDJ0=,8Qc3+JlodPW8XqxytxPCAOqgNd8=
-5,-68,L6fUHbROoJCCHpT5trjucAENDJ0=,8Qc3+JlodPW8XqxytxPCAOqgNd8=
-3,-65,L6fUHbROoJCCHpT5trjucAENDJ0=,8Qc3+JlodPW8XqxytxPCAOqgNd8=
-5,-66,L6fUHbROoJCCHpT5trjucAENDJ0=,8Qc3+JlodPW8XqxytxPCAOqgNd8=
-5,-65,0JS0ree+sW1O7nMXnUeiGtG1u10=,8Qc3+JlodPW8XqxytxPCAOqgNd8=
-4,-66,0JS0ree+sW1O7nMXnUeiGtG1u10=,8Qc3+JlodPW8XqxytxPCAOqgNd8=
-6,-65,0JS0ree+sW1O7nMXnUeiGtG1u10=,8Qc3+JlodPW8XqxytxPCAOqgNd8=
-6,-69,0JS0ree+sW1O7nMXnUeiGtG1u10=,8Qc3+JlodPW8XqxytxPCAOqgNd8=
-8,-70,0JS0ree+sW1O7nMXnUeiGtG1u10=,8Qc3+JlodPW8XqxytxPCAOqgNd8=
-9,-67,0JS0ree+sW1O7nMXnUeiGtG1u10=,8Qc3+JlodPW8XqxytxPCAOqgNd8=
-10,-67,0JS0ree+sW1O7nMXnUeiGtG1u10=,8Qc3+JlodPW8XqxytxPCAOqgNd8=
-4,-65,0JS0ree+sW1O7nMXnUeiGtG1u10=,8Qc3+JlodPW8XqxytxPCAOqgNd8=
-6,-68,0JS0ree+sW1O7nMXnUeiGtG1u10=,8Qc3+JlodPW8XqxytxPCAOqgNd8=
-9,-68,0JS0ree+sW1O7nMXnUeiGtG1u10=,8Qc3+JlodPW8XqxytxPCAOqgNd8=
-10,-68,0JS0ree+sW1O7nMXnUeiGtG1u10=,8Qc3+JlodPW8XqxytxPCAOqgNd8=
-8,-65,0JS0ree+sW1O7nMXnUeiGtG1u10=,8Qc3+JlodPW8XqxytxPCAOqgNd8=
-6,-66,0JS0ree+sW1O7nMXnUeiGtG1u10=,8Qc3+JlodPW8XqxytxPCAOqgNd8=
-7,-68,0JS0ree+sW1O7nMXnUeiGtG1u10=,8Qc3+JlodPW8XqxytxPCAOqgNd8=
-8,-68,0JS0ree+sW1O7nMXnUeiGtG1u10=,8Qc3+JlodPW8XqxytxPCAOqgNd8=
-8,-66,0JS0ree+sW1O7nMXnUeiGtG1u10=,8Qc3+JlodPW8XqxytxPCAOqgNd8=
-7,-70,0JS0ree+sW1O7nMXnUeiGtG1u10=,8Qc3+JlodPW8XqxytxPCAOqgNd8=
-6,-70,0JS0ree+sW1O7nMXnUeiGtG1u10=,8Qc3+JlodPW8XqxytxPCAOqgNd8=
-3,-68,0JS0ree+sW1O7nMXnUeiGtG1u10=,8Qc3+JlodPW8XqxytxPCAOqgNd8=
-8,-69,0JS0ree+sW1O7nMXnUeiGtG1u10=,8Qc3+JlodPW8XqxytxPCAOqgNd8=
-8,-67,0JS0ree+sW1O7nMXnUeiGtG1u10=,8Qc3+JlodPW8XqxytxPCAOqgNd8=
-7,-65,0JS0ree+sW1O7nMXnUeiGtG1u10=,8Qc3+JlodPW8XqxytxPCAOqgNd8=
-3,-67,0JS0ree+sW1O7nMXnUeiGtG1u10=,8Qc3+JlodPW8XqxytxPCAOqgNd8=
-4,-67,0JS0ree+sW1O7nMXnUeiGtG1u10=,8Qc3+JlodPW8XqxytxPCAOqgNd8=
-7,-69,0JS0ree+sW1O7nMXnUeiGtG1u10=,8Qc3+JlodPW8XqxytxPCAOqgNd8=
-10,-70,0JS0ree+sW1O7nMXnUeiGtG1u10=,8Qc3+JlodPW8XqxytxPCAOqgNd8=
-9,-70,0JS0ree+sW1O7nMXnUeiGtG1u10=,8Qc3+JlodPW8XqxytxPCAOqgNd8=
-10,-69,0JS0ree+sW1O7nMXnUeiGtG1u10=,8Qc3+JlodPW8XqxytxPCAOqgNd8=
-3,-70,0JS0ree+sW1O7nMXnUeiGtG1u10=,8Qc3+JlodPW8XqxytxPCAOqgNd8=
-5,-69,0JS0ree+sW1O7nMXnUeiGtG1u10=,8Qc3+JlodPW8XqxytxPCAOqgNd8=
-7,-66,0JS0ree+sW1O7nMXnUeiGtG1u10=,8Qc3+JlodPW8XqxytxPCAOqgNd8=
-7,-67,0JS0ree+sW1O7nMXnUeiGtG1u10=,8Qc3+JlodPW8XqxytxPCAOqgNd8=
-4,-70,0JS0ree+sW1O7nMXnUeiGtG1u10=,8Qc3+JlodPW8XqxytxPCAOqgNd8=
-3,-69,0JS0ree+sW1O7nMXnUeiGtG1u10=,8Qc3+JlodPW8XqxytxPCAOqgNd8=
-5,-67,0JS0ree+sW1O7nMXnUeiGtG1u10=,8Qc3+JlodPW8XqxytxPCAOqgNd8=
-4,-68,0JS0ree+sW1O7nMXnUeiGtG1u10=,8Qc3+JlodPW8XqxytxPCAOqgNd8=
-4,-69,0JS0ree+sW1O7nMXnUeiGtG1u10=,8Qc3+JlodPW8XqxytxPCAOqgNd8=
-6,-67,0JS0ree+sW1O7nMXnUeiGtG1u10=,8Qc3+JlodPW8XqxytxPCAOqgNd8=
-1,-78,0JS0ree+sW1O7nMXnUeiGtG1u10=,8Qc3+JlodPW8XqxytxPCAOqgNd8=
-2,-78,0JS0ree+sW1O7nMXnUeiGtG1u10=,8Qc3+JlodPW8XqxytxPCAOqgNd8=
-5,-77,0JS0ree+sW1O7nMXnUeiGtG1u10=,8Qc3+JlodPW8XqxytxPCAOqgNd8=
-1,-76,0JS0ree+sW1O7nMXnUeiGtG1u10=,8Qc3+JlodPW8XqxytxPCAOqgNd8=
-2,-76,0JS0ree+sW1O7nMXnUeiGtG1u10=,8Qc3+JlodPW8XqxytxPCAOqgNd8=
-3,-76,0JS0ree+sW1O7nMXnUeiGtG1u10=,8Qc3+JlodPW8XqxytxPCAOqgNd8=
-3,-78,0JS0ree+sW1O7nMXnUeiGtG1u10=,8Qc3+JlodPW8XqxytxPCAOqgNd8=
-6,-77,0JS0ree+sW1O7nMXnUeiGtG1u10=,8Qc3+JlodPW8XqxytxPCAOqgNd8=
-1,-77,0JS0ree+sW1O7nMXnUeiGtG1u10=,8Qc3+JlodPW8XqxytxPCAOqgNd8=
-1,-79,0JS0ree+sW1O7nMXnUeiGtG1u10=,8Qc3+JlodPW8XqxytxPCAOqgNd8=
-5,-75,0JS0ree+sW1O7nMXnUeiGtG1u10=,8Qc3+JlodPW8XqxytxPCAOqgNd8=
-2,-77,0JS0ree+sW1O7nMXnUeiGtG1u10=,8Qc3+JlodPW8XqxytxPCAOqgNd8=
-1,-80,0JS0ree+sW1O7nMXnUeiGtG1u10=,8Qc3+JlodPW8XqxytxPCAOqgNd8=
-1,-75,0JS0ree+sW1O7nMXnUeiGtG1u10=,8Qc3+JlodPW8XqxytxPCAOqgNd8=
-2,-75,0JS0ree+sW1O7nMXnUeiGtG1u10=,8Qc3+JlodPW8XqxytxPCAOqgNd8=
-3,-75,0JS0ree+sW1O7nMXnUeiGtG1u10=,8Qc3+JlodPW8XqxytxPCAOqgNd8=
-4,-75,0JS0ree+sW1O7nMXnUeiGtG1u10=,8Qc3+JlodPW8XqxytxPCAOqgNd8=
-5,-80,0JS0ree+sW1O7nMXnUeiGtG1u10=,8Qc3+JlodPW8XqxytxPCAOqgNd8=
-2,-79,0JS0ree+sW1O7nMXnUeiGtG1u10=,8Qc3+JlodPW8XqxytxPCAOqgNd8=
-5,-79,0JS0ree+sW1O7nMXnUeiGtG1u10=,8Qc3+JlodPW8XqxytxPCAOqgNd8=
-4,-80,0JS0ree+sW1O7nMXnUeiGtG1u10=,8Qc3+JlodPW8XqxytxPCAOqgNd8=
-5,-76,0JS0ree+sW1O7nMXnUeiGtG1u10=,8Qc3+JlodPW8XqxytxPCAOqgNd8=
-3,-77,0JS0ree+sW1O7nMXnUeiGtG1u10=,8Qc3+JlodPW8XqxytxPCAOqgNd8=
-6,-78,0JS0ree+sW1O7nMXnUeiGtG1u10=,8Qc3+JlodPW8XqxytxPCAOqgNd8=
-3,-80,0JS0ree+sW1O7nMXnUeiGtG1u10=,8Qc3+JlodPW8XqxytxPCAOqgNd8=
-4,-76,0JS0ree+sW1O7nMXnUeiGtG1u10=,8Qc3+JlodPW8XqxytxPCAOqgNd8=
-6,-76,0JS0ree+sW1O7nMXnUeiGtG1u10=,8Qc3+JlodPW8XqxytxPCAOqgNd8=
-5,-78,0JS0ree+sW1O7nMXnUeiGtG1u10=,8Qc3+JlodPW8XqxytxPCAOqgNd8=
-4,-79,0JS0ree+sW1O7nMXnUeiGtG1u10=,8Qc3+JlodPW8XqxytxPCAOqgNd8=
-6,-75,0JS0ree+sW1O7nMXnUeiGtG1u10=,8Qc3+JlodPW8XqxytxPCAOqgNd8=
-4,-77,0JS0ree+sW1O7nMXnUeiGtG1u10=,8Qc3+JlodPW8XqxytxPCAOqgNd8=
-4,-78,0JS0ree+sW1O7nMXnUeiGtG1u10=,8Qc3+JlodPW8XqxytxPCAOqgNd8=
-6,-79,0JS0ree+sW1O7nMXnUeiGtG1u10=,8Qc3+JlodPW8XqxytxPCAOqgNd8=
-6,-80,0JS0ree+sW1O7nMXnUeiGtG1u10=,8Qc3+JlodPW8XqxytxPCAOqgNd8=
-3,-79,0JS0ree+sW1O7nMXnUeiGtG1u10=,8Qc3+JlodPW8XqxytxPCAOqgNd8=
-2,-80,0JS0ree+sW1O7nMXnUeiGtG1u10=,8Qc3+JlodPW8XqxytxPCAOqgNd8=
-4,-90,Jv/+bydBxxiCjNgO7/4znV4QHO4=,8Qc3+JlodPW8XqxytxPCAOqgNd8=
-9,-85,Jv/+bydBxxiCjNgO7/4znV4QHO4=,8Qc3+JlodPW8XqxytxPCAOqgNd8=
-10,-89,Jv/+bydBxxiCjNgO7/4znV4QHO4=,8Qc3+JlodPW8XqxytxPCAOqgNd8=
-10,-85,/hryKcwpjLqTjxhiuxsM7wzgroM=,8Qc3+JlodPW8XqxytxPCAOqgNd8=
-3,-88,/hryKcwpjLqTjxhiuxsM7wzgroM=,8Qc3+JlodPW8XqxytxPCAOqgNd8=
-5,-89,/hryKcwpjLqTjxhiuxsM7wzgroM=,8Qc3+JlodPW8XqxytxPCAOqgNd8=
-10,-90,/hryKcwpjLqTjxhiuxsM7wzgroM=,8Qc3+JlodPW8XqxytxPCAOqgNd8=
-4,-88,/hryKcwpjLqTjxhiuxsM7wzgroM=,8Qc3+JlodPW8XqxytxPCAOqgNd8=
-5,-90,/hryKcwpjLqTjxhiuxsM7wzgroM=,8Qc3+JlodPW8XqxytxPCAOqgNd8=
-10,-83,/hryKcwpjLqTjxhiuxsM7wzgroM=,8Qc3+JlodPW8XqxytxPCAOqgNd8=
-9,-83,/hryKcwpjLqTjxhiuxsM7wzgroM=,8Qc3+JlodPW8XqxytxPCAOqgNd8=
-10,-86,/hryKcwpjLqTjxhiuxsM7wzgroM=,8Qc3+JlodPW8XqxytxPCAOqgNd8=
-9,-90,/hryKcwpjLqTjxhiuxsM7wzgroM=,8Qc3+JlodPW8XqxytxPCAOqgNd8=
-8,-83,/hryKcwpjLqTjxhiuxsM7wzgroM=,8Qc3+JlodPW8XqxytxPCAOqgNd8=
-5,-88,/hryKcwpjLqTjxhiuxsM7wzgroM=,8Qc3+JlodPW8XqxytxPCAOqgNd8=
-9,-86,/hryKcwpjLqTjxhiuxsM7wzgroM=,8Qc3+JlodPW8XqxytxPCAOqgNd8=
-6,-90,/hryKcwpjLqTjxhiuxsM7wzgroM=,8Qc3+JlodPW8XqxytxPCAOqgNd8=
-10,-87,/hryKcwpjLqTjxhiuxsM7wzgroM=,8Qc3+JlodPW8XqxytxPCAOqgNd8=
-3,-87,/hryKcwpjLqTjxhiuxsM7wzgroM=,8Qc3+JlodPW8XqxytxPCAOqgNd8=
-7,-90,/hryKcwpjLqTjxhiuxsM7wzgroM=,8Qc3+JlodPW8XqxytxPCAOqgNd8=
-8,-84,/hryKcwpjLqTjxhiuxsM7wzgroM=,8Qc3+JlodPW8XqxytxPCAOqgNd8=
-8,-85,/hryKcwpjLqTjxhiuxsM7wzgroM=,8Qc3+JlodPW8XqxytxPCAOqgNd8=
-7,-83,/hryKcwpjLqTjxhiuxsM7wzgroM=,8Qc3+JlodPW8XqxytxPCAOqgNd8=
-10,-88,/hryKcwpjLqTjxhiuxsM7wzgroM=,8Qc3+JlodPW8XqxytxPCAOqgNd8=
-4,-87,/hryKcwpjLqTjxhiuxsM7wzgroM=,8Qc3+JlodPW8XqxytxPCAOqgNd8=
-7,-89,/hryKcwpjLqTjxhiuxsM7wzgroM=,8Qc3+JlodPW8XqxytxPCAOqgNd8=
-3,-89,/hryKcwpjLqTjxhiuxsM7wzgroM=,8Qc3+JlodPW8XqxytxPCAOqgNd8=
-6,-89,/hryKcwpjLqTjxhiuxsM7wzgroM=,8Qc3+JlodPW8XqxytxPCAOqgNd8=
-9,-84,/hryKcwpjLqTjxhiuxsM7wzgroM=,8Qc3+JlodPW8XqxytxPCAOqgNd8=
-10,-84,/hryKcwpjLqTjxhiuxsM7wzgroM=,8Qc3+JlodPW8XqxytxPCAOqgNd8=
-3,-90,/hryKcwpjLqTjxhiuxsM7wzgroM=,8Qc3+JlodPW8XqxytxPCAOqgNd8=
-6,-87,/hryKcwpjLqTjxhiuxsM7wzgroM=,8Qc3+JlodPW8XqxytxPCAOqgNd8=
-8,-88,/hryKcwpjLqTjxhiuxsM7wzgroM=,8Qc3+JlodPW8XqxytxPCAOqgNd8=
-7,-84,/hryKcwpjLqTjxhiuxsM7wzgroM=,8Qc3+JlodPW8XqxytxPCAOqgNd8=
-5,-87,/hryKcwpjLqTjxhiuxsM7wzgroM=,8Qc3+JlodPW8XqxytxPCAOqgNd8=
-7,-86,/hryKcwpjLqTjxhiuxsM7wzgroM=,8Qc3+JlodPW8XqxytxPCAOqgNd8=
-9,-89,/hryKcwpjLqTjxhiuxsM7wzgroM=,8Qc3+JlodPW8XqxytxPCAOqgNd8=
-4,-89,/hryKcwpjLqTjxhiuxsM7wzgroM=,8Qc3+JlodPW8XqxytxPCAOqgNd8=
-7,-88,/hryKcwpjLqTjxhiuxsM7wzgroM=,8Qc3+JlodPW8XqxytxPCAOqgNd8=
-7,-87,/hryKcwpjLqTjxhiuxsM7wzgroM=,8Qc3+JlodPW8XqxytxPCAOqgNd8=
-8,-86,/hryKcwpjLqTjxhiuxsM7wzgroM=,8Qc3+JlodPW8XqxytxPCAOqgNd8=
-7,-85,/hryKcwpjLqTjxhiuxsM7wzgroM=,8Qc3+JlodPW8XqxytxPCAOqgNd8=
-8,-87,/hryKcwpjLqTjxhiuxsM7wzgroM=,8Qc3+JlodPW8XqxytxPCAOqgNd8=
-9,-88,/hryKcwpjLqTjxhiuxsM7wzgroM=,8Qc3+JlodPW8XqxytxPCAOqgNd8=
-8,-89,/hryKcwpjLqTjxhiuxsM7wzgroM=,8Qc3+JlodPW8XqxytxPCAOqgNd8=
-6,-88,/hryKcwpjLqTjxhiuxsM7wzgroM=,8Qc3+JlodPW8XqxytxPCAOqgNd8=
-8,-90,/hryKcwpjLqTjxhiuxsM7wzgroM=,8Qc3+JlodPW8XqxytxPCAOqgNd8=
-9,-87,/hryKcwpjLqTjxhiuxsM7wzgroM=,8Qc3+JlodPW8XqxytxPCAOqgNd8=
-10,-81,/hryKcwpjLqTjxhiuxsM7wzgroM=,8Qc3+JlodPW8XqxytxPCAOqgNd8=
-9,-81,/hryKcwpjLqTjxhiuxsM7wzgroM=,8Qc3+JlodPW8XqxytxPCAOqgNd8=
-9,-82,90wy/ey/1pOLeM/XlNiqIEy2LY0=,8Qc3+JlodPW8XqxytxPCAOqgNd8=
-10,-82,90wy/ey/1pOLeM/XlNiqIEy2LY0=,8Qc3+JlodPW8XqxytxPCAOqgNd8=
-8,-82,90wy/ey/1pOLeM/XlNiqIEy2LY0=,8Qc3+JlodPW8XqxytxPCAOqgNd8=
-4,-91,90wy/ey/1pOLeM/XlNiqIEy2LY0=,8Qc3+JlodPW8XqxytxPCAOqgNd8=
-8,-81,90wy/ey/1pOLeM/XlNiqIEy2LY0=,8Qc3+JlodPW8XqxytxPCAOqgNd8=
-3,-92,90wy/ey/1pOLeM/XlNiqIEy2LY0=,8Qc3+JlodPW8XqxytxPCAOqgNd8=
-5,-93,90wy/ey/1pOLeM/XlNiqIEy2LY0=,8Qc3+JlodPW8XqxytxPCAOqgNd8=
-4,-92,90wy/ey/1pOLeM/XlNiqIEy2LY0=,8Qc3+JlodPW8XqxytxPCAOqgNd8=
-5,-94,90wy/ey/1pOLeM/XlNiqIEy2LY0=,8Qc3+JlodPW8XqxytxPCAOqgNd8=
-9,-94,90wy/ey/1pOLeM/XlNiqIEy2LY0=,8Qc3+JlodPW8XqxytxPCAOqgNd8=
-10,-94,90wy/ey/1pOLeM/XlNiqIEy2LY0=,8Qc3+JlodPW8XqxytxPCAOqgNd8=
-9,-91,90wy/ey/1pOLeM/XlNiqIEy2LY0=,8Qc3+JlodPW8XqxytxPCAOqgNd8=
-5,-91,90wy/ey/1pOLeM/XlNiqIEy2LY0=,8Qc3+JlodPW8XqxytxPCAOqgNd8=
-5,-92,90wy/ey/1pOLeM/XlNiqIEy2LY0=,8Qc3+JlodPW8XqxytxPCAOqgNd8=
-10,-91,90wy/ey/1pOLeM/XlNiqIEy2LY0=,8Qc3+JlodPW8XqxytxPCAOqgNd8=
-7,-91,90wy/ey/1pOLeM/XlNiqIEy2LY0=,8Qc3+JlodPW8XqxytxPCAOqgNd8=
-3,-91,90wy/ey/1pOLeM/XlNiqIEy2LY0=,8Qc3+JlodPW8XqxytxPCAOqgNd8=
-6,-92,90wy/ey/1pOLeM/XlNiqIEy2LY0=,8Qc3+JlodPW8XqxytxPCAOqgNd8=
-7,-93,90wy/ey/1pOLeM/XlNiqIEy2LY0=,8Qc3+JlodPW8XqxytxPCAOqgNd8=
-10,-92,90wy/ey/1pOLeM/XlNiqIEy2LY0=,8Qc3+JlodPW8XqxytxPCAOqgNd8=
-6,-91,90wy/ey/1pOLeM/XlNiqIEy2LY0=,8Qc3+JlodPW8XqxytxPCAOqgNd8=
-9,-93,90wy/ey/1pOLeM/XlNiqIEy2LY0=,8Qc3+JlodPW8XqxytxPCAOqgNd8=
-6,-94,90wy/ey/1pOLeM/XlNiqIEy2LY0=,8Qc3+JlodPW8XqxytxPCAOqgNd8=
-10,-93,90wy/ey/1pOLeM/XlNiqIEy2LY0=,8Qc3+JlodPW8XqxytxPCAOqgNd8=
-7,-94,90wy/ey/1pOLeM/XlNiqIEy2LY0=,8Qc3+JlodPW8XqxytxPCAOqgNd8=
-8,-94,90wy/ey/1pOLeM/XlNiqIEy2LY0=,8Qc3+JlodPW8XqxytxPCAOqgNd8=
-9,-92,90wy/ey/1pOLeM/XlNiqIEy2LY0=,8Qc3+JlodPW8XqxytxPCAOqgNd8=
-7,-92,90wy/ey/1pOLeM/XlNiqIEy2LY0=,8Qc3+JlodPW8XqxytxPCAOqgNd8=
-7,-82,90wy/ey/1pOLeM/XlNiqIEy2LY0=,8Qc3+JlodPW8XqxytxPCAOqgNd8=
-6,-93,90wy/ey/1pOLeM/XlNiqIEy2LY0=,8Qc3+JlodPW8XqxytxPCAOqgNd8=
-8,-92,90wy/ey/1pOLeM/XlNiqIEy2LY0=,8Qc3+JlodPW8XqxytxPCAOqgNd8=
-8,-91,90wy/ey/1pOLeM/XlNiqIEy2LY0=,8Qc3+JlodPW8XqxytxPCAOqgNd8=
-8,-93,90wy/ey/1pOLeM/XlNiqIEy2LY0=,8Qc3+JlodPW8XqxytxPCAOqgNd8=
-7,-95,90wy/ey/1pOLeM/XlNiqIEy2LY0=,8Qc3+JlodPW8XqxytxPCAOqgNd8=
-9,-95,90wy/ey/1pOLeM/XlNiqIEy2LY0=,8Qc3+JlodPW8XqxytxPCAOqgNd8=
-9,-96,90wy/ey/1pOLeM/XlNiqIEy2LY0=,8Qc3+JlodPW8XqxytxPCAOqgNd8=
-7,-96,90wy/ey/1pOLeM/XlNiqIEy2LY0=,8Qc3+JlodPW8XqxytxPCAOqgNd8=
-10,-95,90wy/ey/1pOLeM/XlNiqIEy2LY0=,8Qc3+JlodPW8XqxytxPCAOqgNd8=
-7,-81,90wy/ey/1pOLeM/XlNiqIEy2LY0=,8Qc3+JlodPW8XqxytxPCAOqgNd8=
-10,-96,Klq5O8JnbYGhsFi74w9cYOH24+Q=,8Qc3+JlodPW8XqxytxPCAOqgNd8=
-8,-95,Klq5O8JnbYGhsFi74w9cYOH24+Q=,8Qc3+JlodPW8XqxytxPCAOqgNd8=
-8,-96,Klq5O8JnbYGhsFi74w9cYOH24+Q=,8Qc3+JlodPW8XqxytxPCAOqgNd8=
-2,-86,FPK1W7XQ8PejIC1DqKsCKUMAdDs=,8Qc3+JlodPW8XqxytxPCAOqgNd8=
-4,-86,FPK1W7XQ8PejIC1DqKsCKUMAdDs=,8Qc3+JlodPW8XqxytxPCAOqgNd8=
-1,-86,FPK1W7XQ8PejIC1DqKsCKUMAdDs=,8Qc3+JlodPW8XqxytxPCAOqgNd8=
-3,-86,FPK1W7XQ8PejIC1DqKsCKUMAdDs=,8Qc3+JlodPW8XqxytxPCAOqgNd8=
-2,-83,FPK1W7XQ8PejIC1DqKsCKUMAdDs=,8Qc3+JlodPW8XqxytxPCAOqgNd8=
-3,-84,FPK1W7XQ8PejIC1DqKsCKUMAdDs=,8Qc3+JlodPW8XqxytxPCAOqgNd8=
-4,-84,FPK1W7XQ8PejIC1DqKsCKUMAdDs=,8Qc3+JlodPW8XqxytxPCAOqgNd8=
-1,-85,FPK1W7XQ8PejIC1DqKsCKUMAdDs=,8Qc3+JlodPW8XqxytxPCAOqgNd8=
-2,-85,FPK1W7XQ8PejIC1DqKsCKUMAdDs=,8Qc3+JlodPW8XqxytxPCAOqgNd8=
-4,-82,FPK1W7XQ8PejIC1DqKsCKUMAdDs=,8Qc3+JlodPW8XqxytxPCAOqgNd8=
-5,-85,FPK1W7XQ8PejIC1DqKsCKUMAdDs=,8Qc3+JlodPW8XqxytxPCAOqgNd8=
-3,-82,FPK1W7XQ8PejIC1DqKsCKUMAdDs=,8Qc3+JlodPW8XqxytxPCAOqgNd8=
-1,-84,FPK1W7XQ8PejIC1DqKsCKUMAdDs=,8Qc3+JlodPW8XqxytxPCAOqgNd8=
-2,-84,FPK1W7XQ8PejIC1DqKsCKUMAdDs=,8Qc3+JlodPW8XqxytxPCAOqgNd8=
-6,-86,FPK1W7XQ8PejIC1DqKsCKUMAdDs=,8Qc3+JlodPW8XqxytxPCAOqgNd8=
-3,-81,FPK1W7XQ8PejIC1DqKsCKUMAdDs=,8Qc3+JlodPW8XqxytxPCAOqgNd8=
-5,-86,FPK1W7XQ8PejIC1DqKsCKUMAdDs=,8Qc3+JlodPW8XqxytxPCAOqgNd8=
-3,-85,FPK1W7XQ8PejIC1DqKsCKUMAdDs=,8Qc3+JlodPW8XqxytxPCAOqgNd8=
-6,-83,FPK1W7XQ8PejIC1DqKsCKUMAdDs=,8Qc3+JlodPW8XqxytxPCAOqgNd8=
-4,-81,FPK1W7XQ8PejIC1DqKsCKUMAdDs=,8Qc3+JlodPW8XqxytxPCAOqgNd8=
-5,-82,FPK1W7XQ8PejIC1DqKsCKUMAdDs=,8Qc3+JlodPW8XqxytxPCAOqgNd8=
-6,-84,FPK1W7XQ8PejIC1DqKsCKUMAdDs=,8Qc3+JlodPW8XqxytxPCAOqgNd8=
-3,-83,FPK1W7XQ8PejIC1DqKsCKUMAdDs=,8Qc3+JlodPW8XqxytxPCAOqgNd8=
-5,-83,FPK1W7XQ8PejIC1DqKsCKUMAdDs=,8Qc3+JlodPW8XqxytxPCAOqgNd8=
-4,-85,FPK1W7XQ8PejIC1DqKsCKUMAdDs=,8Qc3+JlodPW8XqxytxPCAOqgNd8=
-6,-85,FPK1W7XQ8PejIC1DqKsCKUMAdDs=,8Qc3+JlodPW8XqxytxPCAOqgNd8=
-5,-84,FPK1W7XQ8PejIC1DqKsCKUMAdDs=,8Qc3+JlodPW8XqxytxPCAOqgNd8=
-6,-82,FPK1W7XQ8PejIC1DqKsCKUMAdDs=,8Qc3+JlodPW8XqxytxPCAOqgNd8=
-5,-81,FPK1W7XQ8PejIC1DqKsCKUMAdDs=,8Qc3+JlodPW8XqxytxPCAOqgNd8=
-4,-83,FPK1W7XQ8PejIC1DqKsCKUMAdDs=,8Qc3+JlodPW8XqxytxPCAOqgNd8=
-1,-83,FPK1W7XQ8PejIC1DqKsCKUMAdDs=,8Qc3+JlodPW8XqxytxPCAOqgNd8=
-12,-92,FPK1W7XQ8PejIC1DqKsCKUMAdDs=,8Qc3+JlodPW8XqxytxPCAOqgNd8=
-12,-91,FPK1W7XQ8PejIC1DqKsCKUMAdDs=,8Qc3+JlodPW8XqxytxPCAOqgNd8=
-11,-93,FPK1W7XQ8PejIC1DqKsCKUMAdDs=,8Qc3+JlodPW8XqxytxPCAOqgNd8=
-12,-93,FPK1W7XQ8PejIC1DqKsCKUMAdDs=,8Qc3+JlodPW8XqxytxPCAOqgNd8=
-11,-92,FPK1W7XQ8PejIC1DqKsCKUMAdDs=,8Qc3+JlodPW8XqxytxPCAOqgNd8=
-12,-94,FPK1W7XQ8PejIC1DqKsCKUMAdDs=,8Qc3+JlodPW8XqxytxPCAOqgNd8=
-12,-89,FPK1W7XQ8PejIC1DqKsCKUMAdDs=,8Qc3+JlodPW8XqxytxPCAOqgNd8=
-11,-89,FPK1W7XQ8PejIC1DqKsCKUMAdDs=,8Qc3+JlodPW8XqxytxPCAOqgNd8=
-12,-88,FPK1W7XQ8PejIC1DqKsCKUMAdDs=,8Qc3+JlodPW8XqxytxPCAOqgNd8=
-11,-90,FPK1W7XQ8PejIC1DqKsCKUMAdDs=,8Qc3+JlodPW8XqxytxPCAOqgNd8=
-12,-90,FPK1W7XQ8PejIC1DqKsCKUMAdDs=,8Qc3+JlodPW8XqxytxPCAOqgNd8=
-11,-88,FPK1W7XQ8PejIC1DqKsCKUMAdDs=,8Qc3+JlodPW8XqxytxPCAOqgNd8=
-11,-87,FPK1W7XQ8PejIC1DqKsCKUMAdDs=,8Qc3+JlodPW8XqxytxPCAOqgNd8=
-12,-87,FPK1W7XQ8PejIC1DqKsCKUMAdDs=,8Qc3+JlodPW8XqxytxPCAOqgNd8=
-6,-81,FPK1W7XQ8PejIC1DqKsCKUMAdDs=,8Qc3+JlodPW8XqxytxPCAOqgNd8=
-12,-84,FPK1W7XQ8PejIC1DqKsCKUMAdDs=,8Qc3+JlodPW8XqxytxPCAOqgNd8=
-11,-84,FPK1W7XQ8PejIC1DqKsCKUMAdDs=,8Qc3+JlodPW8XqxytxPCAOqgNd8=
-12,-83,FPK1W7XQ8PejIC1DqKsCKUMAdDs=,8Qc3+JlodPW8XqxytxPCAOqgNd8=
-11,-83,FPK1W7XQ8PejIC1DqKsCKUMAdDs=,8Qc3+JlodPW8XqxytxPCAOqgNd8=
-12,-86,FPK1W7XQ8PejIC1DqKsCKUMAdDs=,8Qc3+JlodPW8XqxytxPCAOqgNd8=
-11,-86,FPK1W7XQ8PejIC1DqKsCKUMAdDs=,8Qc3+JlodPW8XqxytxPCAOqgNd8=
-12,-85,FPK1W7XQ8PejIC1DqKsCKUMAdDs=,8Qc3+JlodPW8XqxytxPCAOqgNd8=
-11,-85,FPK1W7XQ8PejIC1DqKsCKUMAdDs=,8Qc3+JlodPW8XqxytxPCAOqgNd8=
-11,-94,FPK1W7XQ8PejIC1DqKsCKUMAdDs=,8Qc3+JlodPW8XqxytxPCAOqgNd8=
-11,-91,FPK1W7XQ8PejIC1DqKsCKUMAdDs=,8Qc3+JlodPW8XqxytxPCAOqgNd8=
-12,-82,FPK1W7XQ8PejIC1DqKsCKUMAdDs=,8Qc3+JlodPW8XqxytxPCAOqgNd8=
-11,-81,FPK1W7XQ8PejIC1DqKsCKUMAdDs=,8Qc3+JlodPW8XqxytxPCAOqgNd8=
-11,-82,FPK1W7XQ8PejIC1DqKsCKUMAdDs=,8Qc3+JlodPW8XqxytxPCAOqgNd8=
-12,-81,FPK1W7XQ8PejIC1DqKsCKUMAdDs=,8Qc3+JlodPW8XqxytxPCAOqgNd8=
-1,-92,FPK1W7XQ8PejIC1DqKsCKUMAdDs=,8Qc3+JlodPW8XqxytxPCAOqgNd8=
-2,-91,FPK1W7XQ8PejIC1DqKsCKUMAdDs=,8Qc3+JlodPW8XqxytxPCAOqgNd8=
-2,-92,FPK1W7XQ8PejIC1DqKsCKUMAdDs=,8Qc3+JlodPW8XqxytxPCAOqgNd8=
-1,-91,FPK1W7XQ8PejIC1DqKsCKUMAdDs=,8Qc3+JlodPW8XqxytxPCAOqgNd8=
-1,-88,FPK1W7XQ8PejIC1DqKsCKUMAdDs=,8Qc3+JlodPW8XqxytxPCAOqgNd8=
-2,-88,FPK1W7XQ8PejIC1DqKsCKUMAdDs=,8Qc3+JlodPW8XqxytxPCAOqgNd8=
-2,-90,FPK1W7XQ8PejIC1DqKsCKUMAdDs=,8Qc3+JlodPW8XqxytxPCAOqgNd8=
-1,-89,FPK1W7XQ8PejIC1DqKsCKUMAdDs=,8Qc3+JlodPW8XqxytxPCAOqgNd8=
-2,-89,FPK1W7XQ8PejIC1DqKsCKUMAdDs=,8Qc3+JlodPW8XqxytxPCAOqgNd8=
-1,-90,FPK1W7XQ8PejIC1DqKsCKUMAdDs=,8Qc3+JlodPW8XqxytxPCAOqgNd8=
-1,-87,FPK1W7XQ8PejIC1DqKsCKUMAdDs=,8Qc3+JlodPW8XqxytxPCAOqgNd8=
-2,-87,FPK1W7XQ8PejIC1DqKsCKUMAdDs=,8Qc3+JlodPW8XqxytxPCAOqgNd8=
-1,-81,FPK1W7XQ8PejIC1DqKsCKUMAdDs=,8Qc3+JlodPW8XqxytxPCAOqgNd8=
-2,-82,FPK1W7XQ8PejIC1DqKsCKUMAdDs=,8Qc3+JlodPW8XqxytxPCAOqgNd8=
-1,-82,FPK1W7XQ8PejIC1DqKsCKUMAdDs=,8Qc3+JlodPW8XqxytxPCAOqgNd8=
-5,-95,FPK1W7XQ8PejIC1DqKsCKUMAdDs=,8Qc3+JlodPW8XqxytxPCAOqgNd8=
-5,-96,FPK1W7XQ8PejIC1DqKsCKUMAdDs=,8Qc3+JlodPW8XqxytxPCAOqgNd8=
-6,-96,FPK1W7XQ8PejIC1DqKsCKUMAdDs=,8Qc3+JlodPW8XqxytxPCAOqgNd8=
-2,-81,FPK1W7XQ8PejIC1DqKsCKUMAdDs=,8Qc3+JlodPW8XqxytxPCAOqgNd8=
-6,-95,FPK1W7XQ8PejIC1DqKsCKUMAdDs=,8Qc3+JlodPW8XqxytxPCAOqgNd8=
-12,-96,FPK1W7XQ8PejIC1DqKsCKUMAdDs=,8Qc3+JlodPW8XqxytxPCAOqgNd8=
-11,-95,FPK1W7XQ8PejIC1DqKsCKUMAdDs=,8Qc3+JlodPW8XqxytxPCAOqgNd8=
-12,-95,FPK1W7XQ8PejIC1DqKsCKUMAdDs=,8Qc3+JlodPW8XqxytxPCAOqgNd8=
-11,-96,FPK1W7XQ8PejIC1DqKsCKUMAdDs=,8Qc3+JlodPW8XqxytxPCAOqgNd8=
