-1,3,uBU03//HPmxessYCzyVcFbvUyI4=,J25ltOC8TmOcJK5Xa0TYj3S8WnU=
-4,3,A/gv60uXovs0rmybJn2bn2cx3Ew=,J25ltOC8TmOcJK5Xa0TYj3S8WnU=
-2,3,uBU03//HPmxessYCzyVcFbvUyI4=,J25ltOC8TmOcJK5Xa0TYj3S8WnU=
-3,3,A/gv60uXovs0rmybJn2bn2cx3Ew=,J25ltOC8TmOcJK5Xa0TYj3S8WnU=
-4,5,A/gv60uXovs0rmybJn2bn2cx3Ew=,WrszNHT2DU0L59D4UUvqInQe/T4=
-1,4,uBU03//HPmxessYCzyVcFbvUyI4=,WrszNHT2DU0L59D4UUvqInQe/T4=
-2,4,uBU03//HPmxessYCzyVcFbvUyI4=,WrszNHT2DU0L59D4UUvqInQe/T4=
-3,5,A/gv60uXovs0rmybJn2bn2cx3Ew=,WrszNHT2DU0L59D4UUvqInQe/T4=
-3,4,A/gv60uXovs0rmybJn2bn2cx3Ew=,WrszNHT2DU0L59D4UUvqInQe/T4=
-1,2,uBU03//HPmxessYCzyVcFbvUyI4=,J25ltOC8TmOcJK5Xa0TYj3S8WnU=
-4,4,A/gv60uXovs0rmybJn2bn2cx3Ew=,WrszNHT2DU0L59D4UUvqInQe/T4=
-2,2,uBU03//HPmxessYCzyVcFbvUyI4=,J25ltOC8TmOcJK5Xa0TYj3S8WnU=
-2,5,uBU03//HPmxessYCzyVcFbvUyI4=,WrszNHT2DU0L59D4UUvqInQe/T4=
-3,2,A/gv60uXovs0rmybJn2bn2cx3Ew=,J25ltOC8TmOcJK5Xa0TYj3S8WnU=
-1,5,uBU03//HPmxessYCzyVcFbvUyI4=,WrszNHT2DU0L59D4UUvqInQe/T4=
-4,2,A/gv60uXovs0rmybJn2bn2cx3Ew=,J25ltOC8TmOcJK5Xa0TYj3S8WnU=
-2,0,tsLaz5htBtf/McdKkDsT61SVRPo=,J25ltOC8TmOcJK5Xa0TYj3S8WnU=
-2,1,tsLaz5htBtf/McdKkDsT61SVRPo=,J25ltOC8TmOcJK5Xa0TYj3S8WnU=
-1,1,tsLaz5htBtf/McdKkDsT61SVRPo=,J25ltOC8TmOcJK5Xa0TYj3S8WnU=
-2,14,tsLaz5htBtf/McdKkDsT61SVRPo=,yQlVnIgBbEcGwWRZg082vlx/zpg=
-1,14,ETbn/FfFId9WCMdiII4ITsPx8y0=,yQlVnIgBbEcGwWRZg082vlx/zpg=
-2,15,ETbn/FfFId9WCMdiII4ITsPx8y0=,yQlVnIgBbEcGwWRZg082vlx/zpg=
-1,15,ETbn/FfFId9WCMdiII4ITsPx8y0=,yQlVnIgBbEcGwWRZg082vlx/zpg=
-1,0,tsLaz5htBtf/McdKkDsT61SVRPo=,J25ltOC8TmOcJK5Xa0TYj3S8WnU=
-4,1,tsLaz5htBtf/McdKkDsT61SVRPo=,J25ltOC8TmOcJK5Xa0TYj3S8WnU=
-4,0,tsLaz5htBtf/McdKkDsT61SVRPo=,J25ltOC8TmOcJK5Xa0TYj3S8WnU=
-3,0,tsLaz5htBtf/McdKkDsT61SVRPo=,J25ltOC8TmOcJK5Xa0TYj3S8WnU=
-3,15,tsLaz5htBtf/McdKkDsT61SVRPo=,yQlVnIgBbEcGwWRZg082vlx/zpg=
-4,14,tsLaz5htBtf/McdKkDsT61SVRPo=,yQlVnIgBbEcGwWRZg082vlx/zpg=
-3,1,tsLaz5htBtf/McdKkDsT61SVRPo=,J25ltOC8TmOcJK5Xa0TYj3S8WnU=
-3,14,tsLaz5htBtf/McdKkDsT61SVRPo=,yQlVnIgBbEcGwWRZg082vlx/zpg=
-4,15,tsLaz5htBtf/McdKkDsT61SVRPo=,yQlVnIgBbEcGwWRZg082vlx/zpg=
-2,8,uBU03//HPmxessYCzyVcFbvUyI4=,yQlVnIgBbEcGwWRZg082vlx/zpg=
-3,8,uBU03//HPmxessYCzyVcFbvUyI4=,yQlVnIgBbEcGwWRZg082vlx/zpg=
-4,8,uBU03//HPmxessYCzyVcFbvUyI4=,yQlVnIgBbEcGwWRZg082vlx/zpg=
-3,10,uBU03//HPmxessYCzyVcFbvUyI4=,yQlVnIgBbEcGwWRZg082vlx/zpg=
-1,7,jduNBGzXFZWdD4tJx8iOTnR9sYo=,WrszNHT2DU0L59D4UUvqInQe/T4=
-2,7,jduNBGzXFZWdD4tJx8iOTnR9sYo=,WrszNHT2DU0L59D4UUvqInQe/T4=
-1,13,uBU03//HPmxessYCzyVcFbvUyI4=,yQlVnIgBbEcGwWRZg082vlx/zpg=
-3,7,uBU03//HPmxessYCzyVcFbvUyI4=,WrszNHT2DU0L59D4UUvqInQe/T4=
-1,8,uBU03//HPmxessYCzyVcFbvUyI4=,yQlVnIgBbEcGwWRZg082vlx/zpg=
-2,11,uBU03//HPmxessYCzyVcFbvUyI4=,yQlVnIgBbEcGwWRZg082vlx/zpg=
-2,13,uBU03//HPmxessYCzyVcFbvUyI4=,yQlVnIgBbEcGwWRZg082vlx/zpg=
-3,9,uBU03//HPmxessYCzyVcFbvUyI4=,yQlVnIgBbEcGwWRZg082vlx/zpg=
-4,7,uBU03//HPmxessYCzyVcFbvUyI4=,WrszNHT2DU0L59D4UUvqInQe/T4=
-4,9,uBU03//HPmxessYCzyVcFbvUyI4=,yQlVnIgBbEcGwWRZg082vlx/zpg=
-3,11,uBU03//HPmxessYCzyVcFbvUyI4=,yQlVnIgBbEcGwWRZg082vlx/zpg=
-4,11,uBU03//HPmxessYCzyVcFbvUyI4=,yQlVnIgBbEcGwWRZg082vlx/zpg=
-2,9,uBU03//HPmxessYCzyVcFbvUyI4=,yQlVnIgBbEcGwWRZg082vlx/zpg=
-1,9,uBU03//HPmxessYCzyVcFbvUyI4=,yQlVnIgBbEcGwWRZg082vlx/zpg=
-2,10,uBU03//HPmxessYCzyVcFbvUyI4=,yQlVnIgBbEcGwWRZg082vlx/zpg=
-1,10,uBU03//HPmxessYCzyVcFbvUyI4=,yQlVnIgBbEcGwWRZg082vlx/zpg=
-1,6,uBU03//HPmxessYCzyVcFbvUyI4=,WrszNHT2DU0L59D4UUvqInQe/T4=
-3,6,jduNBGzXFZWdD4tJx8iOTnR9sYo=,WrszNHT2DU0L59D4UUvqInQe/T4=
-2,6,jduNBGzXFZWdD4tJx8iOTnR9sYo=,WrszNHT2DU0L59D4UUvqInQe/T4=
-3,12,uBU03//HPmxessYCzyVcFbvUyI4=,yQlVnIgBbEcGwWRZg082vlx/zpg=
-3,13,uBU03//HPmxessYCzyVcFbvUyI4=,yQlVnIgBbEcGwWRZg082vlx/zpg=
-4,12,uBU03//HPmxessYCzyVcFbvUyI4=,yQlVnIgBbEcGwWRZg082vlx/zpg=
-4,13,uBU03//HPmxessYCzyVcFbvUyI4=,yQlVnIgBbEcGwWRZg082vlx/zpg=
-2,12,uBU03//HPmxessYCzyVcFbvUyI4=,yQlVnIgBbEcGwWRZg082vlx/zpg=
-1,12,uBU03//HPmxessYCzyVcFbvUyI4=,yQlVnIgBbEcGwWRZg082vlx/zpg=
-1,11,uBU03//HPmxessYCzyVcFbvUyI4=,yQlVnIgBbEcGwWRZg082vlx/zpg=
-4,6,uBU03//HPmxessYCzyVcFbvUyI4=,WrszNHT2DU0L59D4UUvqInQe/T4=
-4,10,uBU03//HPmxessYCzyVcFbvUyI4=,yQlVnIgBbEcGwWRZg082vlx/zpg=
-2,24,JiyDp7XGp9MFfqsc61x9j2fCP9s=,8Qc3+JlodPW8XqxytxPCAOqgNd8=
-1,23,euLa3CxsQZGP+25aGpHOdLYULQk=,z7sRaictM67AYYfeHNs/MA699Eg=
-2,23,euLa3CxsQZGP+25aGpHOdLYULQk=,z7sRaictM67AYYfeHNs/MA699Eg=
-1,25,JiyDp7XGp9MFfqsc61x9j2fCP9s=,8Qc3+JlodPW8XqxytxPCAOqgNd8=
-2,25,JiyDp7XGp9MFfqsc61x9j2fCP9s=,8Qc3+JlodPW8XqxytxPCAOqgNd8=
-1,22,euLa3CxsQZGP+25aGpHOdLYULQk=,z7sRaictM67AYYfeHNs/MA699Eg=
-2,22,euLa3CxsQZGP+25aGpHOdLYULQk=,z7sRaictM67AYYfeHNs/MA699Eg=
-1,24,JiyDp7XGp9MFfqsc61x9j2fCP9s=,8Qc3+JlodPW8XqxytxPCAOqgNd8=
-4,16,MttRaNdKNPai5uzto2X0IZMKqNQ=,z7sRaictM67AYYfeHNs/MA699Eg=
-3,19,MttRaNdKNPai5uzto2X0IZMKqNQ=,z7sRaictM67AYYfeHNs/MA699Eg=
-4,19,MttRaNdKNPai5uzto2X0IZMKqNQ=,z7sRaictM67AYYfeHNs/MA699Eg=
-3,21,MttRaNdKNPai5uzto2X0IZMKqNQ=,z7sRaictM67AYYfeHNs/MA699Eg=
-4,21,MttRaNdKNPai5uzto2X0IZMKqNQ=,z7sRaictM67AYYfeHNs/MA699Eg=
-3,17,MttRaNdKNPai5uzto2X0IZMKqNQ=,z7sRaictM67AYYfeHNs/MA699Eg=
-4,17,MttRaNdKNPai5uzto2X0IZMKqNQ=,z7sRaictM67AYYfeHNs/MA699Eg=
-3,18,MttRaNdKNPai5uzto2X0IZMKqNQ=,z7sRaictM67AYYfeHNs/MA699Eg=
-4,18,MttRaNdKNPai5uzto2X0IZMKqNQ=,z7sRaictM67AYYfeHNs/MA699Eg=
-3,20,MttRaNdKNPai5uzto2X0IZMKqNQ=,z7sRaictM67AYYfeHNs/MA699Eg=
-4,20,MttRaNdKNPai5uzto2X0IZMKqNQ=,z7sRaictM67AYYfeHNs/MA699Eg=
-3,16,MttRaNdKNPai5uzto2X0IZMKqNQ=,z7sRaictM67AYYfeHNs/MA699Eg=
-4,26,JI72MDnIszjbFIRZpD7kC8+pDD0=,8Qc3+JlodPW8XqxytxPCAOqgNd8=
-3,23,euLa3CxsQZGP+25aGpHOdLYULQk=,z7sRaictM67AYYfeHNs/MA699Eg=
-4,23,euLa3CxsQZGP+25aGpHOdLYULQk=,z7sRaictM67AYYfeHNs/MA699Eg=
-3,25,JI72MDnIszjbFIRZpD7kC8+pDD0=,8Qc3+JlodPW8XqxytxPCAOqgNd8=
-4,25,JI72MDnIszjbFIRZpD7kC8+pDD0=,8Qc3+JlodPW8XqxytxPCAOqgNd8=
-3,27,JI72MDnIszjbFIRZpD7kC8+pDD0=,8Qc3+JlodPW8XqxytxPCAOqgNd8=
-4,27,JI72MDnIszjbFIRZpD7kC8+pDD0=,8Qc3+JlodPW8XqxytxPCAOqgNd8=
-4,24,JI72MDnIszjbFIRZpD7kC8+pDD0=,8Qc3+JlodPW8XqxytxPCAOqgNd8=
-3,22,euLa3CxsQZGP+25aGpHOdLYULQk=,z7sRaictM67AYYfeHNs/MA699Eg=
-4,22,euLa3CxsQZGP+25aGpHOdLYULQk=,z7sRaictM67AYYfeHNs/MA699Eg=
-3,28,JI72MDnIszjbFIRZpD7kC8+pDD0=,8Qc3+JlodPW8XqxytxPCAOqgNd8=
-4,28,JI72MDnIszjbFIRZpD7kC8+pDD0=,8Qc3+JlodPW8XqxytxPCAOqgNd8=
-3,29,JI72MDnIszjbFIRZpD7kC8+pDD0=,8Qc3+JlodPW8XqxytxPCAOqgNd8=
-4,29,JI72MDnIszjbFIRZpD7kC8+pDD0=,8Qc3+JlodPW8XqxytxPCAOqgNd8=
-3,24,JI72MDnIszjbFIRZpD7kC8+pDD0=,8Qc3+JlodPW8XqxytxPCAOqgNd8=
-3,26,JI72MDnIszjbFIRZpD7kC8+pDD0=,8Qc3+JlodPW8XqxytxPCAOqgNd8=
-2,27,JI72MDnIszjbFIRZpD7kC8+pDD0=,8Qc3+JlodPW8XqxytxPCAOqgNd8=
-3,30,JI72MDnIszjbFIRZpD7kC8+pDD0=,8Qc3+JlodPW8XqxytxPCAOqgNd8=
-4,31,JI72MDnIszjbFIRZpD7kC8+pDD0=,8Qc3+JlodPW8XqxytxPCAOqgNd8=
-1,27,JI72MDnIszjbFIRZpD7kC8+pDD0=,8Qc3+JlodPW8XqxytxPCAOqgNd8=
-2,31,JI72MDnIszjbFIRZpD7kC8+pDD0=,8Qc3+JlodPW8XqxytxPCAOqgNd8=
-2,30,JI72MDnIszjbFIRZpD7kC8+pDD0=,8Qc3+JlodPW8XqxytxPCAOqgNd8=
-1,28,JI72MDnIszjbFIRZpD7kC8+pDD0=,8Qc3+JlodPW8XqxytxPCAOqgNd8=
-2,28,JI72MDnIszjbFIRZpD7kC8+pDD0=,8Qc3+JlodPW8XqxytxPCAOqgNd8=
-1,29,JI72MDnIszjbFIRZpD7kC8+pDD0=,8Qc3+JlodPW8XqxytxPCAOqgNd8=
-2,29,JI72MDnIszjbFIRZpD7kC8+pDD0=,8Qc3+JlodPW8XqxytxPCAOqgNd8=
-1,26,JI72MDnIszjbFIRZpD7kC8+pDD0=,8Qc3+JlodPW8XqxytxPCAOqgNd8=
-2,26,JI72MDnIszjbFIRZpD7kC8+pDD0=,8Qc3+JlodPW8XqxytxPCAOqgNd8=
-1,30,JI72MDnIszjbFIRZpD7kC8+pDD0=,8Qc3+JlodPW8XqxytxPCAOqgNd8=
-2,19,euLa3CxsQZGP+25aGpHOdLYULQk=,z7sRaictM67AYYfeHNs/MA699Eg=
-1,19,euLa3CxsQZGP+25aGpHOdLYULQk=,z7sRaictM67AYYfeHNs/MA699Eg=
-1,21,euLa3CxsQZGP+25aGpHOdLYULQk=,z7sRaictM67AYYfeHNs/MA699Eg=
-2,17,euLa3CxsQZGP+25aGpHOdLYULQk=,z7sRaictM67AYYfeHNs/MA699Eg=
-2,21,euLa3CxsQZGP+25aGpHOdLYULQk=,z7sRaictM67AYYfeHNs/MA699Eg=
-2,18,euLa3CxsQZGP+25aGpHOdLYULQk=,z7sRaictM67AYYfeHNs/MA699Eg=
-2,20,euLa3CxsQZGP+25aGpHOdLYULQk=,z7sRaictM67AYYfeHNs/MA699Eg=
-1,20,euLa3CxsQZGP+25aGpHOdLYULQk=,z7sRaictM67AYYfeHNs/MA699Eg=
-1,17,euLa3CxsQZGP+25aGpHOdLYULQk=,z7sRaictM67AYYfeHNs/MA699Eg=
-1,18,euLa3CxsQZGP+25aGpHOdLYULQk=,z7sRaictM67AYYfeHNs/MA699Eg=
-1,31,JI72MDnIszjbFIRZpD7kC8+pDD0=,8Qc3+JlodPW8XqxytxPCAOqgNd8=
-1,16,euLa3CxsQZGP+25aGpHOdLYULQk=,z7sRaictM67AYYfeHNs/MA699Eg=
-2,16,euLa3CxsQZGP+25aGpHOdLYULQk=,z7sRaictM67AYYfeHNs/MA699Eg=
-4,30,JI72MDnIszjbFIRZpD7kC8+pDD0=,8Qc3+JlodPW8XqxytxPCAOqgNd8=
-3,31,JI72MDnIszjbFIRZpD7kC8+pDD0=,8Qc3+JlodPW8XqxytxPCAOqgNd8=
-28,5,3Xm2gt2pCls49k4x8HErbcvRpKw=,UrBOqcFcDr/devkxR1H4NM+GChQ=
-27,4,PRTDLkTilf3fU58O+1hBJMF0i/A=,UrBOqcFcDr/devkxR1H4NM+GChQ=
-28,4,PRTDLkTilf3fU58O+1hBJMF0i/A=,UrBOqcFcDr/devkxR1H4NM+GChQ=
-28,3,PRTDLkTilf3fU58O+1hBJMF0i/A=,UrBOqcFcDr/devkxR1H4NM+GChQ=
-29,2,PRTDLkTilf3fU58O+1hBJMF0i/A=,UrBOqcFcDr/devkxR1H4NM+GChQ=
-30,2,PRTDLkTilf3fU58O+1hBJMF0i/A=,UrBOqcFcDr/devkxR1H4NM+GChQ=
-30,4,PRTDLkTilf3fU58O+1hBJMF0i/A=,UrBOqcFcDr/devkxR1H4NM+GChQ=
-27,3,PRTDLkTilf3fU58O+1hBJMF0i/A=,UrBOqcFcDr/devkxR1H4NM+GChQ=
-29,4,PRTDLkTilf3fU58O+1hBJMF0i/A=,UrBOqcFcDr/devkxR1H4NM+GChQ=
-27,5,PRTDLkTilf3fU58O+1hBJMF0i/A=,UrBOqcFcDr/devkxR1H4NM+GChQ=
-29,5,PRTDLkTilf3fU58O+1hBJMF0i/A=,UrBOqcFcDr/devkxR1H4NM+GChQ=
-28,2,PRTDLkTilf3fU58O+1hBJMF0i/A=,UrBOqcFcDr/devkxR1H4NM+GChQ=
-27,2,PRTDLkTilf3fU58O+1hBJMF0i/A=,UrBOqcFcDr/devkxR1H4NM+GChQ=
-29,3,PRTDLkTilf3fU58O+1hBJMF0i/A=,UrBOqcFcDr/devkxR1H4NM+GChQ=
-30,3,PRTDLkTilf3fU58O+1hBJMF0i/A=,UrBOqcFcDr/devkxR1H4NM+GChQ=
-30,5,PRTDLkTilf3fU58O+1hBJMF0i/A=,UrBOqcFcDr/devkxR1H4NM+GChQ=
-26,6,PqCXRADVluFwrVa87xZYPERhGrg=,UrBOqcFcDr/devkxR1H4NM+GChQ=
-25,7,PqCXRADVluFwrVa87xZYPERhGrg=,UrBOqcFcDr/devkxR1H4NM+GChQ=
-26,7,PqCXRADVluFwrVa87xZYPERhGrg=,UrBOqcFcDr/devkxR1H4NM+GChQ=
-21,7,PqCXRADVluFwrVa87xZYPERhGrg=,UrBOqcFcDr/devkxR1H4NM+GChQ=
-19,7,PqCXRADVluFwrVa87xZYPERhGrg=,UrBOqcFcDr/devkxR1H4NM+GChQ=
-22,7,PqCXRADVluFwrVa87xZYPERhGrg=,UrBOqcFcDr/devkxR1H4NM+GChQ=
-20,7,PqCXRADVluFwrVa87xZYPERhGrg=,UrBOqcFcDr/devkxR1H4NM+GChQ=
-23,7,PqCXRADVluFwrVa87xZYPERhGrg=,UrBOqcFcDr/devkxR1H4NM+GChQ=
-24,7,PqCXRADVluFwrVa87xZYPERhGrg=,UrBOqcFcDr/devkxR1H4NM+GChQ=
-25,9,PqCXRADVluFwrVa87xZYPERhGrg=,UrBOqcFcDr/devkxR1H4NM+GChQ=
-26,9,PqCXRADVluFwrVa87xZYPERhGrg=,UrBOqcFcDr/devkxR1H4NM+GChQ=
-25,8,PqCXRADVluFwrVa87xZYPERhGrg=,UrBOqcFcDr/devkxR1H4NM+GChQ=
-21,6,PqCXRADVluFwrVa87xZYPERhGrg=,UrBOqcFcDr/devkxR1H4NM+GChQ=
-19,6,PqCXRADVluFwrVa87xZYPERhGrg=,UrBOqcFcDr/devkxR1H4NM+GChQ=
-20,6,PqCXRADVluFwrVa87xZYPERhGrg=,UrBOqcFcDr/devkxR1H4NM+GChQ=
-26,8,PqCXRADVluFwrVa87xZYPERhGrg=,UrBOqcFcDr/devkxR1H4NM+GChQ=
-22,6,PqCXRADVluFwrVa87xZYPERhGrg=,UrBOqcFcDr/devkxR1H4NM+GChQ=
-24,6,PqCXRADVluFwrVa87xZYPERhGrg=,UrBOqcFcDr/devkxR1H4NM+GChQ=
-23,6,PqCXRADVluFwrVa87xZYPERhGrg=,UrBOqcFcDr/devkxR1H4NM+GChQ=
-25,6,PqCXRADVluFwrVa87xZYPERhGrg=,UrBOqcFcDr/devkxR1H4NM+GChQ=
-26,11,PqCXRADVluFwrVa87xZYPERhGrg=,UrBOqcFcDr/devkxR1H4NM+GChQ=
-25,11,PqCXRADVluFwrVa87xZYPERhGrg=,UrBOqcFcDr/devkxR1H4NM+GChQ=
-26,10,PqCXRADVluFwrVa87xZYPERhGrg=,UrBOqcFcDr/devkxR1H4NM+GChQ=
-25,10,PqCXRADVluFwrVa87xZYPERhGrg=,UrBOqcFcDr/devkxR1H4NM+GChQ=
-18,6,PqCXRADVluFwrVa87xZYPERhGrg=,UrBOqcFcDr/devkxR1H4NM+GChQ=
-17,7,PqCXRADVluFwrVa87xZYPERhGrg=,UrBOqcFcDr/devkxR1H4NM+GChQ=
-17,6,PqCXRADVluFwrVa87xZYPERhGrg=,UrBOqcFcDr/devkxR1H4NM+GChQ=
-18,7,PqCXRADVluFwrVa87xZYPERhGrg=,UrBOqcFcDr/devkxR1H4NM+GChQ=
-29,14,PqCXRADVluFwrVa87xZYPERhGrg=,UrBOqcFcDr/devkxR1H4NM+GChQ=
-29,15,PqCXRADVluFwrVa87xZYPERhGrg=,UrBOqcFcDr/devkxR1H4NM+GChQ=
-30,15,PqCXRADVluFwrVa87xZYPERhGrg=,UrBOqcFcDr/devkxR1H4NM+GChQ=
-30,14,PqCXRADVluFwrVa87xZYPERhGrg=,UrBOqcFcDr/devkxR1H4NM+GChQ=
-32,15,PqCXRADVluFwrVa87xZYPERhGrg=,UrBOqcFcDr/devkxR1H4NM+GChQ=
-31,14,PqCXRADVluFwrVa87xZYPERhGrg=,UrBOqcFcDr/devkxR1H4NM+GChQ=
-31,15,PqCXRADVluFwrVa87xZYPERhGrg=,UrBOqcFcDr/devkxR1H4NM+GChQ=
-32,14,PqCXRADVluFwrVa87xZYPERhGrg=,UrBOqcFcDr/devkxR1H4NM+GChQ=
-27,11,pgEjiR38ZNu/o8Lg6liiLZmT3aY=,UrBOqcFcDr/devkxR1H4NM+GChQ=
-28,11,pgEjiR38ZNu/o8Lg6liiLZmT3aY=,UrBOqcFcDr/devkxR1H4NM+GChQ=
-30,9,pgEjiR38ZNu/o8Lg6liiLZmT3aY=,UrBOqcFcDr/devkxR1H4NM+GChQ=
-29,7,pgEjiR38ZNu/o8Lg6liiLZmT3aY=,UrBOqcFcDr/devkxR1H4NM+GChQ=
-29,9,pgEjiR38ZNu/o8Lg6liiLZmT3aY=,UrBOqcFcDr/devkxR1H4NM+GChQ=
-27,9,pgEjiR38ZNu/o8Lg6liiLZmT3aY=,UrBOqcFcDr/devkxR1H4NM+GChQ=
-30,10,pgEjiR38ZNu/o8Lg6liiLZmT3aY=,UrBOqcFcDr/devkxR1H4NM+GChQ=
-29,10,pgEjiR38ZNu/o8Lg6liiLZmT3aY=,UrBOqcFcDr/devkxR1H4NM+GChQ=
-29,8,pgEjiR38ZNu/o8Lg6liiLZmT3aY=,UrBOqcFcDr/devkxR1H4NM+GChQ=
-27,7,pgEjiR38ZNu/o8Lg6liiLZmT3aY=,UrBOqcFcDr/devkxR1H4NM+GChQ=
-28,7,pgEjiR38ZNu/o8Lg6liiLZmT3aY=,UrBOqcFcDr/devkxR1H4NM+GChQ=
-29,12,pgEjiR38ZNu/o8Lg6liiLZmT3aY=,UrBOqcFcDr/devkxR1H4NM+GChQ=
-30,8,pgEjiR38ZNu/o8Lg6liiLZmT3aY=,UrBOqcFcDr/devkxR1H4NM+GChQ=
-32,13,PqCXRADVluFwrVa87xZYPERhGrg=,UrBOqcFcDr/devkxR1H4NM+GChQ=
-31,13,PqCXRADVluFwrVa87xZYPERhGrg=,UrBOqcFcDr/devkxR1H4NM+GChQ=
-30,13,pgEjiR38ZNu/o8Lg6liiLZmT3aY=,UrBOqcFcDr/devkxR1H4NM+GChQ=
-29,13,pgEjiR38ZNu/o8Lg6liiLZmT3aY=,UrBOqcFcDr/devkxR1H4NM+GChQ=
-32,11,PqCXRADVluFwrVa87xZYPERhGrg=,UrBOqcFcDr/devkxR1H4NM+GChQ=
-31,11,PqCXRADVluFwrVa87xZYPERhGrg=,UrBOqcFcDr/devkxR1H4NM+GChQ=
-28,6,pgEjiR38ZNu/o8Lg6liiLZmT3aY=,UrBOqcFcDr/devkxR1H4NM+GChQ=
-28,9,pgEjiR38ZNu/o8Lg6liiLZmT3aY=,UrBOqcFcDr/devkxR1H4NM+GChQ=
-27,6,pgEjiR38ZNu/o8Lg6liiLZmT3aY=,UrBOqcFcDr/devkxR1H4NM+GChQ=
-30,11,pgEjiR38ZNu/o8Lg6liiLZmT3aY=,UrBOqcFcDr/devkxR1H4NM+GChQ=
-29,11,pgEjiR38ZNu/o8Lg6liiLZmT3aY=,UrBOqcFcDr/devkxR1H4NM+GChQ=
-28,10,pgEjiR38ZNu/o8Lg6liiLZmT3aY=,UrBOqcFcDr/devkxR1H4NM+GChQ=
-27,10,pgEjiR38ZNu/o8Lg6liiLZmT3aY=,UrBOqcFcDr/devkxR1H4NM+GChQ=
-30,7,pgEjiR38ZNu/o8Lg6liiLZmT3aY=,UrBOqcFcDr/devkxR1H4NM+GChQ=
-28,8,pgEjiR38ZNu/o8Lg6liiLZmT3aY=,UrBOqcFcDr/devkxR1H4NM+GChQ=
-27,8,pgEjiR38ZNu/o8Lg6liiLZmT3aY=,UrBOqcFcDr/devkxR1H4NM+GChQ=
-32,12,PqCXRADVluFwrVa87xZYPERhGrg=,UrBOqcFcDr/devkxR1H4NM+GChQ=
-32,9,SbheuAbBdGHb08gTdqXcmD5sCDU=,UrBOqcFcDr/devkxR1H4NM+GChQ=
-31,12,PqCXRADVluFwrVa87xZYPERhGrg=,UrBOqcFcDr/devkxR1H4NM+GChQ=
-31,10,PqCXRADVluFwrVa87xZYPERhGrg=,UrBOqcFcDr/devkxR1H4NM+GChQ=
-29,6,pgEjiR38ZNu/o8Lg6liiLZmT3aY=,UrBOqcFcDr/devkxR1H4NM+GChQ=
-30,12,pgEjiR38ZNu/o8Lg6liiLZmT3aY=,UrBOqcFcDr/devkxR1H4NM+GChQ=
-31,9,SbheuAbBdGHb08gTdqXcmD5sCDU=,UrBOqcFcDr/devkxR1H4NM+GChQ=
-32,10,PqCXRADVluFwrVa87xZYPERhGrg=,UrBOqcFcDr/devkxR1H4NM+GChQ=
-32,8,SbheuAbBdGHb08gTdqXcmD5sCDU=,UrBOqcFcDr/devkxR1H4NM+GChQ=
-31,7,SbheuAbBdGHb08gTdqXcmD5sCDU=,UrBOqcFcDr/devkxR1H4NM+GChQ=
-32,7,SbheuAbBdGHb08gTdqXcmD5sCDU=,UrBOqcFcDr/devkxR1H4NM+GChQ=
-30,6,pgEjiR38ZNu/o8Lg6liiLZmT3aY=,UrBOqcFcDr/devkxR1H4NM+GChQ=
-32,6,SbheuAbBdGHb08gTdqXcmD5sCDU=,UrBOqcFcDr/devkxR1H4NM+GChQ=
-31,6,SbheuAbBdGHb08gTdqXcmD5sCDU=,UrBOqcFcDr/devkxR1H4NM+GChQ=
-31,8,SbheuAbBdGHb08gTdqXcmD5sCDU=,UrBOqcFcDr/devkxR1H4NM+GChQ=
-28,0,5/vZ/WagZ3HQAYRdOcarly3/qmk=,UrBOqcFcDr/devkxR1H4NM+GChQ=
-30,1,5/vZ/WagZ3HQAYRdOcarly3/qmk=,UrBOqcFcDr/devkxR1H4NM+GChQ=
-29,1,5/vZ/WagZ3HQAYRdOcarly3/qmk=,UrBOqcFcDr/devkxR1H4NM+GChQ=
-28,1,5/vZ/WagZ3HQAYRdOcarly3/qmk=,UrBOqcFcDr/devkxR1H4NM+GChQ=
-30,0,5/vZ/WagZ3HQAYRdOcarly3/qmk=,UrBOqcFcDr/devkxR1H4NM+GChQ=
-29,0,5/vZ/WagZ3HQAYRdOcarly3/qmk=,UrBOqcFcDr/devkxR1H4NM+GChQ=
-27,1,5/vZ/WagZ3HQAYRdOcarly3/qmk=,UrBOqcFcDr/devkxR1H4NM+GChQ=
-27,0,5/vZ/WagZ3HQAYRdOcarly3/qmk=,UrBOqcFcDr/devkxR1H4NM+GChQ=
-23,2,fIXRLP6euJX+dOiqfOxSb2GzMdQ=,UrBOqcFcDr/devkxR1H4NM+GChQ=
-23,5,fIXRLP6euJX+dOiqfOxSb2GzMdQ=,UrBOqcFcDr/devkxR1H4NM+GChQ=
-26,4,fIXRLP6euJX+dOiqfOxSb2GzMdQ=,UrBOqcFcDr/devkxR1H4NM+GChQ=
-24,2,fIXRLP6euJX+dOiqfOxSb2GzMdQ=,UrBOqcFcDr/devkxR1H4NM+GChQ=
-25,0,fIXRLP6euJX+dOiqfOxSb2GzMdQ=,UrBOqcFcDr/devkxR1H4NM+GChQ=
-23,1,fIXRLP6euJX+dOiqfOxSb2GzMdQ=,UrBOqcFcDr/devkxR1H4NM+GChQ=
-24,5,fIXRLP6euJX+dOiqfOxSb2GzMdQ=,UrBOqcFcDr/devkxR1H4NM+GChQ=
-26,3,fIXRLP6euJX+dOiqfOxSb2GzMdQ=,UrBOqcFcDr/devkxR1H4NM+GChQ=
-25,2,fIXRLP6euJX+dOiqfOxSb2GzMdQ=,UrBOqcFcDr/devkxR1H4NM+GChQ=
-24,4,fIXRLP6euJX+dOiqfOxSb2GzMdQ=,UrBOqcFcDr/devkxR1H4NM+GChQ=
-24,0,fIXRLP6euJX+dOiqfOxSb2GzMdQ=,UrBOqcFcDr/devkxR1H4NM+GChQ=
-25,1,fIXRLP6euJX+dOiqfOxSb2GzMdQ=,UrBOqcFcDr/devkxR1H4NM+GChQ=
-25,4,fIXRLP6euJX+dOiqfOxSb2GzMdQ=,UrBOqcFcDr/devkxR1H4NM+GChQ=
-26,1,fIXRLP6euJX+dOiqfOxSb2GzMdQ=,UrBOqcFcDr/devkxR1H4NM+GChQ=
-23,4,fIXRLP6euJX+dOiqfOxSb2GzMdQ=,UrBOqcFcDr/devkxR1H4NM+GChQ=
-24,1,fIXRLP6euJX+dOiqfOxSb2GzMdQ=,UrBOqcFcDr/devkxR1H4NM+GChQ=
-26,0,fIXRLP6euJX+dOiqfOxSb2GzMdQ=,UrBOqcFcDr/devkxR1H4NM+GChQ=
-23,0,fIXRLP6euJX+dOiqfOxSb2GzMdQ=,UrBOqcFcDr/devkxR1H4NM+GChQ=
-26,5,fIXRLP6euJX+dOiqfOxSb2GzMdQ=,UrBOqcFcDr/devkxR1H4NM+GChQ=
-25,5,fIXRLP6euJX+dOiqfOxSb2GzMdQ=,UrBOqcFcDr/devkxR1H4NM+GChQ=
-23,3,fIXRLP6euJX+dOiqfOxSb2GzMdQ=,UrBOqcFcDr/devkxR1H4NM+GChQ=
-26,2,fIXRLP6euJX+dOiqfOxSb2GzMdQ=,UrBOqcFcDr/devkxR1H4NM+GChQ=
-24,3,fIXRLP6euJX+dOiqfOxSb2GzMdQ=,UrBOqcFcDr/devkxR1H4NM+GChQ=
-25,3,fIXRLP6euJX+dOiqfOxSb2GzMdQ=,UrBOqcFcDr/devkxR1H4NM+GChQ=
-31,4,SbheuAbBdGHb08gTdqXcmD5sCDU=,UrBOqcFcDr/devkxR1H4NM+GChQ=
-32,4,SbheuAbBdGHb08gTdqXcmD5sCDU=,UrBOqcFcDr/devkxR1H4NM+GChQ=
-31,0,SbheuAbBdGHb08gTdqXcmD5sCDU=,UrBOqcFcDr/devkxR1H4NM+GChQ=
-31,1,SbheuAbBdGHb08gTdqXcmD5sCDU=,UrBOqcFcDr/devkxR1H4NM+GChQ=
-32,0,SbheuAbBdGHb08gTdqXcmD5sCDU=,UrBOqcFcDr/devkxR1H4NM+GChQ=
-32,3,SbheuAbBdGHb08gTdqXcmD5sCDU=,UrBOqcFcDr/devkxR1H4NM+GChQ=
-32,2,SbheuAbBdGHb08gTdqXcmD5sCDU=,UrBOqcFcDr/devkxR1H4NM+GChQ=
-32,1,SbheuAbBdGHb08gTdqXcmD5sCDU=,UrBOqcFcDr/devkxR1H4NM+GChQ=
-31,2,SbheuAbBdGHb08gTdqXcmD5sCDU=,UrBOqcFcDr/devkxR1H4NM+GChQ=
-20,3,Y6vRLFSBd5ZTevCh8S2ObER4uFM=,UrBOqcFcDr/devkxR1H4NM+GChQ=
-17,3,hke5mYibcgfFE/oll9euiQbTqdA=,UrBOqcFcDr/devkxR1H4NM+GChQ=
-18,2,Y6vRLFSBd5ZTevCh8S2ObER4uFM=,UrBOqcFcDr/devkxR1H4NM+GChQ=
-17,5,hke5mYibcgfFE/oll9euiQbTqdA=,UrBOqcFcDr/devkxR1H4NM+GChQ=
-18,5,Y6vRLFSBd5ZTevCh8S2ObER4uFM=,UrBOqcFcDr/devkxR1H4NM+GChQ=
-19,3,Y6vRLFSBd5ZTevCh8S2ObER4uFM=,UrBOqcFcDr/devkxR1H4NM+GChQ=
-20,5,Y6vRLFSBd5ZTevCh8S2ObER4uFM=,UrBOqcFcDr/devkxR1H4NM+GChQ=
-18,1,Y6vRLFSBd5ZTevCh8S2ObER4uFM=,UrBOqcFcDr/devkxR1H4NM+GChQ=
-17,4,Y6vRLFSBd5ZTevCh8S2ObER4uFM=,UrBOqcFcDr/devkxR1H4NM+GChQ=
-18,4,Y6vRLFSBd5ZTevCh8S2ObER4uFM=,UrBOqcFcDr/devkxR1H4NM+GChQ=
-19,4,Y6vRLFSBd5ZTevCh8S2ObER4uFM=,UrBOqcFcDr/devkxR1H4NM+GChQ=
-20,4,Y6vRLFSBd5ZTevCh8S2ObER4uFM=,UrBOqcFcDr/devkxR1H4NM+GChQ=
-21,0,Y6vRLFSBd5ZTevCh8S2ObER4uFM=,UrBOqcFcDr/devkxR1H4NM+GChQ=
-19,0,Y6vRLFSBd5ZTevCh8S2ObER4uFM=,UrBOqcFcDr/devkxR1H4NM+GChQ=
-19,5,Y6vRLFSBd5ZTevCh8S2ObER4uFM=,UrBOqcFcDr/devkxR1H4NM+GChQ=
-22,5,Y6vRLFSBd5ZTevCh8S2ObER4uFM=,UrBOqcFcDr/devkxR1H4NM+GChQ=
-20,0,Y6vRLFSBd5ZTevCh8S2ObER4uFM=,UrBOqcFcDr/devkxR1H4NM+GChQ=
-22,1,Y6vRLFSBd5ZTevCh8S2ObER4uFM=,UrBOqcFcDr/devkxR1H4NM+GChQ=
-22,0,Y6vRLFSBd5ZTevCh8S2ObER4uFM=,UrBOqcFcDr/devkxR1H4NM+GChQ=
-19,1,Y6vRLFSBd5ZTevCh8S2ObER4uFM=,UrBOqcFcDr/devkxR1H4NM+GChQ=
-21,5,Y6vRLFSBd5ZTevCh8S2ObER4uFM=,UrBOqcFcDr/devkxR1H4NM+GChQ=
-17,1,Y6vRLFSBd5ZTevCh8S2ObER4uFM=,UrBOqcFcDr/devkxR1H4NM+GChQ=
-21,2,hke5mYibcgfFE/oll9euiQbTqdA=,UrBOqcFcDr/devkxR1H4NM+GChQ=
-19,2,Y6vRLFSBd5ZTevCh8S2ObER4uFM=,UrBOqcFcDr/devkxR1H4NM+GChQ=
-22,4,Y6vRLFSBd5ZTevCh8S2ObER4uFM=,UrBOqcFcDr/devkxR1H4NM+GChQ=
-18,0,Y6vRLFSBd5ZTevCh8S2ObER4uFM=,UrBOqcFcDr/devkxR1H4NM+GChQ=
-22,3,Y6vRLFSBd5ZTevCh8S2ObER4uFM=,UrBOqcFcDr/devkxR1H4NM+GChQ=
-21,3,Y6vRLFSBd5ZTevCh8S2ObER4uFM=,UrBOqcFcDr/devkxR1H4NM+GChQ=
-21,1,Y6vRLFSBd5ZTevCh8S2ObER4uFM=,UrBOqcFcDr/devkxR1H4NM+GChQ=
-21,4,Y6vRLFSBd5ZTevCh8S2ObER4uFM=,UrBOqcFcDr/devkxR1H4NM+GChQ=
-20,1,Y6vRLFSBd5ZTevCh8S2ObER4uFM=,UrBOqcFcDr/devkxR1H4NM+GChQ=
-18,3,Y6vRLFSBd5ZTevCh8S2ObER4uFM=,UrBOqcFcDr/devkxR1H4NM+GChQ=
-17,2,Y6vRLFSBd5ZTevCh8S2ObER4uFM=,UrBOqcFcDr/devkxR1H4NM+GChQ=
-20,2,Y6vRLFSBd5ZTevCh8S2ObER4uFM=,UrBOqcFcDr/devkxR1H4NM+GChQ=
-22,2,Y6vRLFSBd5ZTevCh8S2ObER4uFM=,UrBOqcFcDr/devkxR1H4NM+GChQ=
-17,0,Y6vRLFSBd5ZTevCh8S2ObER4uFM=,UrBOqcFcDr/devkxR1H4NM+GChQ=
-31,5,SbheuAbBdGHb08gTdqXcmD5sCDU=,UrBOqcFcDr/devkxR1H4NM+GChQ=
-31,3,SbheuAbBdGHb08gTdqXcmD5sCDU=,UrBOqcFcDr/devkxR1H4NM+GChQ=
-32,5,SbheuAbBdGHb08gTdqXcmD5sCDU=,UrBOqcFcDr/devkxR1H4NM+GChQ=
-5,4,A/gv60uXovs0rmybJn2bn2cx3Ew=,WrszNHT2DU0L59D4UUvqInQe/T4=
-6,4,A/gv60uXovs0rmybJn2bn2cx3Ew=,WrszNHT2DU0L59D4UUvqInQe/T4=
-5,3,kTMbRioK8NoIV9yC6xwfwwfP2Rc=,ZVtbqRaduWHjnIDIOap62tG6AK4=
-6,5,A/gv60uXovs0rmybJn2bn2cx3Ew=,WrszNHT2DU0L59D4UUvqInQe/T4=
-5,5,A/gv60uXovs0rmybJn2bn2cx3Ew=,WrszNHT2DU0L59D4UUvqInQe/T4=
-6,3,kTMbRioK8NoIV9yC6xwfwwfP2Rc=,ZVtbqRaduWHjnIDIOap62tG6AK4=
-5,2,kTMbRioK8NoIV9yC6xwfwwfP2Rc=,ZVtbqRaduWHjnIDIOap62tG6AK4=
-6,2,kTMbRioK8NoIV9yC6xwfwwfP2Rc=,ZVtbqRaduWHjnIDIOap62tG6AK4=
-11,7,aw3O7LCfMJXwo46UJ0C01dqQ80A=,yQlVnIgBbEcGwWRZg082vlx/zpg=
-14,7,aw3O7LCfMJXwo46UJ0C01dqQ80A=,yQlVnIgBbEcGwWRZg082vlx/zpg=
-12,7,aw3O7LCfMJXwo46UJ0C01dqQ80A=,yQlVnIgBbEcGwWRZg082vlx/zpg=
-11,6,aw3O7LCfMJXwo46UJ0C01dqQ80A=,yQlVnIgBbEcGwWRZg082vlx/zpg=
-12,6,aw3O7LCfMJXwo46UJ0C01dqQ80A=,yQlVnIgBbEcGwWRZg082vlx/zpg=
-13,6,aw3O7LCfMJXwo46UJ0C01dqQ80A=,yQlVnIgBbEcGwWRZg082vlx/zpg=
-14,6,aw3O7LCfMJXwo46UJ0C01dqQ80A=,yQlVnIgBbEcGwWRZg082vlx/zpg=
-13,7,aw3O7LCfMJXwo46UJ0C01dqQ80A=,yQlVnIgBbEcGwWRZg082vlx/zpg=
-16,6,aw3O7LCfMJXwo46UJ0C01dqQ80A=,yQlVnIgBbEcGwWRZg082vlx/zpg=
-15,6,aw3O7LCfMJXwo46UJ0C01dqQ80A=,yQlVnIgBbEcGwWRZg082vlx/zpg=
-16,7,aw3O7LCfMJXwo46UJ0C01dqQ80A=,yQlVnIgBbEcGwWRZg082vlx/zpg=
-15,7,aw3O7LCfMJXwo46UJ0C01dqQ80A=,yQlVnIgBbEcGwWRZg082vlx/zpg=
-5,1,kTMbRioK8NoIV9yC6xwfwwfP2Rc=,ZVtbqRaduWHjnIDIOap62tG6AK4=
-6,0,kTMbRioK8NoIV9yC6xwfwwfP2Rc=,ZVtbqRaduWHjnIDIOap62tG6AK4=
-6,1,kTMbRioK8NoIV9yC6xwfwwfP2Rc=,ZVtbqRaduWHjnIDIOap62tG6AK4=
-5,0,kTMbRioK8NoIV9yC6xwfwwfP2Rc=,ZVtbqRaduWHjnIDIOap62tG6AK4=
-8,6,TqISlMrzdX2ax0lN1G5eugs+FDA=,WrszNHT2DU0L59D4UUvqInQe/T4=
-9,7,TqISlMrzdX2ax0lN1G5eugs+FDA=,yQlVnIgBbEcGwWRZg082vlx/zpg=
-10,7,TqISlMrzdX2ax0lN1G5eugs+FDA=,yQlVnIgBbEcGwWRZg082vlx/zpg=
-9,6,TqISlMrzdX2ax0lN1G5eugs+FDA=,yQlVnIgBbEcGwWRZg082vlx/zpg=
-10,6,TqISlMrzdX2ax0lN1G5eugs+FDA=,yQlVnIgBbEcGwWRZg082vlx/zpg=
-7,7,TqISlMrzdX2ax0lN1G5eugs+FDA=,WrszNHT2DU0L59D4UUvqInQe/T4=
-8,7,TqISlMrzdX2ax0lN1G5eugs+FDA=,WrszNHT2DU0L59D4UUvqInQe/T4=
-7,6,TqISlMrzdX2ax0lN1G5eugs+FDA=,WrszNHT2DU0L59D4UUvqInQe/T4=
-5,6,uBU03//HPmxessYCzyVcFbvUyI4=,WrszNHT2DU0L59D4UUvqInQe/T4=
-5,7,uBU03//HPmxessYCzyVcFbvUyI4=,WrszNHT2DU0L59D4UUvqInQe/T4=
-6,7,uBU03//HPmxessYCzyVcFbvUyI4=,WrszNHT2DU0L59D4UUvqInQe/T4=
-6,6,uBU03//HPmxessYCzyVcFbvUyI4=,WrszNHT2DU0L59D4UUvqInQe/T4=
-15,5,ETbn/FfFId9WCMdiII4ITsPx8y0=,yQlVnIgBbEcGwWRZg082vlx/zpg=
-16,5,ETbn/FfFId9WCMdiII4ITsPx8y0=,yQlVnIgBbEcGwWRZg082vlx/zpg=
-15,3,BMKXhSLFkpfDUO6JAYYuiqjALvk=,UrBOqcFcDr/devkxR1H4NM+GChQ=
-16,3,BMKXhSLFkpfDUO6JAYYuiqjALvk=,UrBOqcFcDr/devkxR1H4NM+GChQ=
-15,4,ETbn/FfFId9WCMdiII4ITsPx8y0=,yQlVnIgBbEcGwWRZg082vlx/zpg=
-16,2,BMKXhSLFkpfDUO6JAYYuiqjALvk=,UrBOqcFcDr/devkxR1H4NM+GChQ=
-16,4,ETbn/FfFId9WCMdiII4ITsPx8y0=,yQlVnIgBbEcGwWRZg082vlx/zpg=
-16,1,BMKXhSLFkpfDUO6JAYYuiqjALvk=,UrBOqcFcDr/devkxR1H4NM+GChQ=
-16,0,BMKXhSLFkpfDUO6JAYYuiqjALvk=,UrBOqcFcDr/devkxR1H4NM+GChQ=
-15,1,BMKXhSLFkpfDUO6JAYYuiqjALvk=,UrBOqcFcDr/devkxR1H4NM+GChQ=
-15,0,BMKXhSLFkpfDUO6JAYYuiqjALvk=,UrBOqcFcDr/devkxR1H4NM+GChQ=
-15,2,BMKXhSLFkpfDUO6JAYYuiqjALvk=,UrBOqcFcDr/devkxR1H4NM+GChQ=
-9,0,tsLaz5htBtf/McdKkDsT61SVRPo=,QzhURhRtJDIUhkYG94s4JwFcsJo=
-13,5,tsLaz5htBtf/McdKkDsT61SVRPo=,yQlVnIgBbEcGwWRZg082vlx/zpg=
-14,5,tsLaz5htBtf/McdKkDsT61SVRPo=,yQlVnIgBbEcGwWRZg082vlx/zpg=
-7,4,A/gv60uXovs0rmybJn2bn2cx3Ew=,WrszNHT2DU0L59D4UUvqInQe/T4=
-8,4,A/gv60uXovs0rmybJn2bn2cx3Ew=,WrszNHT2DU0L59D4UUvqInQe/T4=
-7,1,kTMbRioK8NoIV9yC6xwfwwfP2Rc=,ZVtbqRaduWHjnIDIOap62tG6AK4=
-9,5,A/gv60uXovs0rmybJn2bn2cx3Ew=,yQlVnIgBbEcGwWRZg082vlx/zpg=
-10,5,A/gv60uXovs0rmybJn2bn2cx3Ew=,yQlVnIgBbEcGwWRZg082vlx/zpg=
-13,1,5OlDQStLmOluY9QiTC7un9kGQuk=,UrBOqcFcDr/devkxR1H4NM+GChQ=
-10,1,tsLaz5htBtf/McdKkDsT61SVRPo=,QzhURhRtJDIUhkYG94s4JwFcsJo=
-12,1,tsLaz5htBtf/McdKkDsT61SVRPo=,QzhURhRtJDIUhkYG94s4JwFcsJo=
-9,3,A/gv60uXovs0rmybJn2bn2cx3Ew=,QzhURhRtJDIUhkYG94s4JwFcsJo=
-10,4,A/gv60uXovs0rmybJn2bn2cx3Ew=,yQlVnIgBbEcGwWRZg082vlx/zpg=
-11,0,tsLaz5htBtf/McdKkDsT61SVRPo=,QzhURhRtJDIUhkYG94s4JwFcsJo=
-12,5,tsLaz5htBtf/McdKkDsT61SVRPo=,yQlVnIgBbEcGwWRZg082vlx/zpg=
-11,5,tsLaz5htBtf/McdKkDsT61SVRPo=,yQlVnIgBbEcGwWRZg082vlx/zpg=
-13,3,5OlDQStLmOluY9QiTC7un9kGQuk=,UrBOqcFcDr/devkxR1H4NM+GChQ=
-9,4,A/gv60uXovs0rmybJn2bn2cx3Ew=,yQlVnIgBbEcGwWRZg082vlx/zpg=
-10,0,tsLaz5htBtf/McdKkDsT61SVRPo=,QzhURhRtJDIUhkYG94s4JwFcsJo=
-7,0,kTMbRioK8NoIV9yC6xwfwwfP2Rc=,ZVtbqRaduWHjnIDIOap62tG6AK4=
-8,0,kTMbRioK8NoIV9yC6xwfwwfP2Rc=,ZVtbqRaduWHjnIDIOap62tG6AK4=
-7,3,kTMbRioK8NoIV9yC6xwfwwfP2Rc=,ZVtbqRaduWHjnIDIOap62tG6AK4=
-8,1,kTMbRioK8NoIV9yC6xwfwwfP2Rc=,ZVtbqRaduWHjnIDIOap62tG6AK4=
-7,5,A/gv60uXovs0rmybJn2bn2cx3Ew=,WrszNHT2DU0L59D4UUvqInQe/T4=
-8,5,A/gv60uXovs0rmybJn2bn2cx3Ew=,WrszNHT2DU0L59D4UUvqInQe/T4=
-11,1,tsLaz5htBtf/McdKkDsT61SVRPo=,QzhURhRtJDIUhkYG94s4JwFcsJo=
-8,3,kTMbRioK8NoIV9yC6xwfwwfP2Rc=,ZVtbqRaduWHjnIDIOap62tG6AK4=
-14,3,5OlDQStLmOluY9QiTC7un9kGQuk=,UrBOqcFcDr/devkxR1H4NM+GChQ=
-12,0,tsLaz5htBtf/McdKkDsT61SVRPo=,QzhURhRtJDIUhkYG94s4JwFcsJo=
-12,2,tsLaz5htBtf/McdKkDsT61SVRPo=,QzhURhRtJDIUhkYG94s4JwFcsJo=
-14,1,5OlDQStLmOluY9QiTC7un9kGQuk=,UrBOqcFcDr/devkxR1H4NM+GChQ=
-14,4,tsLaz5htBtf/McdKkDsT61SVRPo=,yQlVnIgBbEcGwWRZg082vlx/zpg=
-7,2,kTMbRioK8NoIV9yC6xwfwwfP2Rc=,ZVtbqRaduWHjnIDIOap62tG6AK4=
-9,2,A/gv60uXovs0rmybJn2bn2cx3Ew=,QzhURhRtJDIUhkYG94s4JwFcsJo=
-13,2,5OlDQStLmOluY9QiTC7un9kGQuk=,UrBOqcFcDr/devkxR1H4NM+GChQ=
-13,4,tsLaz5htBtf/McdKkDsT61SVRPo=,yQlVnIgBbEcGwWRZg082vlx/zpg=
-12,4,tsLaz5htBtf/McdKkDsT61SVRPo=,yQlVnIgBbEcGwWRZg082vlx/zpg=
-8,2,kTMbRioK8NoIV9yC6xwfwwfP2Rc=,ZVtbqRaduWHjnIDIOap62tG6AK4=
-13,0,5OlDQStLmOluY9QiTC7un9kGQuk=,UrBOqcFcDr/devkxR1H4NM+GChQ=
-11,3,tsLaz5htBtf/McdKkDsT61SVRPo=,QzhURhRtJDIUhkYG94s4JwFcsJo=
-12,3,tsLaz5htBtf/McdKkDsT61SVRPo=,QzhURhRtJDIUhkYG94s4JwFcsJo=
-11,4,tsLaz5htBtf/McdKkDsT61SVRPo=,yQlVnIgBbEcGwWRZg082vlx/zpg=
-10,3,A/gv60uXovs0rmybJn2bn2cx3Ew=,QzhURhRtJDIUhkYG94s4JwFcsJo=
-14,2,5OlDQStLmOluY9QiTC7un9kGQuk=,UrBOqcFcDr/devkxR1H4NM+GChQ=
-11,2,tsLaz5htBtf/McdKkDsT61SVRPo=,QzhURhRtJDIUhkYG94s4JwFcsJo=
-14,0,5OlDQStLmOluY9QiTC7un9kGQuk=,UrBOqcFcDr/devkxR1H4NM+GChQ=
-10,2,A/gv60uXovs0rmybJn2bn2cx3Ew=,QzhURhRtJDIUhkYG94s4JwFcsJo=
-9,1,tsLaz5htBtf/McdKkDsT61SVRPo=,QzhURhRtJDIUhkYG94s4JwFcsJo=
-6,14,tsLaz5htBtf/McdKkDsT61SVRPo=,z7sRaictM67AYYfeHNs/MA699Eg=
-5,14,tsLaz5htBtf/McdKkDsT61SVRPo=,z7sRaictM67AYYfeHNs/MA699Eg=
-6,15,tsLaz5htBtf/McdKkDsT61SVRPo=,z7sRaictM67AYYfeHNs/MA699Eg=
-5,15,tsLaz5htBtf/McdKkDsT61SVRPo=,z7sRaictM67AYYfeHNs/MA699Eg=
-8,10,7JB9YX9h4T6BEmBAIp0yeibNGWY=,yQlVnIgBbEcGwWRZg082vlx/zpg=
-7,10,7JB9YX9h4T6BEmBAIp0yeibNGWY=,yQlVnIgBbEcGwWRZg082vlx/zpg=
-7,13,7JB9YX9h4T6BEmBAIp0yeibNGWY=,z7sRaictM67AYYfeHNs/MA699Eg=
-8,11,7JB9YX9h4T6BEmBAIp0yeibNGWY=,yQlVnIgBbEcGwWRZg082vlx/zpg=
-7,11,7JB9YX9h4T6BEmBAIp0yeibNGWY=,yQlVnIgBbEcGwWRZg082vlx/zpg=
-8,12,7JB9YX9h4T6BEmBAIp0yeibNGWY=,z7sRaictM67AYYfeHNs/MA699Eg=
-7,12,7JB9YX9h4T6BEmBAIp0yeibNGWY=,z7sRaictM67AYYfeHNs/MA699Eg=
-8,13,7JB9YX9h4T6BEmBAIp0yeibNGWY=,z7sRaictM67AYYfeHNs/MA699Eg=
-8,14,SKLyWUepIn2zRVfs49xHofSPHs4=,z7sRaictM67AYYfeHNs/MA699Eg=
-7,15,SKLyWUepIn2zRVfs49xHofSPHs4=,z7sRaictM67AYYfeHNs/MA699Eg=
-8,15,SKLyWUepIn2zRVfs49xHofSPHs4=,z7sRaictM67AYYfeHNs/MA699Eg=
-7,14,SKLyWUepIn2zRVfs49xHofSPHs4=,z7sRaictM67AYYfeHNs/MA699Eg=
-8,8,TqISlMrzdX2ax0lN1G5eugs+FDA=,yQlVnIgBbEcGwWRZg082vlx/zpg=
-7,8,TqISlMrzdX2ax0lN1G5eugs+FDA=,yQlVnIgBbEcGwWRZg082vlx/zpg=
-8,9,TqISlMrzdX2ax0lN1G5eugs+FDA=,yQlVnIgBbEcGwWRZg082vlx/zpg=
-7,9,TqISlMrzdX2ax0lN1G5eugs+FDA=,yQlVnIgBbEcGwWRZg082vlx/zpg=
-5,13,uBU03//HPmxessYCzyVcFbvUyI4=,z7sRaictM67AYYfeHNs/MA699Eg=
-5,12,uBU03//HPmxessYCzyVcFbvUyI4=,z7sRaictM67AYYfeHNs/MA699Eg=
-6,13,uBU03//HPmxessYCzyVcFbvUyI4=,z7sRaictM67AYYfeHNs/MA699Eg=
-6,12,uBU03//HPmxessYCzyVcFbvUyI4=,z7sRaictM67AYYfeHNs/MA699Eg=
-5,11,uBU03//HPmxessYCzyVcFbvUyI4=,yQlVnIgBbEcGwWRZg082vlx/zpg=
-6,11,uBU03//HPmxessYCzyVcFbvUyI4=,yQlVnIgBbEcGwWRZg082vlx/zpg=
-5,10,uBU03//HPmxessYCzyVcFbvUyI4=,yQlVnIgBbEcGwWRZg082vlx/zpg=
-6,9,uBU03//HPmxessYCzyVcFbvUyI4=,yQlVnIgBbEcGwWRZg082vlx/zpg=
-5,8,uBU03//HPmxessYCzyVcFbvUyI4=,yQlVnIgBbEcGwWRZg082vlx/zpg=
-6,8,uBU03//HPmxessYCzyVcFbvUyI4=,yQlVnIgBbEcGwWRZg082vlx/zpg=
-5,9,uBU03//HPmxessYCzyVcFbvUyI4=,yQlVnIgBbEcGwWRZg082vlx/zpg=
-6,10,uBU03//HPmxessYCzyVcFbvUyI4=,yQlVnIgBbEcGwWRZg082vlx/zpg=
-25,27,qSVvY628Wd6byvXq3a6xNmNNR1g=,7QUAuTg1TEoQe+gpqPxBPeF40hs=
-24,28,qSVvY628Wd6byvXq3a6xNmNNR1g=,xl6p2gzORuP4tHINgsLBaozCtPc=
-23,28,qSVvY628Wd6byvXq3a6xNmNNR1g=,xl6p2gzORuP4tHINgsLBaozCtPc=
-23,29,qSVvY628Wd6byvXq3a6xNmNNR1g=,xl6p2gzORuP4tHINgsLBaozCtPc=
-26,27,qSVvY628Wd6byvXq3a6xNmNNR1g=,7QUAuTg1TEoQe+gpqPxBPeF40hs=
-23,27,qSVvY628Wd6byvXq3a6xNmNNR1g=,xl6p2gzORuP4tHINgsLBaozCtPc=
-26,29,qSVvY628Wd6byvXq3a6xNmNNR1g=,7QUAuTg1TEoQe+gpqPxBPeF40hs=
-26,28,qSVvY628Wd6byvXq3a6xNmNNR1g=,7QUAuTg1TEoQe+gpqPxBPeF40hs=
-24,29,qSVvY628Wd6byvXq3a6xNmNNR1g=,xl6p2gzORuP4tHINgsLBaozCtPc=
-25,29,qSVvY628Wd6byvXq3a6xNmNNR1g=,7QUAuTg1TEoQe+gpqPxBPeF40hs=
-25,28,qSVvY628Wd6byvXq3a6xNmNNR1g=,7QUAuTg1TEoQe+gpqPxBPeF40hs=
-24,27,qSVvY628Wd6byvXq3a6xNmNNR1g=,xl6p2gzORuP4tHINgsLBaozCtPc=
-25,26,qSVvY628Wd6byvXq3a6xNmNNR1g=,7QUAuTg1TEoQe+gpqPxBPeF40hs=
-23,26,qSVvY628Wd6byvXq3a6xNmNNR1g=,xl6p2gzORuP4tHINgsLBaozCtPc=
-24,26,qSVvY628Wd6byvXq3a6xNmNNR1g=,xl6p2gzORuP4tHINgsLBaozCtPc=
-26,26,qSVvY628Wd6byvXq3a6xNmNNR1g=,7QUAuTg1TEoQe+gpqPxBPeF40hs=
-29,23,UhpTrS+J+ydxR7oUhF3eDXqm+r0=,lDA9SXu7eEpJYg1tDBedIWMT2Wk=
-30,23,UhpTrS+J+ydxR7oUhF3eDXqm+r0=,lDA9SXu7eEpJYg1tDBedIWMT2Wk=
-29,27,UhpTrS+J+ydxR7oUhF3eDXqm+r0=,lDA9SXu7eEpJYg1tDBedIWMT2Wk=
-28,27,UhpTrS+J+ydxR7oUhF3eDXqm+r0=,7QUAuTg1TEoQe+gpqPxBPeF40hs=
-29,22,UhpTrS+J+ydxR7oUhF3eDXqm+r0=,lDA9SXu7eEpJYg1tDBedIWMT2Wk=
-30,22,UhpTrS+J+ydxR7oUhF3eDXqm+r0=,lDA9SXu7eEpJYg1tDBedIWMT2Wk=
-30,27,UhpTrS+J+ydxR7oUhF3eDXqm+r0=,lDA9SXu7eEpJYg1tDBedIWMT2Wk=
-28,22,UhpTrS+J+ydxR7oUhF3eDXqm+r0=,7QUAuTg1TEoQe+gpqPxBPeF40hs=
-27,22,UhpTrS+J+ydxR7oUhF3eDXqm+r0=,7QUAuTg1TEoQe+gpqPxBPeF40hs=
-30,28,xfr0t6/Gp0VkZjBd/7kvybJCVeM=,krxgugLtwAWWB/G0p/670lQtzM8=
-27,29,xfr0t6/Gp0VkZjBd/7kvybJCVeM=,7QUAuTg1TEoQe+gpqPxBPeF40hs=
-29,29,xfr0t6/Gp0VkZjBd/7kvybJCVeM=,krxgugLtwAWWB/G0p/670lQtzM8=
-30,29,xfr0t6/Gp0VkZjBd/7kvybJCVeM=,krxgugLtwAWWB/G0p/670lQtzM8=
-28,23,xfr0t6/Gp0VkZjBd/7kvybJCVeM=,7QUAuTg1TEoQe+gpqPxBPeF40hs=
-28,25,xfr0t6/Gp0VkZjBd/7kvybJCVeM=,7QUAuTg1TEoQe+gpqPxBPeF40hs=
-27,28,xfr0t6/Gp0VkZjBd/7kvybJCVeM=,7QUAuTg1TEoQe+gpqPxBPeF40hs=
-28,29,xfr0t6/Gp0VkZjBd/7kvybJCVeM=,7QUAuTg1TEoQe+gpqPxBPeF40hs=
-28,28,xfr0t6/Gp0VkZjBd/7kvybJCVeM=,7QUAuTg1TEoQe+gpqPxBPeF40hs=
-29,28,xfr0t6/Gp0VkZjBd/7kvybJCVeM=,krxgugLtwAWWB/G0p/670lQtzM8=
-27,27,xfr0t6/Gp0VkZjBd/7kvybJCVeM=,7QUAuTg1TEoQe+gpqPxBPeF40hs=
-30,25,xfr0t6/Gp0VkZjBd/7kvybJCVeM=,lDA9SXu7eEpJYg1tDBedIWMT2Wk=
-28,24,xfr0t6/Gp0VkZjBd/7kvybJCVeM=,7QUAuTg1TEoQe+gpqPxBPeF40hs=
-27,24,xfr0t6/Gp0VkZjBd/7kvybJCVeM=,7QUAuTg1TEoQe+gpqPxBPeF40hs=
-30,26,xfr0t6/Gp0VkZjBd/7kvybJCVeM=,lDA9SXu7eEpJYg1tDBedIWMT2Wk=
-28,26,xfr0t6/Gp0VkZjBd/7kvybJCVeM=,7QUAuTg1TEoQe+gpqPxBPeF40hs=
-29,26,xfr0t6/Gp0VkZjBd/7kvybJCVeM=,lDA9SXu7eEpJYg1tDBedIWMT2Wk=
-29,24,xfr0t6/Gp0VkZjBd/7kvybJCVeM=,lDA9SXu7eEpJYg1tDBedIWMT2Wk=
-27,25,xfr0t6/Gp0VkZjBd/7kvybJCVeM=,7QUAuTg1TEoQe+gpqPxBPeF40hs=
-29,25,xfr0t6/Gp0VkZjBd/7kvybJCVeM=,lDA9SXu7eEpJYg1tDBedIWMT2Wk=
-27,23,xfr0t6/Gp0VkZjBd/7kvybJCVeM=,7QUAuTg1TEoQe+gpqPxBPeF40hs=
-30,24,xfr0t6/Gp0VkZjBd/7kvybJCVeM=,lDA9SXu7eEpJYg1tDBedIWMT2Wk=
-27,26,xfr0t6/Gp0VkZjBd/7kvybJCVeM=,7QUAuTg1TEoQe+gpqPxBPeF40hs=
-25,22,2yQh2ZLjKrgvD0NN+RTy+OjXmJM=,7QUAuTg1TEoQe+gpqPxBPeF40hs=
-26,22,2yQh2ZLjKrgvD0NN+RTy+OjXmJM=,7QUAuTg1TEoQe+gpqPxBPeF40hs=
-23,24,2yQh2ZLjKrgvD0NN+RTy+OjXmJM=,xl6p2gzORuP4tHINgsLBaozCtPc=
-23,25,PKVE28tvENaXgbi0vvcfjBc5caw=,xl6p2gzORuP4tHINgsLBaozCtPc=
-26,23,PKVE28tvENaXgbi0vvcfjBc5caw=,7QUAuTg1TEoQe+gpqPxBPeF40hs=
-25,23,PKVE28tvENaXgbi0vvcfjBc5caw=,7QUAuTg1TEoQe+gpqPxBPeF40hs=
-24,24,PKVE28tvENaXgbi0vvcfjBc5caw=,xl6p2gzORuP4tHINgsLBaozCtPc=
-26,24,PKVE28tvENaXgbi0vvcfjBc5caw=,7QUAuTg1TEoQe+gpqPxBPeF40hs=
-24,25,PKVE28tvENaXgbi0vvcfjBc5caw=,xl6p2gzORuP4tHINgsLBaozCtPc=
-26,25,PKVE28tvENaXgbi0vvcfjBc5caw=,7QUAuTg1TEoQe+gpqPxBPeF40hs=
-24,22,PKVE28tvENaXgbi0vvcfjBc5caw=,0XupSAxT+MsFAC2zg/3yzZYeVOU=
-25,24,PKVE28tvENaXgbi0vvcfjBc5caw=,7QUAuTg1TEoQe+gpqPxBPeF40hs=
-23,22,PKVE28tvENaXgbi0vvcfjBc5caw=,0XupSAxT+MsFAC2zg/3yzZYeVOU=
-25,25,PKVE28tvENaXgbi0vvcfjBc5caw=,7QUAuTg1TEoQe+gpqPxBPeF40hs=
-23,23,PKVE28tvENaXgbi0vvcfjBc5caw=,0XupSAxT+MsFAC2zg/3yzZYeVOU=
-24,23,PKVE28tvENaXgbi0vvcfjBc5caw=,0XupSAxT+MsFAC2zg/3yzZYeVOU=
-25,19,23xKHLfTx1wufa2D0ysF05TS9ro=,0XupSAxT+MsFAC2zg/3yzZYeVOU=
-26,18,23xKHLfTx1wufa2D0ysF05TS9ro=,0XupSAxT+MsFAC2zg/3yzZYeVOU=
-25,18,23xKHLfTx1wufa2D0ysF05TS9ro=,0XupSAxT+MsFAC2zg/3yzZYeVOU=
-26,19,23xKHLfTx1wufa2D0ysF05TS9ro=,0XupSAxT+MsFAC2zg/3yzZYeVOU=
-24,19,23xKHLfTx1wufa2D0ysF05TS9ro=,0XupSAxT+MsFAC2zg/3yzZYeVOU=
-26,21,23xKHLfTx1wufa2D0ysF05TS9ro=,7QUAuTg1TEoQe+gpqPxBPeF40hs=
-24,18,23xKHLfTx1wufa2D0ysF05TS9ro=,0XupSAxT+MsFAC2zg/3yzZYeVOU=
-25,20,23xKHLfTx1wufa2D0ysF05TS9ro=,7QUAuTg1TEoQe+gpqPxBPeF40hs=
-23,18,23xKHLfTx1wufa2D0ysF05TS9ro=,0XupSAxT+MsFAC2zg/3yzZYeVOU=
-26,20,23xKHLfTx1wufa2D0ysF05TS9ro=,7QUAuTg1TEoQe+gpqPxBPeF40hs=
-25,21,23xKHLfTx1wufa2D0ysF05TS9ro=,7QUAuTg1TEoQe+gpqPxBPeF40hs=
-24,20,23xKHLfTx1wufa2D0ysF05TS9ro=,0XupSAxT+MsFAC2zg/3yzZYeVOU=
-23,20,23xKHLfTx1wufa2D0ysF05TS9ro=,0XupSAxT+MsFAC2zg/3yzZYeVOU=
-23,19,23xKHLfTx1wufa2D0ysF05TS9ro=,0XupSAxT+MsFAC2zg/3yzZYeVOU=
-24,21,23xKHLfTx1wufa2D0ysF05TS9ro=,0XupSAxT+MsFAC2zg/3yzZYeVOU=
-23,21,23xKHLfTx1wufa2D0ysF05TS9ro=,0XupSAxT+MsFAC2zg/3yzZYeVOU=
-27,18,23xKHLfTx1wufa2D0ysF05TS9ro=,0XupSAxT+MsFAC2zg/3yzZYeVOU=
-28,18,23xKHLfTx1wufa2D0ysF05TS9ro=,0XupSAxT+MsFAC2zg/3yzZYeVOU=
-30,20,23xKHLfTx1wufa2D0ysF05TS9ro=,lDA9SXu7eEpJYg1tDBedIWMT2Wk=
-28,20,23xKHLfTx1wufa2D0ysF05TS9ro=,7QUAuTg1TEoQe+gpqPxBPeF40hs=
-27,20,23xKHLfTx1wufa2D0ysF05TS9ro=,7QUAuTg1TEoQe+gpqPxBPeF40hs=
-29,20,23xKHLfTx1wufa2D0ysF05TS9ro=,lDA9SXu7eEpJYg1tDBedIWMT2Wk=
-30,21,23xKHLfTx1wufa2D0ysF05TS9ro=,lDA9SXu7eEpJYg1tDBedIWMT2Wk=
-29,21,23xKHLfTx1wufa2D0ysF05TS9ro=,lDA9SXu7eEpJYg1tDBedIWMT2Wk=
-28,21,23xKHLfTx1wufa2D0ysF05TS9ro=,7QUAuTg1TEoQe+gpqPxBPeF40hs=
-27,21,23xKHLfTx1wufa2D0ysF05TS9ro=,7QUAuTg1TEoQe+gpqPxBPeF40hs=
-28,19,23xKHLfTx1wufa2D0ysF05TS9ro=,0XupSAxT+MsFAC2zg/3yzZYeVOU=
-27,19,23xKHLfTx1wufa2D0ysF05TS9ro=,0XupSAxT+MsFAC2zg/3yzZYeVOU=
-21,31,Xk3KnaBDrM3aZdNLcuDVOVNmNw8=,xl6p2gzORuP4tHINgsLBaozCtPc=
-22,31,Xk3KnaBDrM3aZdNLcuDVOVNmNw8=,xl6p2gzORuP4tHINgsLBaozCtPc=
-22,30,Xk3KnaBDrM3aZdNLcuDVOVNmNw8=,xl6p2gzORuP4tHINgsLBaozCtPc=
-21,30,Xk3KnaBDrM3aZdNLcuDVOVNmNw8=,xl6p2gzORuP4tHINgsLBaozCtPc=
-20,30,Xk3KnaBDrM3aZdNLcuDVOVNmNw8=,0XupSAxT+MsFAC2zg/3yzZYeVOU=
-20,31,Xk3KnaBDrM3aZdNLcuDVOVNmNw8=,0XupSAxT+MsFAC2zg/3yzZYeVOU=
-19,30,Xk3KnaBDrM3aZdNLcuDVOVNmNw8=,0XupSAxT+MsFAC2zg/3yzZYeVOU=
-19,31,Xk3KnaBDrM3aZdNLcuDVOVNmNw8=,0XupSAxT+MsFAC2zg/3yzZYeVOU=
-23,31,Xk3KnaBDrM3aZdNLcuDVOVNmNw8=,xl6p2gzORuP4tHINgsLBaozCtPc=
-23,30,Xk3KnaBDrM3aZdNLcuDVOVNmNw8=,xl6p2gzORuP4tHINgsLBaozCtPc=
-24,30,Xk3KnaBDrM3aZdNLcuDVOVNmNw8=,xl6p2gzORuP4tHINgsLBaozCtPc=
-26,30,Xk3KnaBDrM3aZdNLcuDVOVNmNw8=,7QUAuTg1TEoQe+gpqPxBPeF40hs=
-24,31,Xk3KnaBDrM3aZdNLcuDVOVNmNw8=,xl6p2gzORuP4tHINgsLBaozCtPc=
-25,30,Xk3KnaBDrM3aZdNLcuDVOVNmNw8=,7QUAuTg1TEoQe+gpqPxBPeF40hs=
-25,31,Xk3KnaBDrM3aZdNLcuDVOVNmNw8=,7QUAuTg1TEoQe+gpqPxBPeF40hs=
-26,31,Xk3KnaBDrM3aZdNLcuDVOVNmNw8=,7QUAuTg1TEoQe+gpqPxBPeF40hs=
-30,31,Xk3KnaBDrM3aZdNLcuDVOVNmNw8=,krxgugLtwAWWB/G0p/670lQtzM8=
-29,30,Xk3KnaBDrM3aZdNLcuDVOVNmNw8=,krxgugLtwAWWB/G0p/670lQtzM8=
-30,30,Xk3KnaBDrM3aZdNLcuDVOVNmNw8=,krxgugLtwAWWB/G0p/670lQtzM8=
-27,31,Xk3KnaBDrM3aZdNLcuDVOVNmNw8=,7QUAuTg1TEoQe+gpqPxBPeF40hs=
-28,31,Xk3KnaBDrM3aZdNLcuDVOVNmNw8=,7QUAuTg1TEoQe+gpqPxBPeF40hs=
-27,30,Xk3KnaBDrM3aZdNLcuDVOVNmNw8=,7QUAuTg1TEoQe+gpqPxBPeF40hs=
-28,30,Xk3KnaBDrM3aZdNLcuDVOVNmNw8=,7QUAuTg1TEoQe+gpqPxBPeF40hs=
-29,31,Xk3KnaBDrM3aZdNLcuDVOVNmNw8=,krxgugLtwAWWB/G0p/670lQtzM8=
-21,27,9xLlMvJ4mUNTDiKeSQsJgxjZzO8=,xl6p2gzORuP4tHINgsLBaozCtPc=
-21,29,9xLlMvJ4mUNTDiKeSQsJgxjZzO8=,xl6p2gzORuP4tHINgsLBaozCtPc=
-19,27,9xLlMvJ4mUNTDiKeSQsJgxjZzO8=,0XupSAxT+MsFAC2zg/3yzZYeVOU=
-18,27,9xLlMvJ4mUNTDiKeSQsJgxjZzO8=,0XupSAxT+MsFAC2zg/3yzZYeVOU=
-17,27,9xLlMvJ4mUNTDiKeSQsJgxjZzO8=,0XupSAxT+MsFAC2zg/3yzZYeVOU=
-17,26,9xLlMvJ4mUNTDiKeSQsJgxjZzO8=,0XupSAxT+MsFAC2zg/3yzZYeVOU=
-18,26,9xLlMvJ4mUNTDiKeSQsJgxjZzO8=,0XupSAxT+MsFAC2zg/3yzZYeVOU=
-22,29,9xLlMvJ4mUNTDiKeSQsJgxjZzO8=,xl6p2gzORuP4tHINgsLBaozCtPc=
-21,28,9xLlMvJ4mUNTDiKeSQsJgxjZzO8=,xl6p2gzORuP4tHINgsLBaozCtPc=
-22,28,9xLlMvJ4mUNTDiKeSQsJgxjZzO8=,xl6p2gzORuP4tHINgsLBaozCtPc=
-20,28,9xLlMvJ4mUNTDiKeSQsJgxjZzO8=,0XupSAxT+MsFAC2zg/3yzZYeVOU=
-19,28,9xLlMvJ4mUNTDiKeSQsJgxjZzO8=,0XupSAxT+MsFAC2zg/3yzZYeVOU=
-18,28,9xLlMvJ4mUNTDiKeSQsJgxjZzO8=,0XupSAxT+MsFAC2zg/3yzZYeVOU=
-17,28,9xLlMvJ4mUNTDiKeSQsJgxjZzO8=,0XupSAxT+MsFAC2zg/3yzZYeVOU=
-20,29,9xLlMvJ4mUNTDiKeSQsJgxjZzO8=,0XupSAxT+MsFAC2zg/3yzZYeVOU=
-19,29,9xLlMvJ4mUNTDiKeSQsJgxjZzO8=,0XupSAxT+MsFAC2zg/3yzZYeVOU=
-19,26,9xLlMvJ4mUNTDiKeSQsJgxjZzO8=,0XupSAxT+MsFAC2zg/3yzZYeVOU=
-18,29,9xLlMvJ4mUNTDiKeSQsJgxjZzO8=,0XupSAxT+MsFAC2zg/3yzZYeVOU=
-22,26,9xLlMvJ4mUNTDiKeSQsJgxjZzO8=,xl6p2gzORuP4tHINgsLBaozCtPc=
-17,29,9xLlMvJ4mUNTDiKeSQsJgxjZzO8=,0XupSAxT+MsFAC2zg/3yzZYeVOU=
-22,27,9xLlMvJ4mUNTDiKeSQsJgxjZzO8=,xl6p2gzORuP4tHINgsLBaozCtPc=
-20,26,9xLlMvJ4mUNTDiKeSQsJgxjZzO8=,0XupSAxT+MsFAC2zg/3yzZYeVOU=
-21,26,9xLlMvJ4mUNTDiKeSQsJgxjZzO8=,xl6p2gzORuP4tHINgsLBaozCtPc=
-20,27,9xLlMvJ4mUNTDiKeSQsJgxjZzO8=,0XupSAxT+MsFAC2zg/3yzZYeVOU=
-31,21,1ohQ2Qi90kD4bMX09rtcBK4jSCg=,lDA9SXu7eEpJYg1tDBedIWMT2Wk=
-32,21,1ohQ2Qi90kD4bMX09rtcBK4jSCg=,lDA9SXu7eEpJYg1tDBedIWMT2Wk=
-32,20,1ohQ2Qi90kD4bMX09rtcBK4jSCg=,lDA9SXu7eEpJYg1tDBedIWMT2Wk=
-31,20,1ohQ2Qi90kD4bMX09rtcBK4jSCg=,lDA9SXu7eEpJYg1tDBedIWMT2Wk=
-24,17,1ohQ2Qi90kD4bMX09rtcBK4jSCg=,0XupSAxT+MsFAC2zg/3yzZYeVOU=
-25,16,1ohQ2Qi90kD4bMX09rtcBK4jSCg=,0XupSAxT+MsFAC2zg/3yzZYeVOU=
-23,17,1ohQ2Qi90kD4bMX09rtcBK4jSCg=,0XupSAxT+MsFAC2zg/3yzZYeVOU=
-23,16,1ohQ2Qi90kD4bMX09rtcBK4jSCg=,0XupSAxT+MsFAC2zg/3yzZYeVOU=
-26,16,1ohQ2Qi90kD4bMX09rtcBK4jSCg=,0XupSAxT+MsFAC2zg/3yzZYeVOU=
-26,17,1ohQ2Qi90kD4bMX09rtcBK4jSCg=,0XupSAxT+MsFAC2zg/3yzZYeVOU=
-25,17,1ohQ2Qi90kD4bMX09rtcBK4jSCg=,0XupSAxT+MsFAC2zg/3yzZYeVOU=
-24,16,1ohQ2Qi90kD4bMX09rtcBK4jSCg=,0XupSAxT+MsFAC2zg/3yzZYeVOU=
-31,31,42JPM2QDSC1E6x9zKjLVdHqLhw8=,krxgugLtwAWWB/G0p/670lQtzM8=
-31,30,42JPM2QDSC1E6x9zKjLVdHqLhw8=,krxgugLtwAWWB/G0p/670lQtzM8=
-32,30,42JPM2QDSC1E6x9zKjLVdHqLhw8=,krxgugLtwAWWB/G0p/670lQtzM8=
-32,31,42JPM2QDSC1E6x9zKjLVdHqLhw8=,krxgugLtwAWWB/G0p/670lQtzM8=
-28,17,42JPM2QDSC1E6x9zKjLVdHqLhw8=,0XupSAxT+MsFAC2zg/3yzZYeVOU=
-27,17,42JPM2QDSC1E6x9zKjLVdHqLhw8=,0XupSAxT+MsFAC2zg/3yzZYeVOU=
-28,16,42JPM2QDSC1E6x9zKjLVdHqLhw8=,0XupSAxT+MsFAC2zg/3yzZYeVOU=
-27,16,42JPM2QDSC1E6x9zKjLVdHqLhw8=,0XupSAxT+MsFAC2zg/3yzZYeVOU=
-18,30,42JPM2QDSC1E6x9zKjLVdHqLhw8=,0XupSAxT+MsFAC2zg/3yzZYeVOU=
-17,30,42JPM2QDSC1E6x9zKjLVdHqLhw8=,0XupSAxT+MsFAC2zg/3yzZYeVOU=
-17,31,42JPM2QDSC1E6x9zKjLVdHqLhw8=,0XupSAxT+MsFAC2zg/3yzZYeVOU=
-18,31,42JPM2QDSC1E6x9zKjLVdHqLhw8=,0XupSAxT+MsFAC2zg/3yzZYeVOU=
-31,22,42JPM2QDSC1E6x9zKjLVdHqLhw8=,lDA9SXu7eEpJYg1tDBedIWMT2Wk=
-32,22,42JPM2QDSC1E6x9zKjLVdHqLhw8=,lDA9SXu7eEpJYg1tDBedIWMT2Wk=
-31,28,42JPM2QDSC1E6x9zKjLVdHqLhw8=,krxgugLtwAWWB/G0p/670lQtzM8=
-31,29,42JPM2QDSC1E6x9zKjLVdHqLhw8=,krxgugLtwAWWB/G0p/670lQtzM8=
-32,27,42JPM2QDSC1E6x9zKjLVdHqLhw8=,lDA9SXu7eEpJYg1tDBedIWMT2Wk=
-32,29,42JPM2QDSC1E6x9zKjLVdHqLhw8=,krxgugLtwAWWB/G0p/670lQtzM8=
-32,28,42JPM2QDSC1E6x9zKjLVdHqLhw8=,krxgugLtwAWWB/G0p/670lQtzM8=
-31,27,42JPM2QDSC1E6x9zKjLVdHqLhw8=,lDA9SXu7eEpJYg1tDBedIWMT2Wk=
-32,24,42JPM2QDSC1E6x9zKjLVdHqLhw8=,lDA9SXu7eEpJYg1tDBedIWMT2Wk=
-31,25,42JPM2QDSC1E6x9zKjLVdHqLhw8=,lDA9SXu7eEpJYg1tDBedIWMT2Wk=
-31,26,42JPM2QDSC1E6x9zKjLVdHqLhw8=,lDA9SXu7eEpJYg1tDBedIWMT2Wk=
-31,23,42JPM2QDSC1E6x9zKjLVdHqLhw8=,lDA9SXu7eEpJYg1tDBedIWMT2Wk=
-32,26,42JPM2QDSC1E6x9zKjLVdHqLhw8=,lDA9SXu7eEpJYg1tDBedIWMT2Wk=
-32,25,42JPM2QDSC1E6x9zKjLVdHqLhw8=,lDA9SXu7eEpJYg1tDBedIWMT2Wk=
-32,23,42JPM2QDSC1E6x9zKjLVdHqLhw8=,lDA9SXu7eEpJYg1tDBedIWMT2Wk=
-31,24,42JPM2QDSC1E6x9zKjLVdHqLhw8=,lDA9SXu7eEpJYg1tDBedIWMT2Wk=
-21,17,1c3QoTRtUIPPhp7UDln3tmjqMFs=,0XupSAxT+MsFAC2zg/3yzZYeVOU=
-17,17,1c3QoTRtUIPPhp7UDln3tmjqMFs=,TkI9PqRY9CHLdn7rgcwfjun44OU=
-22,16,1c3QoTRtUIPPhp7UDln3tmjqMFs=,0XupSAxT+MsFAC2zg/3yzZYeVOU=
-18,17,1c3QoTRtUIPPhp7UDln3tmjqMFs=,TkI9PqRY9CHLdn7rgcwfjun44OU=
-21,16,1c3QoTRtUIPPhp7UDln3tmjqMFs=,0XupSAxT+MsFAC2zg/3yzZYeVOU=
-22,17,1c3QoTRtUIPPhp7UDln3tmjqMFs=,0XupSAxT+MsFAC2zg/3yzZYeVOU=
-17,16,1c3QoTRtUIPPhp7UDln3tmjqMFs=,TkI9PqRY9CHLdn7rgcwfjun44OU=
-18,16,1c3QoTRtUIPPhp7UDln3tmjqMFs=,TkI9PqRY9CHLdn7rgcwfjun44OU=
-20,17,1c3QoTRtUIPPhp7UDln3tmjqMFs=,TkI9PqRY9CHLdn7rgcwfjun44OU=
-19,16,1c3QoTRtUIPPhp7UDln3tmjqMFs=,TkI9PqRY9CHLdn7rgcwfjun44OU=
-19,17,1c3QoTRtUIPPhp7UDln3tmjqMFs=,TkI9PqRY9CHLdn7rgcwfjun44OU=
-20,16,1c3QoTRtUIPPhp7UDln3tmjqMFs=,TkI9PqRY9CHLdn7rgcwfjun44OU=
-17,19,ncWoCTNtwxEauSC8W0VK8Kg1rdQ=,TkI9PqRY9CHLdn7rgcwfjun44OU=
-22,18,ncWoCTNtwxEauSC8W0VK8Kg1rdQ=,0XupSAxT+MsFAC2zg/3yzZYeVOU=
-21,18,ncWoCTNtwxEauSC8W0VK8Kg1rdQ=,0XupSAxT+MsFAC2zg/3yzZYeVOU=
-17,24,ncWoCTNtwxEauSC8W0VK8Kg1rdQ=,0XupSAxT+MsFAC2zg/3yzZYeVOU=
-22,19,ncWoCTNtwxEauSC8W0VK8Kg1rdQ=,0XupSAxT+MsFAC2zg/3yzZYeVOU=
-22,25,ncWoCTNtwxEauSC8W0VK8Kg1rdQ=,xl6p2gzORuP4tHINgsLBaozCtPc=
-21,19,ncWoCTNtwxEauSC8W0VK8Kg1rdQ=,0XupSAxT+MsFAC2zg/3yzZYeVOU=
-18,25,ncWoCTNtwxEauSC8W0VK8Kg1rdQ=,0XupSAxT+MsFAC2zg/3yzZYeVOU=
-17,25,ncWoCTNtwxEauSC8W0VK8Kg1rdQ=,0XupSAxT+MsFAC2zg/3yzZYeVOU=
-22,20,ncWoCTNtwxEauSC8W0VK8Kg1rdQ=,0XupSAxT+MsFAC2zg/3yzZYeVOU=
-18,24,ncWoCTNtwxEauSC8W0VK8Kg1rdQ=,0XupSAxT+MsFAC2zg/3yzZYeVOU=
-22,24,ncWoCTNtwxEauSC8W0VK8Kg1rdQ=,xl6p2gzORuP4tHINgsLBaozCtPc=
-21,23,ncWoCTNtwxEauSC8W0VK8Kg1rdQ=,0XupSAxT+MsFAC2zg/3yzZYeVOU=
-20,20,ncWoCTNtwxEauSC8W0VK8Kg1rdQ=,0XupSAxT+MsFAC2zg/3yzZYeVOU=
-17,21,ncWoCTNtwxEauSC8W0VK8Kg1rdQ=,0XupSAxT+MsFAC2zg/3yzZYeVOU=
-20,22,ncWoCTNtwxEauSC8W0VK8Kg1rdQ=,0XupSAxT+MsFAC2zg/3yzZYeVOU=
-18,22,ncWoCTNtwxEauSC8W0VK8Kg1rdQ=,0XupSAxT+MsFAC2zg/3yzZYeVOU=
-17,22,ncWoCTNtwxEauSC8W0VK8Kg1rdQ=,0XupSAxT+MsFAC2zg/3yzZYeVOU=
-18,20,ncWoCTNtwxEauSC8W0VK8Kg1rdQ=,0XupSAxT+MsFAC2zg/3yzZYeVOU=
-21,20,ncWoCTNtwxEauSC8W0VK8Kg1rdQ=,0XupSAxT+MsFAC2zg/3yzZYeVOU=
-22,23,ncWoCTNtwxEauSC8W0VK8Kg1rdQ=,0XupSAxT+MsFAC2zg/3yzZYeVOU=
-21,25,ncWoCTNtwxEauSC8W0VK8Kg1rdQ=,xl6p2gzORuP4tHINgsLBaozCtPc=
-19,24,ncWoCTNtwxEauSC8W0VK8Kg1rdQ=,0XupSAxT+MsFAC2zg/3yzZYeVOU=
-19,21,ncWoCTNtwxEauSC8W0VK8Kg1rdQ=,0XupSAxT+MsFAC2zg/3yzZYeVOU=
-17,18,ncWoCTNtwxEauSC8W0VK8Kg1rdQ=,TkI9PqRY9CHLdn7rgcwfjun44OU=
-19,22,ncWoCTNtwxEauSC8W0VK8Kg1rdQ=,0XupSAxT+MsFAC2zg/3yzZYeVOU=
-20,18,ncWoCTNtwxEauSC8W0VK8Kg1rdQ=,TkI9PqRY9CHLdn7rgcwfjun44OU=
-21,22,ncWoCTNtwxEauSC8W0VK8Kg1rdQ=,0XupSAxT+MsFAC2zg/3yzZYeVOU=
-20,25,ncWoCTNtwxEauSC8W0VK8Kg1rdQ=,0XupSAxT+MsFAC2zg/3yzZYeVOU=
-18,18,ncWoCTNtwxEauSC8W0VK8Kg1rdQ=,TkI9PqRY9CHLdn7rgcwfjun44OU=
-20,21,ncWoCTNtwxEauSC8W0VK8Kg1rdQ=,0XupSAxT+MsFAC2zg/3yzZYeVOU=
-22,22,ncWoCTNtwxEauSC8W0VK8Kg1rdQ=,0XupSAxT+MsFAC2zg/3yzZYeVOU=
-18,19,ncWoCTNtwxEauSC8W0VK8Kg1rdQ=,TkI9PqRY9CHLdn7rgcwfjun44OU=
-19,20,ncWoCTNtwxEauSC8W0VK8Kg1rdQ=,0XupSAxT+MsFAC2zg/3yzZYeVOU=
-18,21,ncWoCTNtwxEauSC8W0VK8Kg1rdQ=,0XupSAxT+MsFAC2zg/3yzZYeVOU=
-19,23,ncWoCTNtwxEauSC8W0VK8Kg1rdQ=,0XupSAxT+MsFAC2zg/3yzZYeVOU=
-21,24,ncWoCTNtwxEauSC8W0VK8Kg1rdQ=,xl6p2gzORuP4tHINgsLBaozCtPc=
-18,23,ncWoCTNtwxEauSC8W0VK8Kg1rdQ=,0XupSAxT+MsFAC2zg/3yzZYeVOU=
-19,18,ncWoCTNtwxEauSC8W0VK8Kg1rdQ=,TkI9PqRY9CHLdn7rgcwfjun44OU=
-20,23,ncWoCTNtwxEauSC8W0VK8Kg1rdQ=,0XupSAxT+MsFAC2zg/3yzZYeVOU=
-21,21,ncWoCTNtwxEauSC8W0VK8Kg1rdQ=,0XupSAxT+MsFAC2zg/3yzZYeVOU=
-22,21,ncWoCTNtwxEauSC8W0VK8Kg1rdQ=,0XupSAxT+MsFAC2zg/3yzZYeVOU=
-20,19,ncWoCTNtwxEauSC8W0VK8Kg1rdQ=,TkI9PqRY9CHLdn7rgcwfjun44OU=
-19,19,ncWoCTNtwxEauSC8W0VK8Kg1rdQ=,TkI9PqRY9CHLdn7rgcwfjun44OU=
-20,24,ncWoCTNtwxEauSC8W0VK8Kg1rdQ=,0XupSAxT+MsFAC2zg/3yzZYeVOU=
-17,20,ncWoCTNtwxEauSC8W0VK8Kg1rdQ=,0XupSAxT+MsFAC2zg/3yzZYeVOU=
-19,25,ncWoCTNtwxEauSC8W0VK8Kg1rdQ=,0XupSAxT+MsFAC2zg/3yzZYeVOU=
-17,23,ncWoCTNtwxEauSC8W0VK8Kg1rdQ=,0XupSAxT+MsFAC2zg/3yzZYeVOU=
-19,8,+Ga/3kQiswV7KwtRYfXuVZusUwI=,ZKhSG5e9wexwWIkEQBInomvc1TE=
-22,8,+Ga/3kQiswV7KwtRYfXuVZusUwI=,ZKhSG5e9wexwWIkEQBInomvc1TE=
-20,8,+Ga/3kQiswV7KwtRYfXuVZusUwI=,ZKhSG5e9wexwWIkEQBInomvc1TE=
-21,9,+Ga/3kQiswV7KwtRYfXuVZusUwI=,ZKhSG5e9wexwWIkEQBInomvc1TE=
-22,9,+Ga/3kQiswV7KwtRYfXuVZusUwI=,ZKhSG5e9wexwWIkEQBInomvc1TE=
-19,9,+Ga/3kQiswV7KwtRYfXuVZusUwI=,ZKhSG5e9wexwWIkEQBInomvc1TE=
-20,9,+Ga/3kQiswV7KwtRYfXuVZusUwI=,ZKhSG5e9wexwWIkEQBInomvc1TE=
-21,8,+Ga/3kQiswV7KwtRYfXuVZusUwI=,ZKhSG5e9wexwWIkEQBInomvc1TE=
-17,8,+Ga/3kQiswV7KwtRYfXuVZusUwI=,ZKhSG5e9wexwWIkEQBInomvc1TE=
-18,9,+Ga/3kQiswV7KwtRYfXuVZusUwI=,ZKhSG5e9wexwWIkEQBInomvc1TE=
-18,8,+Ga/3kQiswV7KwtRYfXuVZusUwI=,ZKhSG5e9wexwWIkEQBInomvc1TE=
-17,9,+Ga/3kQiswV7KwtRYfXuVZusUwI=,ZKhSG5e9wexwWIkEQBInomvc1TE=
-23,8,+Ga/3kQiswV7KwtRYfXuVZusUwI=,ZKhSG5e9wexwWIkEQBInomvc1TE=
-24,8,+Ga/3kQiswV7KwtRYfXuVZusUwI=,ZKhSG5e9wexwWIkEQBInomvc1TE=
-24,9,+Ga/3kQiswV7KwtRYfXuVZusUwI=,ZKhSG5e9wexwWIkEQBInomvc1TE=
-23,9,+Ga/3kQiswV7KwtRYfXuVZusUwI=,ZKhSG5e9wexwWIkEQBInomvc1TE=
-23,11,6uG3en2ZM+vWdcOxJ/+iCE6k0E0=,ZKhSG5e9wexwWIkEQBInomvc1TE=
-24,11,6uG3en2ZM+vWdcOxJ/+iCE6k0E0=,ZKhSG5e9wexwWIkEQBInomvc1TE=
-24,10,6uG3en2ZM+vWdcOxJ/+iCE6k0E0=,ZKhSG5e9wexwWIkEQBInomvc1TE=
-23,10,6uG3en2ZM+vWdcOxJ/+iCE6k0E0=,ZKhSG5e9wexwWIkEQBInomvc1TE=
-23,15,6uG3en2ZM+vWdcOxJ/+iCE6k0E0=,TkI9PqRY9CHLdn7rgcwfjun44OU=
-24,15,6uG3en2ZM+vWdcOxJ/+iCE6k0E0=,TkI9PqRY9CHLdn7rgcwfjun44OU=
-23,14,6uG3en2ZM+vWdcOxJ/+iCE6k0E0=,TkI9PqRY9CHLdn7rgcwfjun44OU=
-24,14,6uG3en2ZM+vWdcOxJ/+iCE6k0E0=,TkI9PqRY9CHLdn7rgcwfjun44OU=
-23,13,6uG3en2ZM+vWdcOxJ/+iCE6k0E0=,TkI9PqRY9CHLdn7rgcwfjun44OU=
-23,12,6uG3en2ZM+vWdcOxJ/+iCE6k0E0=,TkI9PqRY9CHLdn7rgcwfjun44OU=
-24,12,6uG3en2ZM+vWdcOxJ/+iCE6k0E0=,TkI9PqRY9CHLdn7rgcwfjun44OU=
-24,13,6uG3en2ZM+vWdcOxJ/+iCE6k0E0=,TkI9PqRY9CHLdn7rgcwfjun44OU=
-18,10,ZoW5nia3XKxWA8JFhWxvS7sYtIE=,ZKhSG5e9wexwWIkEQBInomvc1TE=
-17,10,ZoW5nia3XKxWA8JFhWxvS7sYtIE=,ZKhSG5e9wexwWIkEQBInomvc1TE=
-22,12,ZoW5nia3XKxWA8JFhWxvS7sYtIE=,TkI9PqRY9CHLdn7rgcwfjun44OU=
-21,10,ZoW5nia3XKxWA8JFhWxvS7sYtIE=,ZKhSG5e9wexwWIkEQBInomvc1TE=
-22,10,ZoW5nia3XKxWA8JFhWxvS7sYtIE=,ZKhSG5e9wexwWIkEQBInomvc1TE=
-20,10,ZoW5nia3XKxWA8JFhWxvS7sYtIE=,ZKhSG5e9wexwWIkEQBInomvc1TE=
-19,10,ZoW5nia3XKxWA8JFhWxvS7sYtIE=,ZKhSG5e9wexwWIkEQBInomvc1TE=
-21,11,ZoW5nia3XKxWA8JFhWxvS7sYtIE=,ZKhSG5e9wexwWIkEQBInomvc1TE=
-17,12,ZoW5nia3XKxWA8JFhWxvS7sYtIE=,ZKhSG5e9wexwWIkEQBInomvc1TE=
-22,11,ZoW5nia3XKxWA8JFhWxvS7sYtIE=,ZKhSG5e9wexwWIkEQBInomvc1TE=
-20,12,ZoW5nia3XKxWA8JFhWxvS7sYtIE=,ZKhSG5e9wexwWIkEQBInomvc1TE=
-19,12,ZoW5nia3XKxWA8JFhWxvS7sYtIE=,ZKhSG5e9wexwWIkEQBInomvc1TE=
-18,14,ZoW5nia3XKxWA8JFhWxvS7sYtIE=,ZKhSG5e9wexwWIkEQBInomvc1TE=
-17,11,ZoW5nia3XKxWA8JFhWxvS7sYtIE=,ZKhSG5e9wexwWIkEQBInomvc1TE=
-18,11,ZoW5nia3XKxWA8JFhWxvS7sYtIE=,ZKhSG5e9wexwWIkEQBInomvc1TE=
-20,14,ZoW5nia3XKxWA8JFhWxvS7sYtIE=,ZKhSG5e9wexwWIkEQBInomvc1TE=
-21,13,ZoW5nia3XKxWA8JFhWxvS7sYtIE=,TkI9PqRY9CHLdn7rgcwfjun44OU=
-17,14,ZoW5nia3XKxWA8JFhWxvS7sYtIE=,ZKhSG5e9wexwWIkEQBInomvc1TE=
-22,14,ZoW5nia3XKxWA8JFhWxvS7sYtIE=,TkI9PqRY9CHLdn7rgcwfjun44OU=
-22,13,ZoW5nia3XKxWA8JFhWxvS7sYtIE=,TkI9PqRY9CHLdn7rgcwfjun44OU=
-17,15,ZoW5nia3XKxWA8JFhWxvS7sYtIE=,ZKhSG5e9wexwWIkEQBInomvc1TE=
-21,12,ZoW5nia3XKxWA8JFhWxvS7sYtIE=,TkI9PqRY9CHLdn7rgcwfjun44OU=
-21,14,ZoW5nia3XKxWA8JFhWxvS7sYtIE=,TkI9PqRY9CHLdn7rgcwfjun44OU=
-18,12,ZoW5nia3XKxWA8JFhWxvS7sYtIE=,ZKhSG5e9wexwWIkEQBInomvc1TE=
-20,13,ZoW5nia3XKxWA8JFhWxvS7sYtIE=,ZKhSG5e9wexwWIkEQBInomvc1TE=
-19,14,ZoW5nia3XKxWA8JFhWxvS7sYtIE=,ZKhSG5e9wexwWIkEQBInomvc1TE=
-19,15,ZoW5nia3XKxWA8JFhWxvS7sYtIE=,ZKhSG5e9wexwWIkEQBInomvc1TE=
-19,13,ZoW5nia3XKxWA8JFhWxvS7sYtIE=,ZKhSG5e9wexwWIkEQBInomvc1TE=
-21,15,ZoW5nia3XKxWA8JFhWxvS7sYtIE=,TkI9PqRY9CHLdn7rgcwfjun44OU=
-20,15,ZoW5nia3XKxWA8JFhWxvS7sYtIE=,ZKhSG5e9wexwWIkEQBInomvc1TE=
-18,13,ZoW5nia3XKxWA8JFhWxvS7sYtIE=,ZKhSG5e9wexwWIkEQBInomvc1TE=
-20,11,ZoW5nia3XKxWA8JFhWxvS7sYtIE=,ZKhSG5e9wexwWIkEQBInomvc1TE=
-17,13,ZoW5nia3XKxWA8JFhWxvS7sYtIE=,ZKhSG5e9wexwWIkEQBInomvc1TE=
-22,15,ZoW5nia3XKxWA8JFhWxvS7sYtIE=,TkI9PqRY9CHLdn7rgcwfjun44OU=
-18,15,ZoW5nia3XKxWA8JFhWxvS7sYtIE=,ZKhSG5e9wexwWIkEQBInomvc1TE=
-19,11,ZoW5nia3XKxWA8JFhWxvS7sYtIE=,ZKhSG5e9wexwWIkEQBInomvc1TE=
-6,22,euLa3CxsQZGP+25aGpHOdLYULQk=,z7sRaictM67AYYfeHNs/MA699Eg=
-5,22,euLa3CxsQZGP+25aGpHOdLYULQk=,z7sRaictM67AYYfeHNs/MA699Eg=
-6,23,euLa3CxsQZGP+25aGpHOdLYULQk=,z7sRaictM67AYYfeHNs/MA699Eg=
-5,23,euLa3CxsQZGP+25aGpHOdLYULQk=,z7sRaictM67AYYfeHNs/MA699Eg=
-8,22,euLa3CxsQZGP+25aGpHOdLYULQk=,z7sRaictM67AYYfeHNs/MA699Eg=
-9,23,euLa3CxsQZGP+25aGpHOdLYULQk=,+HXliY8dS4WV6JmWTy2I7RU7J6M=
-7,23,euLa3CxsQZGP+25aGpHOdLYULQk=,z7sRaictM67AYYfeHNs/MA699Eg=
-8,23,euLa3CxsQZGP+25aGpHOdLYULQk=,z7sRaictM67AYYfeHNs/MA699Eg=
-9,22,euLa3CxsQZGP+25aGpHOdLYULQk=,+HXliY8dS4WV6JmWTy2I7RU7J6M=
-10,22,euLa3CxsQZGP+25aGpHOdLYULQk=,+HXliY8dS4WV6JmWTy2I7RU7J6M=
-7,22,euLa3CxsQZGP+25aGpHOdLYULQk=,z7sRaictM67AYYfeHNs/MA699Eg=
-10,23,euLa3CxsQZGP+25aGpHOdLYULQk=,+HXliY8dS4WV6JmWTy2I7RU7J6M=
-11,23,euLa3CxsQZGP+25aGpHOdLYULQk=,+HXliY8dS4WV6JmWTy2I7RU7J6M=
-13,23,euLa3CxsQZGP+25aGpHOdLYULQk=,+HXliY8dS4WV6JmWTy2I7RU7J6M=
-11,22,euLa3CxsQZGP+25aGpHOdLYULQk=,+HXliY8dS4WV6JmWTy2I7RU7J6M=
-12,22,euLa3CxsQZGP+25aGpHOdLYULQk=,+HXliY8dS4WV6JmWTy2I7RU7J6M=
-14,23,euLa3CxsQZGP+25aGpHOdLYULQk=,+HXliY8dS4WV6JmWTy2I7RU7J6M=
-14,22,euLa3CxsQZGP+25aGpHOdLYULQk=,+HXliY8dS4WV6JmWTy2I7RU7J6M=
-12,23,euLa3CxsQZGP+25aGpHOdLYULQk=,+HXliY8dS4WV6JmWTy2I7RU7J6M=
-13,22,euLa3CxsQZGP+25aGpHOdLYULQk=,+HXliY8dS4WV6JmWTy2I7RU7J6M=
-15,21,tn+hLLOQekngKMTn3vHl/L8rvgA=,+HXliY8dS4WV6JmWTy2I7RU7J6M=
-16,21,tn+hLLOQekngKMTn3vHl/L8rvgA=,+HXliY8dS4WV6JmWTy2I7RU7J6M=
-16,20,tn+hLLOQekngKMTn3vHl/L8rvgA=,+HXliY8dS4WV6JmWTy2I7RU7J6M=
-15,18,tn+hLLOQekngKMTn3vHl/L8rvgA=,ZKhSG5e9wexwWIkEQBInomvc1TE=
-15,19,tn+hLLOQekngKMTn3vHl/L8rvgA=,ZKhSG5e9wexwWIkEQBInomvc1TE=
-16,19,tn+hLLOQekngKMTn3vHl/L8rvgA=,ZKhSG5e9wexwWIkEQBInomvc1TE=
-16,18,tn+hLLOQekngKMTn3vHl/L8rvgA=,ZKhSG5e9wexwWIkEQBInomvc1TE=
-15,20,tn+hLLOQekngKMTn3vHl/L8rvgA=,+HXliY8dS4WV6JmWTy2I7RU7J6M=
-15,17,tn+hLLOQekngKMTn3vHl/L8rvgA=,ZKhSG5e9wexwWIkEQBInomvc1TE=
-16,17,tn+hLLOQekngKMTn3vHl/L8rvgA=,ZKhSG5e9wexwWIkEQBInomvc1TE=
-15,16,tn+hLLOQekngKMTn3vHl/L8rvgA=,ZKhSG5e9wexwWIkEQBInomvc1TE=
-16,16,tn+hLLOQekngKMTn3vHl/L8rvgA=,ZKhSG5e9wexwWIkEQBInomvc1TE=
-16,22,tn+hLLOQekngKMTn3vHl/L8rvgA=,+HXliY8dS4WV6JmWTy2I7RU7J6M=
-15,22,tn+hLLOQekngKMTn3vHl/L8rvgA=,+HXliY8dS4WV6JmWTy2I7RU7J6M=
-16,23,tn+hLLOQekngKMTn3vHl/L8rvgA=,+HXliY8dS4WV6JmWTy2I7RU7J6M=
-15,23,tn+hLLOQekngKMTn3vHl/L8rvgA=,+HXliY8dS4WV6JmWTy2I7RU7J6M=
-5,21,MttRaNdKNPai5uzto2X0IZMKqNQ=,z7sRaictM67AYYfeHNs/MA699Eg=
-6,21,MttRaNdKNPai5uzto2X0IZMKqNQ=,z7sRaictM67AYYfeHNs/MA699Eg=
-5,16,MttRaNdKNPai5uzto2X0IZMKqNQ=,z7sRaictM67AYYfeHNs/MA699Eg=
-6,20,MttRaNdKNPai5uzto2X0IZMKqNQ=,z7sRaictM67AYYfeHNs/MA699Eg=
-5,17,MttRaNdKNPai5uzto2X0IZMKqNQ=,z7sRaictM67AYYfeHNs/MA699Eg=
-5,18,MttRaNdKNPai5uzto2X0IZMKqNQ=,z7sRaictM67AYYfeHNs/MA699Eg=
-6,17,MttRaNdKNPai5uzto2X0IZMKqNQ=,z7sRaictM67AYYfeHNs/MA699Eg=
-5,19,MttRaNdKNPai5uzto2X0IZMKqNQ=,z7sRaictM67AYYfeHNs/MA699Eg=
-6,16,MttRaNdKNPai5uzto2X0IZMKqNQ=,z7sRaictM67AYYfeHNs/MA699Eg=
-6,18,MttRaNdKNPai5uzto2X0IZMKqNQ=,z7sRaictM67AYYfeHNs/MA699Eg=
-6,19,MttRaNdKNPai5uzto2X0IZMKqNQ=,z7sRaictM67AYYfeHNs/MA699Eg=
-5,20,MttRaNdKNPai5uzto2X0IZMKqNQ=,z7sRaictM67AYYfeHNs/MA699Eg=
-12,19,OnR+F5XvnKQEWf75PIa6Kd/7huM=,+HXliY8dS4WV6JmWTy2I7RU7J6M=
-14,21,OnR+F5XvnKQEWf75PIa6Kd/7huM=,+HXliY8dS4WV6JmWTy2I7RU7J6M=
-13,19,OnR+F5XvnKQEWf75PIa6Kd/7huM=,ZKhSG5e9wexwWIkEQBInomvc1TE=
-11,19,OnR+F5XvnKQEWf75PIa6Kd/7huM=,+HXliY8dS4WV6JmWTy2I7RU7J6M=
-14,19,OnR+F5XvnKQEWf75PIa6Kd/7huM=,ZKhSG5e9wexwWIkEQBInomvc1TE=
-7,21,OnR+F5XvnKQEWf75PIa6Kd/7huM=,z7sRaictM67AYYfeHNs/MA699Eg=
-8,21,OnR+F5XvnKQEWf75PIa6Kd/7huM=,z7sRaictM67AYYfeHNs/MA699Eg=
-13,20,OnR+F5XvnKQEWf75PIa6Kd/7huM=,+HXliY8dS4WV6JmWTy2I7RU7J6M=
-14,20,OnR+F5XvnKQEWf75PIa6Kd/7huM=,+HXliY8dS4WV6JmWTy2I7RU7J6M=
-9,21,OnR+F5XvnKQEWf75PIa6Kd/7huM=,+HXliY8dS4WV6JmWTy2I7RU7J6M=
-13,21,OnR+F5XvnKQEWf75PIa6Kd/7huM=,+HXliY8dS4WV6JmWTy2I7RU7J6M=
-10,21,OnR+F5XvnKQEWf75PIa6Kd/7huM=,+HXliY8dS4WV6JmWTy2I7RU7J6M=
-7,20,OnR+F5XvnKQEWf75PIa6Kd/7huM=,z7sRaictM67AYYfeHNs/MA699Eg=
-12,21,OnR+F5XvnKQEWf75PIa6Kd/7huM=,+HXliY8dS4WV6JmWTy2I7RU7J6M=
-12,18,OnR+F5XvnKQEWf75PIa6Kd/7huM=,+HXliY8dS4WV6JmWTy2I7RU7J6M=
-11,21,OnR+F5XvnKQEWf75PIa6Kd/7huM=,+HXliY8dS4WV6JmWTy2I7RU7J6M=
-9,20,OnR+F5XvnKQEWf75PIa6Kd/7huM=,+HXliY8dS4WV6JmWTy2I7RU7J6M=
-14,17,OnR+F5XvnKQEWf75PIa6Kd/7huM=,ZKhSG5e9wexwWIkEQBInomvc1TE=
-12,17,OnR+F5XvnKQEWf75PIa6Kd/7huM=,+HXliY8dS4WV6JmWTy2I7RU7J6M=
-13,16,OnR+F5XvnKQEWf75PIa6Kd/7huM=,ZKhSG5e9wexwWIkEQBInomvc1TE=
-11,17,OnR+F5XvnKQEWf75PIa6Kd/7huM=,+HXliY8dS4WV6JmWTy2I7RU7J6M=
-7,19,OnR+F5XvnKQEWf75PIa6Kd/7huM=,z7sRaictM67AYYfeHNs/MA699Eg=
-8,20,OnR+F5XvnKQEWf75PIa6Kd/7huM=,z7sRaictM67AYYfeHNs/MA699Eg=
-10,19,OnR+F5XvnKQEWf75PIa6Kd/7huM=,+HXliY8dS4WV6JmWTy2I7RU7J6M=
-10,18,OnR+F5XvnKQEWf75PIa6Kd/7huM=,+HXliY8dS4WV6JmWTy2I7RU7J6M=
-14,18,OnR+F5XvnKQEWf75PIa6Kd/7huM=,ZKhSG5e9wexwWIkEQBInomvc1TE=
-14,16,OnR+F5XvnKQEWf75PIa6Kd/7huM=,ZKhSG5e9wexwWIkEQBInomvc1TE=
-12,20,OnR+F5XvnKQEWf75PIa6Kd/7huM=,+HXliY8dS4WV6JmWTy2I7RU7J6M=
-7,16,OnR+F5XvnKQEWf75PIa6Kd/7huM=,z7sRaictM67AYYfeHNs/MA699Eg=
-8,16,OnR+F5XvnKQEWf75PIa6Kd/7huM=,z7sRaictM67AYYfeHNs/MA699Eg=
-13,18,OnR+F5XvnKQEWf75PIa6Kd/7huM=,ZKhSG5e9wexwWIkEQBInomvc1TE=
-10,20,OnR+F5XvnKQEWf75PIa6Kd/7huM=,+HXliY8dS4WV6JmWTy2I7RU7J6M=
-11,20,OnR+F5XvnKQEWf75PIa6Kd/7huM=,+HXliY8dS4WV6JmWTy2I7RU7J6M=
-9,16,OnR+F5XvnKQEWf75PIa6Kd/7huM=,+HXliY8dS4WV6JmWTy2I7RU7J6M=
-10,17,OnR+F5XvnKQEWf75PIa6Kd/7huM=,+HXliY8dS4WV6JmWTy2I7RU7J6M=
-11,18,OnR+F5XvnKQEWf75PIa6Kd/7huM=,+HXliY8dS4WV6JmWTy2I7RU7J6M=
-11,16,OnR+F5XvnKQEWf75PIa6Kd/7huM=,+HXliY8dS4WV6JmWTy2I7RU7J6M=
-8,17,OnR+F5XvnKQEWf75PIa6Kd/7huM=,z7sRaictM67AYYfeHNs/MA699Eg=
-7,17,OnR+F5XvnKQEWf75PIa6Kd/7huM=,z7sRaictM67AYYfeHNs/MA699Eg=
-10,16,OnR+F5XvnKQEWf75PIa6Kd/7huM=,+HXliY8dS4WV6JmWTy2I7RU7J6M=
-12,16,OnR+F5XvnKQEWf75PIa6Kd/7huM=,+HXliY8dS4WV6JmWTy2I7RU7J6M=
-7,18,OnR+F5XvnKQEWf75PIa6Kd/7huM=,z7sRaictM67AYYfeHNs/MA699Eg=
-9,19,OnR+F5XvnKQEWf75PIa6Kd/7huM=,+HXliY8dS4WV6JmWTy2I7RU7J6M=
-8,18,OnR+F5XvnKQEWf75PIa6Kd/7huM=,z7sRaictM67AYYfeHNs/MA699Eg=
-13,17,OnR+F5XvnKQEWf75PIa6Kd/7huM=,ZKhSG5e9wexwWIkEQBInomvc1TE=
-9,18,OnR+F5XvnKQEWf75PIa6Kd/7huM=,+HXliY8dS4WV6JmWTy2I7RU7J6M=
-9,17,OnR+F5XvnKQEWf75PIa6Kd/7huM=,+HXliY8dS4WV6JmWTy2I7RU7J6M=
-8,19,OnR+F5XvnKQEWf75PIa6Kd/7huM=,z7sRaictM67AYYfeHNs/MA699Eg=
-9,9,TqISlMrzdX2ax0lN1G5eugs+FDA=,+HXliY8dS4WV6JmWTy2I7RU7J6M=
-9,8,TqISlMrzdX2ax0lN1G5eugs+FDA=,+HXliY8dS4WV6JmWTy2I7RU7J6M=
-10,8,TqISlMrzdX2ax0lN1G5eugs+FDA=,+HXliY8dS4WV6JmWTy2I7RU7J6M=
-10,9,TqISlMrzdX2ax0lN1G5eugs+FDA=,+HXliY8dS4WV6JmWTy2I7RU7J6M=
-10,11,7JB9YX9h4T6BEmBAIp0yeibNGWY=,+HXliY8dS4WV6JmWTy2I7RU7J6M=
-10,13,7JB9YX9h4T6BEmBAIp0yeibNGWY=,+HXliY8dS4WV6JmWTy2I7RU7J6M=
-9,10,7JB9YX9h4T6BEmBAIp0yeibNGWY=,+HXliY8dS4WV6JmWTy2I7RU7J6M=
-10,10,7JB9YX9h4T6BEmBAIp0yeibNGWY=,+HXliY8dS4WV6JmWTy2I7RU7J6M=
-9,12,7JB9YX9h4T6BEmBAIp0yeibNGWY=,+HXliY8dS4WV6JmWTy2I7RU7J6M=
-10,12,7JB9YX9h4T6BEmBAIp0yeibNGWY=,+HXliY8dS4WV6JmWTy2I7RU7J6M=
-9,11,7JB9YX9h4T6BEmBAIp0yeibNGWY=,+HXliY8dS4WV6JmWTy2I7RU7J6M=
-9,13,7JB9YX9h4T6BEmBAIp0yeibNGWY=,+HXliY8dS4WV6JmWTy2I7RU7J6M=
-9,15,SKLyWUepIn2zRVfs49xHofSPHs4=,+HXliY8dS4WV6JmWTy2I7RU7J6M=
-10,14,SKLyWUepIn2zRVfs49xHofSPHs4=,+HXliY8dS4WV6JmWTy2I7RU7J6M=
-9,14,SKLyWUepIn2zRVfs49xHofSPHs4=,+HXliY8dS4WV6JmWTy2I7RU7J6M=
-10,15,SKLyWUepIn2zRVfs49xHofSPHs4=,+HXliY8dS4WV6JmWTy2I7RU7J6M=
-13,9,uBU03//HPmxessYCzyVcFbvUyI4=,OTTLJOJinAU/TQhbeuj3alwb84g=
-14,9,aw3O7LCfMJXwo46UJ0C01dqQ80A=,OTTLJOJinAU/TQhbeuj3alwb84g=
-13,8,aw3O7LCfMJXwo46UJ0C01dqQ80A=,OTTLJOJinAU/TQhbeuj3alwb84g=
-12,8,aw3O7LCfMJXwo46UJ0C01dqQ80A=,+HXliY8dS4WV6JmWTy2I7RU7J6M=
-12,9,aw3O7LCfMJXwo46UJ0C01dqQ80A=,+HXliY8dS4WV6JmWTy2I7RU7J6M=
-11,8,aw3O7LCfMJXwo46UJ0C01dqQ80A=,+HXliY8dS4WV6JmWTy2I7RU7J6M=
-14,8,aw3O7LCfMJXwo46UJ0C01dqQ80A=,OTTLJOJinAU/TQhbeuj3alwb84g=
-16,8,aw3O7LCfMJXwo46UJ0C01dqQ80A=,OTTLJOJinAU/TQhbeuj3alwb84g=
-15,8,aw3O7LCfMJXwo46UJ0C01dqQ80A=,OTTLJOJinAU/TQhbeuj3alwb84g=
-16,9,aw3O7LCfMJXwo46UJ0C01dqQ80A=,OTTLJOJinAU/TQhbeuj3alwb84g=
-15,9,aw3O7LCfMJXwo46UJ0C01dqQ80A=,OTTLJOJinAU/TQhbeuj3alwb84g=
-11,9,aw3O7LCfMJXwo46UJ0C01dqQ80A=,+HXliY8dS4WV6JmWTy2I7RU7J6M=
-13,11,aw3O7LCfMJXwo46UJ0C01dqQ80A=,OTTLJOJinAU/TQhbeuj3alwb84g=
-14,11,aw3O7LCfMJXwo46UJ0C01dqQ80A=,OTTLJOJinAU/TQhbeuj3alwb84g=
-13,10,aw3O7LCfMJXwo46UJ0C01dqQ80A=,OTTLJOJinAU/TQhbeuj3alwb84g=
-14,10,aw3O7LCfMJXwo46UJ0C01dqQ80A=,OTTLJOJinAU/TQhbeuj3alwb84g=
-15,10,aw3O7LCfMJXwo46UJ0C01dqQ80A=,OTTLJOJinAU/TQhbeuj3alwb84g=
-16,10,aw3O7LCfMJXwo46UJ0C01dqQ80A=,OTTLJOJinAU/TQhbeuj3alwb84g=
-14,14,aw3O7LCfMJXwo46UJ0C01dqQ80A=,ZKhSG5e9wexwWIkEQBInomvc1TE=
-11,15,aw3O7LCfMJXwo46UJ0C01dqQ80A=,+HXliY8dS4WV6JmWTy2I7RU7J6M=
-15,11,aw3O7LCfMJXwo46UJ0C01dqQ80A=,OTTLJOJinAU/TQhbeuj3alwb84g=
-16,11,aw3O7LCfMJXwo46UJ0C01dqQ80A=,OTTLJOJinAU/TQhbeuj3alwb84g=
-11,14,aw3O7LCfMJXwo46UJ0C01dqQ80A=,+HXliY8dS4WV6JmWTy2I7RU7J6M=
-11,12,aw3O7LCfMJXwo46UJ0C01dqQ80A=,+HXliY8dS4WV6JmWTy2I7RU7J6M=
-16,12,aw3O7LCfMJXwo46UJ0C01dqQ80A=,ZKhSG5e9wexwWIkEQBInomvc1TE=
-12,11,aw3O7LCfMJXwo46UJ0C01dqQ80A=,+HXliY8dS4WV6JmWTy2I7RU7J6M=
-16,13,aw3O7LCfMJXwo46UJ0C01dqQ80A=,ZKhSG5e9wexwWIkEQBInomvc1TE=
-12,12,aw3O7LCfMJXwo46UJ0C01dqQ80A=,+HXliY8dS4WV6JmWTy2I7RU7J6M=
-15,13,aw3O7LCfMJXwo46UJ0C01dqQ80A=,ZKhSG5e9wexwWIkEQBInomvc1TE=
-12,10,aw3O7LCfMJXwo46UJ0C01dqQ80A=,+HXliY8dS4WV6JmWTy2I7RU7J6M=
-15,12,aw3O7LCfMJXwo46UJ0C01dqQ80A=,ZKhSG5e9wexwWIkEQBInomvc1TE=
-14,15,aw3O7LCfMJXwo46UJ0C01dqQ80A=,ZKhSG5e9wexwWIkEQBInomvc1TE=
-11,13,aw3O7LCfMJXwo46UJ0C01dqQ80A=,+HXliY8dS4WV6JmWTy2I7RU7J6M=
-12,14,aw3O7LCfMJXwo46UJ0C01dqQ80A=,+HXliY8dS4WV6JmWTy2I7RU7J6M=
-13,14,aw3O7LCfMJXwo46UJ0C01dqQ80A=,ZKhSG5e9wexwWIkEQBInomvc1TE=
-13,15,aw3O7LCfMJXwo46UJ0C01dqQ80A=,ZKhSG5e9wexwWIkEQBInomvc1TE=
-13,13,aw3O7LCfMJXwo46UJ0C01dqQ80A=,ZKhSG5e9wexwWIkEQBInomvc1TE=
-12,13,aw3O7LCfMJXwo46UJ0C01dqQ80A=,+HXliY8dS4WV6JmWTy2I7RU7J6M=
-13,12,aw3O7LCfMJXwo46UJ0C01dqQ80A=,ZKhSG5e9wexwWIkEQBInomvc1TE=
-14,13,aw3O7LCfMJXwo46UJ0C01dqQ80A=,ZKhSG5e9wexwWIkEQBInomvc1TE=
-11,10,aw3O7LCfMJXwo46UJ0C01dqQ80A=,+HXliY8dS4WV6JmWTy2I7RU7J6M=
-14,12,aw3O7LCfMJXwo46UJ0C01dqQ80A=,ZKhSG5e9wexwWIkEQBInomvc1TE=
-12,15,aw3O7LCfMJXwo46UJ0C01dqQ80A=,+HXliY8dS4WV6JmWTy2I7RU7J6M=
-11,11,aw3O7LCfMJXwo46UJ0C01dqQ80A=,+HXliY8dS4WV6JmWTy2I7RU7J6M=
-15,15,ETbn/FfFId9WCMdiII4ITsPx8y0=,ZKhSG5e9wexwWIkEQBInomvc1TE=
-16,14,ETbn/FfFId9WCMdiII4ITsPx8y0=,ZKhSG5e9wexwWIkEQBInomvc1TE=
-16,15,ETbn/FfFId9WCMdiII4ITsPx8y0=,ZKhSG5e9wexwWIkEQBInomvc1TE=
-15,14,ETbn/FfFId9WCMdiII4ITsPx8y0=,ZKhSG5e9wexwWIkEQBInomvc1TE=
