17,-1,wpMDyfYF7jZlLxJpKh7g7+L2c6M=,imxAPLRcy38txV3layft1G9Z5dM=
16,-1,XUmq8zV+KcJJq69jZ+gyTy/UDbs=,imxAPLRcy38txV3layft1G9Z5dM=
17,-16,XUmq8zV+KcJJq69jZ+gyTy/UDbs=,A8UQ52Y/yS2b2nWEo4PzxgiHkcU=
17,-15,XUmq8zV+KcJJq69jZ+gyTy/UDbs=,A8UQ52Y/yS2b2nWEo4PzxgiHkcU=
17,-14,XUmq8zV+KcJJq69jZ+gyTy/UDbs=,A8UQ52Y/yS2b2nWEo4PzxgiHkcU=
17,-13,ciPIQT7G2+Od/QNJYYCccCqA4WE=,A8UQ52Y/yS2b2nWEo4PzxgiHkcU=
17,-12,ciPIQT7G2+Od/QNJYYCccCqA4WE=,A8UQ52Y/yS2b2nWEo4PzxgiHkcU=
16,-16,ciPIQT7G2+Od/QNJYYCccCqA4WE=,A8UQ52Y/yS2b2nWEo4PzxgiHkcU=
16,-6,ciPIQT7G2+Od/QNJYYCccCqA4WE=,imxAPLRcy38txV3layft1G9Z5dM=
17,-11,ciPIQT7G2+Od/QNJYYCccCqA4WE=,A8UQ52Y/yS2b2nWEo4PzxgiHkcU=
16,-11,ciPIQT7G2+Od/QNJYYCccCqA4WE=,A8UQ52Y/yS2b2nWEo4PzxgiHkcU=
17,-6,ciPIQT7G2+Od/QNJYYCccCqA4WE=,imxAPLRcy38txV3layft1G9Z5dM=
16,-15,ciPIQT7G2+Od/QNJYYCccCqA4WE=,A8UQ52Y/yS2b2nWEo4PzxgiHkcU=
16,-12,ciPIQT7G2+Od/QNJYYCccCqA4WE=,A8UQ52Y/yS2b2nWEo4PzxgiHkcU=
16,-14,ciPIQT7G2+Od/QNJYYCccCqA4WE=,A8UQ52Y/yS2b2nWEo4PzxgiHkcU=
16,-13,ciPIQT7G2+Od/QNJYYCccCqA4WE=,A8UQ52Y/yS2b2nWEo4PzxgiHkcU=
17,-2,ciPIQT7G2+Od/QNJYYCccCqA4WE=,imxAPLRcy38txV3layft1G9Z5dM=
17,-5,ciPIQT7G2+Od/QNJYYCccCqA4WE=,imxAPLRcy38txV3layft1G9Z5dM=
17,-3,ciPIQT7G2+Od/QNJYYCccCqA4WE=,imxAPLRcy38txV3layft1G9Z5dM=
17,-4,ciPIQT7G2+Od/QNJYYCccCqA4WE=,imxAPLRcy38txV3layft1G9Z5dM=
16,-2,aEQDGC+PlY+Zh4wu6Ukgv6gpgvM=,imxAPLRcy38txV3layft1G9Z5dM=
16,-5,aEQDGC+PlY+Zh4wu6Ukgv6gpgvM=,imxAPLRcy38txV3layft1G9Z5dM=
16,-4,aEQDGC+PlY+Zh4wu6Ukgv6gpgvM=,imxAPLRcy38txV3layft1G9Z5dM=
16,-3,aEQDGC+PlY+Zh4wu6Ukgv6gpgvM=,imxAPLRcy38txV3layft1G9Z5dM=
17,-20,RlxzWAs3p2wxG1OvZ7JthZTZovA=,lp62zF6t6hdnVY7k7O59mbjCNzM=
16,-20,pgrQqzYo+Kb0UgAo5wE1KYiHFIs=,lp62zF6t6hdnVY7k7O59mbjCNzM=
17,-17,NpMsXTmQ2VMShK8BeNiwrUiAF/Q=,A8UQ52Y/yS2b2nWEo4PzxgiHkcU=
17,-18,NpMsXTmQ2VMShK8BeNiwrUiAF/Q=,A8UQ52Y/yS2b2nWEo4PzxgiHkcU=
17,-19,j0ErDvBwwjje5fxxaooeIbrZIeE=,lp62zF6t6hdnVY7k7O59mbjCNzM=
16,-17,NpMsXTmQ2VMShK8BeNiwrUiAF/Q=,A8UQ52Y/yS2b2nWEo4PzxgiHkcU=
16,-19,j0ErDvBwwjje5fxxaooeIbrZIeE=,lp62zF6t6hdnVY7k7O59mbjCNzM=
16,-18,NpMsXTmQ2VMShK8BeNiwrUiAF/Q=,A8UQ52Y/yS2b2nWEo4PzxgiHkcU=
0,-20,NpMsXTmQ2VMShK8BeNiwrUiAF/Q=,91X3WQh9q3pVpaKv8uwFiL6IOHk=
1,-19,Pp5oyk3F02KL6Ew2a5qK1YlwAUw=,91X3WQh9q3pVpaKv8uwFiL6IOHk=
1,-18,Pp5oyk3F02KL6Ew2a5qK1YlwAUw=,91X3WQh9q3pVpaKv8uwFiL6IOHk=
1,-17,Pp5oyk3F02KL6Ew2a5qK1YlwAUw=,91X3WQh9q3pVpaKv8uwFiL6IOHk=
0,-19,zxSHMM+Sy6SFC4rbLPcCLfJsxck=,91X3WQh9q3pVpaKv8uwFiL6IOHk=
0,-18,zxSHMM+Sy6SFC4rbLPcCLfJsxck=,91X3WQh9q3pVpaKv8uwFiL6IOHk=
0,-17,zxSHMM+Sy6SFC4rbLPcCLfJsxck=,91X3WQh9q3pVpaKv8uwFiL6IOHk=
12,-18,5kpcEYuLjaLgvTHQtRmJVX4nrrM=,lp62zF6t6hdnVY7k7O59mbjCNzM=
11,-18,5kpcEYuLjaLgvTHQtRmJVX4nrrM=,lp62zF6t6hdnVY7k7O59mbjCNzM=
12,-19,5kpcEYuLjaLgvTHQtRmJVX4nrrM=,lp62zF6t6hdnVY7k7O59mbjCNzM=
11,-17,Wt9GYYRaJKdNAAdNIwN9q3qEi8o=,lp62zF6t6hdnVY7k7O59mbjCNzM=
12,-17,KX5dB61lQMBNqPDujmLBtsVpJ7Q=,lp62zF6t6hdnVY7k7O59mbjCNzM=
10,-17,c1RJ/lx4UZqMWWGkt16n01Z+8fI=,lp62zF6t6hdnVY7k7O59mbjCNzM=
14,-20,jhscTeXT3Q3CAK3PqG7RYJf5miI=,lp62zF6t6hdnVY7k7O59mbjCNzM=
13,-20,7OJPQ32HqXUCzjYBDi0NzD3Dkdw=,lp62zF6t6hdnVY7k7O59mbjCNzM=
12,-20,57DX7ywXyDAinDgWyqFurwXC0cg=,lp62zF6t6hdnVY7k7O59mbjCNzM=
1,-20,LKTFxAh92VnYNKCxUUCirTFbcm4=,91X3WQh9q3pVpaKv8uwFiL6IOHk=
15,-20,Wt9GYYRaJKdNAAdNIwN9q3qEi8o=,lp62zF6t6hdnVY7k7O59mbjCNzM=
13,-19,CBrsxKNhSGrBNq0UhwUrzBLcjtM=,lp62zF6t6hdnVY7k7O59mbjCNzM=
13,-18,CBrsxKNhSGrBNq0UhwUrzBLcjtM=,lp62zF6t6hdnVY7k7O59mbjCNzM=
15,-17,yd8DXk8Z5LRrlgR2reNc8vsrBgo=,lp62zF6t6hdnVY7k7O59mbjCNzM=
14,-19,CBrsxKNhSGrBNq0UhwUrzBLcjtM=,lp62zF6t6hdnVY7k7O59mbjCNzM=
15,-19,Wt9GYYRaJKdNAAdNIwN9q3qEi8o=,lp62zF6t6hdnVY7k7O59mbjCNzM=
13,-17,Wt9GYYRaJKdNAAdNIwN9q3qEi8o=,lp62zF6t6hdnVY7k7O59mbjCNzM=
14,-17,Wt9GYYRaJKdNAAdNIwN9q3qEi8o=,lp62zF6t6hdnVY7k7O59mbjCNzM=
15,-18,Wt9GYYRaJKdNAAdNIwN9q3qEi8o=,lp62zF6t6hdnVY7k7O59mbjCNzM=
14,-18,EMPTlU06JvEBtPpX4fHEr00o5m0=,lp62zF6t6hdnVY7k7O59mbjCNzM=
11,-14,eJRD5swTgPkdmDVlPF/qYqDVf20=,lp62zF6t6hdnVY7k7O59mbjCNzM=
11,-15,eJRD5swTgPkdmDVlPF/qYqDVf20=,lp62zF6t6hdnVY7k7O59mbjCNzM=
12,-15,eJRD5swTgPkdmDVlPF/qYqDVf20=,lp62zF6t6hdnVY7k7O59mbjCNzM=
14,-14,JfpqUqQ82luAokVOSzHBrE0k19E=,A8UQ52Y/yS2b2nWEo4PzxgiHkcU=
13,-15,ePsVwv2z8vEtvF5EnM6nAOhKN9k=,lp62zF6t6hdnVY7k7O59mbjCNzM=
14,-15,JfpqUqQ82luAokVOSzHBrE0k19E=,A8UQ52Y/yS2b2nWEo4PzxgiHkcU=
12,-14,JfpqUqQ82luAokVOSzHBrE0k19E=,A8UQ52Y/yS2b2nWEo4PzxgiHkcU=
13,-14,JfpqUqQ82luAokVOSzHBrE0k19E=,A8UQ52Y/yS2b2nWEo4PzxgiHkcU=
11,-13,R2glFCo60FElXb6XLZCedO47lck=,lp62zF6t6hdnVY7k7O59mbjCNzM=
14,-12,1AL4OTaYnkjh8TcZLwR61idzBaA=,A8UQ52Y/yS2b2nWEo4PzxgiHkcU=
11,-12,1AL4OTaYnkjh8TcZLwR61idzBaA=,A8UQ52Y/yS2b2nWEo4PzxgiHkcU=
14,-13,AICELVCyJmjLZpssEYKQ1L3tqtA=,A8UQ52Y/yS2b2nWEo4PzxgiHkcU=
12,-13,AICELVCyJmjLZpssEYKQ1L3tqtA=,A8UQ52Y/yS2b2nWEo4PzxgiHkcU=
13,-12,AICELVCyJmjLZpssEYKQ1L3tqtA=,A8UQ52Y/yS2b2nWEo4PzxgiHkcU=
12,-12,AICELVCyJmjLZpssEYKQ1L3tqtA=,A8UQ52Y/yS2b2nWEo4PzxgiHkcU=
13,-13,AICELVCyJmjLZpssEYKQ1L3tqtA=,A8UQ52Y/yS2b2nWEo4PzxgiHkcU=
11,-11,6niRIMJiqdzva3vmWNn1n+cOeqg=,A8UQ52Y/yS2b2nWEo4PzxgiHkcU=
12,-11,6niRIMJiqdzva3vmWNn1n+cOeqg=,A8UQ52Y/yS2b2nWEo4PzxgiHkcU=
12,-10,6niRIMJiqdzva3vmWNn1n+cOeqg=,A8UQ52Y/yS2b2nWEo4PzxgiHkcU=
11,-10,sGzIz536Mo998HjnzZSAENtlFzw=,lp62zF6t6hdnVY7k7O59mbjCNzM=
9,-6,BlfI7yqiz7LAZfojSEwDGCbrCsU=,lp62zF6t6hdnVY7k7O59mbjCNzM=
10,-6,BlfI7yqiz7LAZfojSEwDGCbrCsU=,lp62zF6t6hdnVY7k7O59mbjCNzM=
10,-7,xabGntHgK75Ghswk6WKG9XJXtRs=,lp62zF6t6hdnVY7k7O59mbjCNzM=
9,-7,BlfI7yqiz7LAZfojSEwDGCbrCsU=,lp62zF6t6hdnVY7k7O59mbjCNzM=
10,-8,1Q6zf4+a4L3i6xUukanU576Z0wQ=,lp62zF6t6hdnVY7k7O59mbjCNzM=
10,-9,1Q6zf4+a4L3i6xUukanU576Z0wQ=,lp62zF6t6hdnVY7k7O59mbjCNzM=
9,-9,1Q6zf4+a4L3i6xUukanU576Z0wQ=,lp62zF6t6hdnVY7k7O59mbjCNzM=
9,-8,1Q6zf4+a4L3i6xUukanU576Z0wQ=,lp62zF6t6hdnVY7k7O59mbjCNzM=
12,-8,ypKLW8VD42vgzCMSkqde/RItMSY=,A8UQ52Y/yS2b2nWEo4PzxgiHkcU=
11,-8,R2glFCo60FElXb6XLZCedO47lck=,lp62zF6t6hdnVY7k7O59mbjCNzM=
11,-9,R2glFCo60FElXb6XLZCedO47lck=,lp62zF6t6hdnVY7k7O59mbjCNzM=
12,-9,ypKLW8VD42vgzCMSkqde/RItMSY=,A8UQ52Y/yS2b2nWEo4PzxgiHkcU=
11,-7,9GLvekEHt/XX7xQH0S4Xs68vuFk=,lp62zF6t6hdnVY7k7O59mbjCNzM=
12,-7,pJZ23U/cHTQkctZT+eTS0ifrW/g=,A8UQ52Y/yS2b2nWEo4PzxgiHkcU=
11,-6,3h/l8F5ZQN1aNqjXJUVpihSVXuY=,lp62zF6t6hdnVY7k7O59mbjCNzM=
14,-7,7LEiV8KSVp3k4mT6tCLIvahSgfk=,imxAPLRcy38txV3layft1G9Z5dM=
13,-7,7LEiV8KSVp3k4mT6tCLIvahSgfk=,A8UQ52Y/yS2b2nWEo4PzxgiHkcU=
14,-6,7LEiV8KSVp3k4mT6tCLIvahSgfk=,zuuD7NJgbvfvpUQLYENxbvyNXBc=
12,-6,7LEiV8KSVp3k4mT6tCLIvahSgfk=,VOZhTipdxLsTHVnjQHB+KE5oDcI=
13,-6,AXuhu9QGKa25Ek2GWt8W4j82YNQ=,VOZhTipdxLsTHVnjQHB+KE5oDcI=
14,-5,q093w8NwhlGd+ebx9HdE/XhCbEI=,zuuD7NJgbvfvpUQLYENxbvyNXBc=
14,-4,q093w8NwhlGd+ebx9HdE/XhCbEI=,zuuD7NJgbvfvpUQLYENxbvyNXBc=
13,-4,q093w8NwhlGd+ebx9HdE/XhCbEI=,zuuD7NJgbvfvpUQLYENxbvyNXBc=
13,-5,PDb/u3MI4yVHBPvKxFPlFv8RXtU=,VOZhTipdxLsTHVnjQHB+KE5oDcI=
11,-4,fmIDOS585d9ZFOeBRKVb9/yzzjk=,LVaz0w7Z1+oKknEGJi8N88xKIKk=
11,-5,3h/l8F5ZQN1aNqjXJUVpihSVXuY=,lp62zF6t6hdnVY7k7O59mbjCNzM=
12,-4,Ocrj10Sf6vJ1GYaP/DAu5KRsVzs=,zuuD7NJgbvfvpUQLYENxbvyNXBc=
12,-5,Ocrj10Sf6vJ1GYaP/DAu5KRsVzs=,VOZhTipdxLsTHVnjQHB+KE5oDcI=
11,-3,Im0XJyaIC2LGZfZzIBq7z8+2xIw=,LVaz0w7Z1+oKknEGJi8N88xKIKk=
12,-2,Im0XJyaIC2LGZfZzIBq7z8+2xIw=,JopgflKg9FceCjbxFTfi4DMd8E4=
13,-2,Im0XJyaIC2LGZfZzIBq7z8+2xIw=,JopgflKg9FceCjbxFTfi4DMd8E4=
14,-2,Im0XJyaIC2LGZfZzIBq7z8+2xIw=,JopgflKg9FceCjbxFTfi4DMd8E4=
11,-2,fufgVGpUAbqnnkYto7eVR2SiFQU=,lp62zF6t6hdnVY7k7O59mbjCNzM=
12,-3,qZoorQVtx9wDUOvNazercpm+15c=,zuuD7NJgbvfvpUQLYENxbvyNXBc=
14,-3,qZoorQVtx9wDUOvNazercpm+15c=,zuuD7NJgbvfvpUQLYENxbvyNXBc=
13,-3,qZoorQVtx9wDUOvNazercpm+15c=,zuuD7NJgbvfvpUQLYENxbvyNXBc=
9,-5,rC7h7dpHIiEUNv8PoEPDue6/aho=,lp62zF6t6hdnVY7k7O59mbjCNzM=
10,-5,rC7h7dpHIiEUNv8PoEPDue6/aho=,lp62zF6t6hdnVY7k7O59mbjCNzM=
10,-4,4XQy2BmHD53z1Z/toxnMk/yI0W0=,LVaz0w7Z1+oKknEGJi8N88xKIKk=
9,-4,ZRO1Ui/VTIYZNh+gTZbJTbz2AfQ=,1Q/26WXOYJYMI38HKUkzZNw6Bp8=
10,-3,W+q3q3tRw5jLcoSLWzDZen68H1U=,LVaz0w7Z1+oKknEGJi8N88xKIKk=
9,-3,aAq3l5BIX5ZVY44AQY4DMOSi6VE=,1Q/26WXOYJYMI38HKUkzZNw6Bp8=
9,-2,aAq3l5BIX5ZVY44AQY4DMOSi6VE=,1Q/26WXOYJYMI38HKUkzZNw6Bp8=
10,-2,fufgVGpUAbqnnkYto7eVR2SiFQU=,lp62zF6t6hdnVY7k7O59mbjCNzM=
8,-2,aAq3l5BIX5ZVY44AQY4DMOSi6VE=,1Q/26WXOYJYMI38HKUkzZNw6Bp8=
7,-2,mPfbiXaVSj/3MiGSWc1LGh1CuLw=,7mWALAb/rzRxJIYEInIAPh5onwc=
8,-3,ZTbmBHx90Xvuf/h10RSmn7ZAWII=,1Q/26WXOYJYMI38HKUkzZNw6Bp8=
7,-3,mPfbiXaVSj/3MiGSWc1LGh1CuLw=,7mWALAb/rzRxJIYEInIAPh5onwc=
5,-2,C3ar4NAHRwAE6+5k4uKFTMqEOxo=,JQ64IWUcmfCiwQYCtDrOjKleVho=
5,-3,H/yXpFYr5I/j3aMJZvZTiqfsJdk=,7mWALAb/rzRxJIYEInIAPh5onwc=
6,-3,H/yXpFYr5I/j3aMJZvZTiqfsJdk=,7mWALAb/rzRxJIYEInIAPh5onwc=
6,-2,H/yXpFYr5I/j3aMJZvZTiqfsJdk=,7mWALAb/rzRxJIYEInIAPh5onwc=
3,-2,F+XQn5AOGHD8iFQXV9Nc5wv3fQU=,zXfU490Tz4vHcQIENknjHBB/3Cc=
4,-2,xu6Oqm5g37u6OPndCtGohiWf+ek=,JQ64IWUcmfCiwQYCtDrOjKleVho=
4,-3,r3u41OXJV9FsibahAYIBIS51aLM=,7mWALAb/rzRxJIYEInIAPh5onwc=
3,-3,xu6Oqm5g37u6OPndCtGohiWf+ek=,b3hBHycfidhY7GDyUXK8GLcAdAY=
1,-3,fszjnpidnDWTjz9mKYCHnoxqFN4=,f+9xv3Dz6JxmEoEsLCcSOvxzS5I=
2,-2,F+XQn5AOGHD8iFQXV9Nc5wv3fQU=,zXfU490Tz4vHcQIENknjHBB/3Cc=
2,-3,C3ar4NAHRwAE6+5k4uKFTMqEOxo=,b3hBHycfidhY7GDyUXK8GLcAdAY=
1,-2,OHR/wwKd1KyKoJURciT88EL8vys=,EzQqw7RqshmCZ1axRUXg9vwO2/Q=
1,-4,py190YJXtifJgS6S+/4aJTSqukI=,f+9xv3Dz6JxmEoEsLCcSOvxzS5I=
2,-5,py190YJXtifJgS6S+/4aJTSqukI=,f+9xv3Dz6JxmEoEsLCcSOvxzS5I=
2,-4,zX6NSWCL/J/a7p6ZgXH0kudP1bA=,b3hBHycfidhY7GDyUXK8GLcAdAY=
1,-5,py190YJXtifJgS6S+/4aJTSqukI=,f+9xv3Dz6JxmEoEsLCcSOvxzS5I=
2,-6,IweXTkK5l/soui09OgmM5wKlKQ8=,f+9xv3Dz6JxmEoEsLCcSOvxzS5I=
1,-7,Rnve3O72E2UIfuLbyJ5j+4Z6KVI=,f+9xv3Dz6JxmEoEsLCcSOvxzS5I=
2,-7,W7J5rgflH6Ja/+643AnqFr/2/38=,lp62zF6t6hdnVY7k7O59mbjCNzM=
1,-6,Rnve3O72E2UIfuLbyJ5j+4Z6KVI=,f+9xv3Dz6JxmEoEsLCcSOvxzS5I=
3,-8,muvAiggW+Ruv3eIiveZfYDP4sXQ=,lp62zF6t6hdnVY7k7O59mbjCNzM=
3,-9,muvAiggW+Ruv3eIiveZfYDP4sXQ=,lp62zF6t6hdnVY7k7O59mbjCNzM=
4,-8,muvAiggW+Ruv3eIiveZfYDP4sXQ=,lp62zF6t6hdnVY7k7O59mbjCNzM=
3,-7,sGzIz536Mo998HjnzZSAENtlFzw=,lp62zF6t6hdnVY7k7O59mbjCNzM=
4,-7,sGzIz536Mo998HjnzZSAENtlFzw=,lp62zF6t6hdnVY7k7O59mbjCNzM=
3,-6,3ADGVs71VHED3HkEr+1IVfXUbn8=,f+9xv3Dz6JxmEoEsLCcSOvxzS5I=
2,-9,W7J5rgflH6Ja/+643AnqFr/2/38=,lp62zF6t6hdnVY7k7O59mbjCNzM=
1,-9,W7J5rgflH6Ja/+643AnqFr/2/38=,lp62zF6t6hdnVY7k7O59mbjCNzM=
3,-5,S7IZCA4iZ4G55BjKikjMLm12ft0=,f+9xv3Dz6JxmEoEsLCcSOvxzS5I=
4,-4,r3u41OXJV9FsibahAYIBIS51aLM=,7mWALAb/rzRxJIYEInIAPh5onwc=
3,-4,zX6NSWCL/J/a7p6ZgXH0kudP1bA=,b3hBHycfidhY7GDyUXK8GLcAdAY=
2,-8,W7J5rgflH6Ja/+643AnqFr/2/38=,lp62zF6t6hdnVY7k7O59mbjCNzM=
4,-6,AbuEkbA2OH3kQf0x3zaPlOfDF9s=,A8UQ52Y/yS2b2nWEo4PzxgiHkcU=
4,-5,AbuEkbA2OH3kQf0x3zaPlOfDF9s=,A8UQ52Y/yS2b2nWEo4PzxgiHkcU=
1,-8,6ePdhhXAVeriwDb6bg/brnFtywU=,f+9xv3Dz6JxmEoEsLCcSOvxzS5I=
5,-8,PeOwfypsJiE5R5hEWkWQb+bcZDE=,lp62zF6t6hdnVY7k7O59mbjCNzM=
7,-9,9erfQmknPc9P/XZ2afMe4OZjhyo=,lp62zF6t6hdnVY7k7O59mbjCNzM=
6,-8,9erfQmknPc9P/XZ2afMe4OZjhyo=,lp62zF6t6hdnVY7k7O59mbjCNzM=
6,-9,9erfQmknPc9P/XZ2afMe4OZjhyo=,lp62zF6t6hdnVY7k7O59mbjCNzM=
8,-9,9erfQmknPc9P/XZ2afMe4OZjhyo=,lp62zF6t6hdnVY7k7O59mbjCNzM=
7,-8,9erfQmknPc9P/XZ2afMe4OZjhyo=,lp62zF6t6hdnVY7k7O59mbjCNzM=
2,-10,W7J5rgflH6Ja/+643AnqFr/2/38=,lp62zF6t6hdnVY7k7O59mbjCNzM=
1,-11,AbuEkbA2OH3kQf0x3zaPlOfDF9s=,91X3WQh9q3pVpaKv8uwFiL6IOHk=
1,-10,W7J5rgflH6Ja/+643AnqFr/2/38=,lp62zF6t6hdnVY7k7O59mbjCNzM=
8,-8,9erfQmknPc9P/XZ2afMe4OZjhyo=,lp62zF6t6hdnVY7k7O59mbjCNzM=
8,-5,rC7h7dpHIiEUNv8PoEPDue6/aho=,lp62zF6t6hdnVY7k7O59mbjCNzM=
5,-7,rC7h7dpHIiEUNv8PoEPDue6/aho=,lp62zF6t6hdnVY7k7O59mbjCNzM=
8,-6,rC7h7dpHIiEUNv8PoEPDue6/aho=,lp62zF6t6hdnVY7k7O59mbjCNzM=
7,-4,d6xJoJE8kyuGWNOQiApE2yHtdOc=,7mWALAb/rzRxJIYEInIAPh5onwc=
7,-7,rC7h7dpHIiEUNv8PoEPDue6/aho=,lp62zF6t6hdnVY7k7O59mbjCNzM=
6,-7,rC7h7dpHIiEUNv8PoEPDue6/aho=,lp62zF6t6hdnVY7k7O59mbjCNzM=
7,-5,rC7h7dpHIiEUNv8PoEPDue6/aho=,lp62zF6t6hdnVY7k7O59mbjCNzM=
5,-5,w7A/wJZ/zKOqwlhHiz1sb9ZoKow=,A8UQ52Y/yS2b2nWEo4PzxgiHkcU=
7,-6,rC7h7dpHIiEUNv8PoEPDue6/aho=,lp62zF6t6hdnVY7k7O59mbjCNzM=
5,-4,r3u41OXJV9FsibahAYIBIS51aLM=,7mWALAb/rzRxJIYEInIAPh5onwc=
6,-5,ePsVwv2z8vEtvF5EnM6nAOhKN9k=,lp62zF6t6hdnVY7k7O59mbjCNzM=
8,-4,aAq3l5BIX5ZVY44AQY4DMOSi6VE=,1Q/26WXOYJYMI38HKUkzZNw6Bp8=
6,-6,rC7h7dpHIiEUNv8PoEPDue6/aho=,lp62zF6t6hdnVY7k7O59mbjCNzM=
1,-12,w7A/wJZ/zKOqwlhHiz1sb9ZoKow=,91X3WQh9q3pVpaKv8uwFiL6IOHk=
1,-15,w7A/wJZ/zKOqwlhHiz1sb9ZoKow=,91X3WQh9q3pVpaKv8uwFiL6IOHk=
1,-14,w7A/wJZ/zKOqwlhHiz1sb9ZoKow=,91X3WQh9q3pVpaKv8uwFiL6IOHk=
1,-13,w7A/wJZ/zKOqwlhHiz1sb9ZoKow=,91X3WQh9q3pVpaKv8uwFiL6IOHk=
8,-7,rC7h7dpHIiEUNv8PoEPDue6/aho=,lp62zF6t6hdnVY7k7O59mbjCNzM=
5,-6,w7A/wJZ/zKOqwlhHiz1sb9ZoKow=,A8UQ52Y/yS2b2nWEo4PzxgiHkcU=
6,-4,r3u41OXJV9FsibahAYIBIS51aLM=,7mWALAb/rzRxJIYEInIAPh5onwc=
0,-12,1LtL3IgEJyU5E/UAEfSFpON+I1M=,91X3WQh9q3pVpaKv8uwFiL6IOHk=
0,-11,1LtL3IgEJyU5E/UAEfSFpON+I1M=,91X3WQh9q3pVpaKv8uwFiL6IOHk=
0,-13,1LtL3IgEJyU5E/UAEfSFpON+I1M=,91X3WQh9q3pVpaKv8uwFiL6IOHk=
0,-10,W7J5rgflH6Ja/+643AnqFr/2/38=,lp62zF6t6hdnVY7k7O59mbjCNzM=
0,-6,S7IZCA4iZ4G55BjKikjMLm12ft0=,f+9xv3Dz6JxmEoEsLCcSOvxzS5I=
0,-3,V6t2RPemNBY7lnNO1v4oLdn5BXE=,f+9xv3Dz6JxmEoEsLCcSOvxzS5I=
0,-4,iFnJ6yifGHkVcTu9ZHvTsrl1mcM=,f+9xv3Dz6JxmEoEsLCcSOvxzS5I=
0,-9,W7J5rgflH6Ja/+643AnqFr/2/38=,lp62zF6t6hdnVY7k7O59mbjCNzM=
0,-7,S7IZCA4iZ4G55BjKikjMLm12ft0=,f+9xv3Dz6JxmEoEsLCcSOvxzS5I=
0,-5,py190YJXtifJgS6S+/4aJTSqukI=,f+9xv3Dz6JxmEoEsLCcSOvxzS5I=
0,-2,OHR/wwKd1KyKoJURciT88EL8vys=,EzQqw7RqshmCZ1axRUXg9vwO2/Q=
0,-8,S7IZCA4iZ4G55BjKikjMLm12ft0=,f+9xv3Dz6JxmEoEsLCcSOvxzS5I=
2,-1,F+XQn5AOGHD8iFQXV9Nc5wv3fQU=,zXfU490Tz4vHcQIENknjHBB/3Cc=
3,-1,F+XQn5AOGHD8iFQXV9Nc5wv3fQU=,zXfU490Tz4vHcQIENknjHBB/3Cc=
1,-1,OHR/wwKd1KyKoJURciT88EL8vys=,EzQqw7RqshmCZ1axRUXg9vwO2/Q=
4,-1,C3ar4NAHRwAE6+5k4uKFTMqEOxo=,JQ64IWUcmfCiwQYCtDrOjKleVho=
5,-1,C3ar4NAHRwAE6+5k4uKFTMqEOxo=,JQ64IWUcmfCiwQYCtDrOjKleVho=
8,-1,aAq3l5BIX5ZVY44AQY4DMOSi6VE=,1Q/26WXOYJYMI38HKUkzZNw6Bp8=
6,-1,+tw7p+WIPVqHsAuCsdwqow2mSs8=,7mWALAb/rzRxJIYEInIAPh5onwc=
10,-1,ePsVwv2z8vEtvF5EnM6nAOhKN9k=,lp62zF6t6hdnVY7k7O59mbjCNzM=
7,-1,d6xJoJE8kyuGWNOQiApE2yHtdOc=,7mWALAb/rzRxJIYEInIAPh5onwc=
9,-1,aAq3l5BIX5ZVY44AQY4DMOSi6VE=,1Q/26WXOYJYMI38HKUkzZNw6Bp8=
11,-1,fufgVGpUAbqnnkYto7eVR2SiFQU=,lp62zF6t6hdnVY7k7O59mbjCNzM=
12,-1,Im0XJyaIC2LGZfZzIBq7z8+2xIw=,JopgflKg9FceCjbxFTfi4DMd8E4=
14,-1,Im0XJyaIC2LGZfZzIBq7z8+2xIw=,JopgflKg9FceCjbxFTfi4DMd8E4=
15,-7,M/0msWJBh/9nO4jhSuFr0eOL8Vc=,imxAPLRcy38txV3layft1G9Z5dM=
13,-1,Im0XJyaIC2LGZfZzIBq7z8+2xIw=,JopgflKg9FceCjbxFTfi4DMd8E4=
15,-6,M/0msWJBh/9nO4jhSuFr0eOL8Vc=,zuuD7NJgbvfvpUQLYENxbvyNXBc=
10,-13,uvujMH0HEIhtpRXT0RZS3yriYp4=,lp62zF6t6hdnVY7k7O59mbjCNzM=
8,-11,SAbADO2pzmlAFclBOsmKbbd3f0c=,lp62zF6t6hdnVY7k7O59mbjCNzM=
8,-10,SAbADO2pzmlAFclBOsmKbbd3f0c=,lp62zF6t6hdnVY7k7O59mbjCNzM=
10,-12,JsFh4uY5k+ao7exPvitQKHZ5KAk=,A8UQ52Y/yS2b2nWEo4PzxgiHkcU=
7,-10,WYsbKh/zavCMISvpxx8QeAizuMg=,lp62zF6t6hdnVY7k7O59mbjCNzM=
9,-12,uvujMH0HEIhtpRXT0RZS3yriYp4=,lp62zF6t6hdnVY7k7O59mbjCNzM=
10,-11,JsFh4uY5k+ao7exPvitQKHZ5KAk=,A8UQ52Y/yS2b2nWEo4PzxgiHkcU=
9,-11,eJRD5swTgPkdmDVlPF/qYqDVf20=,lp62zF6t6hdnVY7k7O59mbjCNzM=
10,-15,eJRD5swTgPkdmDVlPF/qYqDVf20=,lp62zF6t6hdnVY7k7O59mbjCNzM=
10,-14,D2yVDg8T/NZI0oD8UksOmbNxzYI=,lp62zF6t6hdnVY7k7O59mbjCNzM=
9,-10,eJRD5swTgPkdmDVlPF/qYqDVf20=,lp62zF6t6hdnVY7k7O59mbjCNzM=
10,-10,eJRD5swTgPkdmDVlPF/qYqDVf20=,lp62zF6t6hdnVY7k7O59mbjCNzM=
11,-16,ePsVwv2z8vEtvF5EnM6nAOhKN9k=,lp62zF6t6hdnVY7k7O59mbjCNzM=
12,-16,ePsVwv2z8vEtvF5EnM6nAOhKN9k=,lp62zF6t6hdnVY7k7O59mbjCNzM=
15,-5,FytqaD0hlICJzigx3YYeaMTjIOE=,zuuD7NJgbvfvpUQLYENxbvyNXBc=
15,-1,B66UnOAxxHoKwuH4IxSM7nCK2oI=,JopgflKg9FceCjbxFTfi4DMd8E4=
15,-15,FytqaD0hlICJzigx3YYeaMTjIOE=,A8UQ52Y/yS2b2nWEo4PzxgiHkcU=
15,-2,B66UnOAxxHoKwuH4IxSM7nCK2oI=,JopgflKg9FceCjbxFTfi4DMd8E4=
15,-3,FytqaD0hlICJzigx3YYeaMTjIOE=,zuuD7NJgbvfvpUQLYENxbvyNXBc=
15,-4,FytqaD0hlICJzigx3YYeaMTjIOE=,zuuD7NJgbvfvpUQLYENxbvyNXBc=
15,-12,FytqaD0hlICJzigx3YYeaMTjIOE=,A8UQ52Y/yS2b2nWEo4PzxgiHkcU=
15,-14,FytqaD0hlICJzigx3YYeaMTjIOE=,A8UQ52Y/yS2b2nWEo4PzxgiHkcU=
15,-13,FytqaD0hlICJzigx3YYeaMTjIOE=,A8UQ52Y/yS2b2nWEo4PzxgiHkcU=
6,-10,LwQLCy1MqwlwpZ5WUlATF3MHG/c=,lp62zF6t6hdnVY7k7O59mbjCNzM=
13,-9,FytqaD0hlICJzigx3YYeaMTjIOE=,A8UQ52Y/yS2b2nWEo4PzxgiHkcU=
14,-9,FytqaD0hlICJzigx3YYeaMTjIOE=,A8UQ52Y/yS2b2nWEo4PzxgiHkcU=
15,-11,FytqaD0hlICJzigx3YYeaMTjIOE=,A8UQ52Y/yS2b2nWEo4PzxgiHkcU=
15,-9,FytqaD0hlICJzigx3YYeaMTjIOE=,A8UQ52Y/yS2b2nWEo4PzxgiHkcU=
14,-10,FytqaD0hlICJzigx3YYeaMTjIOE=,A8UQ52Y/yS2b2nWEo4PzxgiHkcU=
15,-8,FytqaD0hlICJzigx3YYeaMTjIOE=,imxAPLRcy38txV3layft1G9Z5dM=
14,-8,FytqaD0hlICJzigx3YYeaMTjIOE=,imxAPLRcy38txV3layft1G9Z5dM=
15,-10,FytqaD0hlICJzigx3YYeaMTjIOE=,A8UQ52Y/yS2b2nWEo4PzxgiHkcU=
3,-10,W7J5rgflH6Ja/+643AnqFr/2/38=,lp62zF6t6hdnVY7k7O59mbjCNzM=
14,-11,FytqaD0hlICJzigx3YYeaMTjIOE=,A8UQ52Y/yS2b2nWEo4PzxgiHkcU=
13,-8,FytqaD0hlICJzigx3YYeaMTjIOE=,A8UQ52Y/yS2b2nWEo4PzxgiHkcU=
13,-10,DbkbJDZgbadwvpDYtVhvhd+S5wk=,A8UQ52Y/yS2b2nWEo4PzxgiHkcU=
13,-16,n6NCSsxpYZ8QwCsAaeNKu8L/xAE=,lp62zF6t6hdnVY7k7O59mbjCNzM=
1,-16,DbkbJDZgbadwvpDYtVhvhd+S5wk=,91X3WQh9q3pVpaKv8uwFiL6IOHk=
13,-11,DbkbJDZgbadwvpDYtVhvhd+S5wk=,A8UQ52Y/yS2b2nWEo4PzxgiHkcU=
14,-16,DbkbJDZgbadwvpDYtVhvhd+S5wk=,A8UQ52Y/yS2b2nWEo4PzxgiHkcU=
8,-12,SAbADO2pzmlAFclBOsmKbbd3f0c=,lp62zF6t6hdnVY7k7O59mbjCNzM=
10,-16,sGzIz536Mo998HjnzZSAENtlFzw=,lp62zF6t6hdnVY7k7O59mbjCNzM=
0,-15,DbkbJDZgbadwvpDYtVhvhd+S5wk=,91X3WQh9q3pVpaKv8uwFiL6IOHk=
0,-16,DbkbJDZgbadwvpDYtVhvhd+S5wk=,91X3WQh9q3pVpaKv8uwFiL6IOHk=
0,-14,DbkbJDZgbadwvpDYtVhvhd+S5wk=,91X3WQh9q3pVpaKv8uwFiL6IOHk=
15,-16,DbkbJDZgbadwvpDYtVhvhd+S5wk=,A8UQ52Y/yS2b2nWEo4PzxgiHkcU=
0,-1,OHR/wwKd1KyKoJURciT88EL8vys=,EzQqw7RqshmCZ1axRUXg9vwO2/Q=
20,-24,RlxzWAs3p2wxG1OvZ7JthZTZovA=,lp62zF6t6hdnVY7k7O59mbjCNzM=
19,-24,RlxzWAs3p2wxG1OvZ7JthZTZovA=,lp62zF6t6hdnVY7k7O59mbjCNzM=
20,-26,pgrQqzYo+Kb0UgAo5wE1KYiHFIs=,lp62zF6t6hdnVY7k7O59mbjCNzM=
20,-25,pgrQqzYo+Kb0UgAo5wE1KYiHFIs=,lp62zF6t6hdnVY7k7O59mbjCNzM=
20,-27,pgrQqzYo+Kb0UgAo5wE1KYiHFIs=,lp62zF6t6hdnVY7k7O59mbjCNzM=
19,-25,pgrQqzYo+Kb0UgAo5wE1KYiHFIs=,lp62zF6t6hdnVY7k7O59mbjCNzM=
19,-27,pgrQqzYo+Kb0UgAo5wE1KYiHFIs=,lp62zF6t6hdnVY7k7O59mbjCNzM=
19,-26,pgrQqzYo+Kb0UgAo5wE1KYiHFIs=,lp62zF6t6hdnVY7k7O59mbjCNzM=
20,-28,ACsvQQafSJL7afjHQbPRADSIz3g=,lp62zF6t6hdnVY7k7O59mbjCNzM=
19,-28,ACsvQQafSJL7afjHQbPRADSIz3g=,lp62zF6t6hdnVY7k7O59mbjCNzM=
19,-29,ACsvQQafSJL7afjHQbPRADSIz3g=,lp62zF6t6hdnVY7k7O59mbjCNzM=
20,-29,ACsvQQafSJL7afjHQbPRADSIz3g=,lp62zF6t6hdnVY7k7O59mbjCNzM=
22,-28,nBVy4QZG627qjjF+Tac/lh327Ds=,lp62zF6t6hdnVY7k7O59mbjCNzM=
21,-28,nBVy4QZG627qjjF+Tac/lh327Ds=,lp62zF6t6hdnVY7k7O59mbjCNzM=
21,-29,nBVy4QZG627qjjF+Tac/lh327Ds=,lp62zF6t6hdnVY7k7O59mbjCNzM=
22,-29,nBVy4QZG627qjjF+Tac/lh327Ds=,lp62zF6t6hdnVY7k7O59mbjCNzM=
24,-31,nBVy4QZG627qjjF+Tac/lh327Ds=,lp62zF6t6hdnVY7k7O59mbjCNzM=
23,-31,nBVy4QZG627qjjF+Tac/lh327Ds=,lp62zF6t6hdnVY7k7O59mbjCNzM=
23,-30,nBVy4QZG627qjjF+Tac/lh327Ds=,lp62zF6t6hdnVY7k7O59mbjCNzM=
19,-32,nBVy4QZG627qjjF+Tac/lh327Ds=,lp62zF6t6hdnVY7k7O59mbjCNzM=
20,-32,OjIp8lyOBKyn1B64yToXi9s/2Gk=,lp62zF6t6hdnVY7k7O59mbjCNzM=
22,-31,OjIp8lyOBKyn1B64yToXi9s/2Gk=,lp62zF6t6hdnVY7k7O59mbjCNzM=
19,-31,OjIp8lyOBKyn1B64yToXi9s/2Gk=,lp62zF6t6hdnVY7k7O59mbjCNzM=
21,-31,OjIp8lyOBKyn1B64yToXi9s/2Gk=,lp62zF6t6hdnVY7k7O59mbjCNzM=
22,-32,OjIp8lyOBKyn1B64yToXi9s/2Gk=,lp62zF6t6hdnVY7k7O59mbjCNzM=
19,-30,OjIp8lyOBKyn1B64yToXi9s/2Gk=,lp62zF6t6hdnVY7k7O59mbjCNzM=
21,-30,OjIp8lyOBKyn1B64yToXi9s/2Gk=,lp62zF6t6hdnVY7k7O59mbjCNzM=
20,-30,OjIp8lyOBKyn1B64yToXi9s/2Gk=,lp62zF6t6hdnVY7k7O59mbjCNzM=
22,-30,OjIp8lyOBKyn1B64yToXi9s/2Gk=,lp62zF6t6hdnVY7k7O59mbjCNzM=
20,-31,OjIp8lyOBKyn1B64yToXi9s/2Gk=,lp62zF6t6hdnVY7k7O59mbjCNzM=
21,-32,OjIp8lyOBKyn1B64yToXi9s/2Gk=,lp62zF6t6hdnVY7k7O59mbjCNzM=
17,-26,RlxzWAs3p2wxG1OvZ7JthZTZovA=,lp62zF6t6hdnVY7k7O59mbjCNzM=
17,-27,RlxzWAs3p2wxG1OvZ7JthZTZovA=,lp62zF6t6hdnVY7k7O59mbjCNzM=
18,-26,pgrQqzYo+Kb0UgAo5wE1KYiHFIs=,lp62zF6t6hdnVY7k7O59mbjCNzM=
18,-27,pgrQqzYo+Kb0UgAo5wE1KYiHFIs=,lp62zF6t6hdnVY7k7O59mbjCNzM=
17,-29,ACsvQQafSJL7afjHQbPRADSIz3g=,lp62zF6t6hdnVY7k7O59mbjCNzM=
17,-28,ACsvQQafSJL7afjHQbPRADSIz3g=,lp62zF6t6hdnVY7k7O59mbjCNzM=
18,-28,ACsvQQafSJL7afjHQbPRADSIz3g=,lp62zF6t6hdnVY7k7O59mbjCNzM=
18,-29,ACsvQQafSJL7afjHQbPRADSIz3g=,lp62zF6t6hdnVY7k7O59mbjCNzM=
18,-30,AiSKjjXVKZhjEyhbwR3uwNTisJ4=,lp62zF6t6hdnVY7k7O59mbjCNzM=
18,-31,MEE5VaIJb0hmB94RewfNrNDbktg=,lp62zF6t6hdnVY7k7O59mbjCNzM=
17,-30,G8bduZz1jjdyI4ZT8wH2csPklKA=,lp62zF6t6hdnVY7k7O59mbjCNzM=
16,-21,pgrQqzYo+Kb0UgAo5wE1KYiHFIs=,lp62zF6t6hdnVY7k7O59mbjCNzM=
17,-21,RlxzWAs3p2wxG1OvZ7JthZTZovA=,lp62zF6t6hdnVY7k7O59mbjCNzM=
18,-21,RlxzWAs3p2wxG1OvZ7JthZTZovA=,lp62zF6t6hdnVY7k7O59mbjCNzM=
19,-22,uE1Wufe4d8t/K49JvhywhwRp+CM=,lp62zF6t6hdnVY7k7O59mbjCNzM=
19,-23,uE1Wufe4d8t/K49JvhywhwRp+CM=,lp62zF6t6hdnVY7k7O59mbjCNzM=
20,-23,uE1Wufe4d8t/K49JvhywhwRp+CM=,lp62zF6t6hdnVY7k7O59mbjCNzM=
21,-26,uE1Wufe4d8t/K49JvhywhwRp+CM=,lp62zF6t6hdnVY7k7O59mbjCNzM=
21,-27,uE1Wufe4d8t/K49JvhywhwRp+CM=,lp62zF6t6hdnVY7k7O59mbjCNzM=
22,-27,uE1Wufe4d8t/K49JvhywhwRp+CM=,lp62zF6t6hdnVY7k7O59mbjCNzM=
21,-24,uE1Wufe4d8t/K49JvhywhwRp+CM=,lp62zF6t6hdnVY7k7O59mbjCNzM=
21,-25,uE1Wufe4d8t/K49JvhywhwRp+CM=,lp62zF6t6hdnVY7k7O59mbjCNzM=
23,-28,nBVy4QZG627qjjF+Tac/lh327Ds=,lp62zF6t6hdnVY7k7O59mbjCNzM=
23,-29,nBVy4QZG627qjjF+Tac/lh327Ds=,lp62zF6t6hdnVY7k7O59mbjCNzM=
17,-31,G8bduZz1jjdyI4ZT8wH2csPklKA=,lp62zF6t6hdnVY7k7O59mbjCNzM=
23,-27,uE1Wufe4d8t/K49JvhywhwRp+CM=,lp62zF6t6hdnVY7k7O59mbjCNzM=
16,-25,7wLz6Q5FnPJwZqEKwscY85SJ4fY=,lp62zF6t6hdnVY7k7O59mbjCNzM=
18,-22,7wLz6Q5FnPJwZqEKwscY85SJ4fY=,lp62zF6t6hdnVY7k7O59mbjCNzM=
18,-23,7wLz6Q5FnPJwZqEKwscY85SJ4fY=,lp62zF6t6hdnVY7k7O59mbjCNzM=
17,-22,7wLz6Q5FnPJwZqEKwscY85SJ4fY=,lp62zF6t6hdnVY7k7O59mbjCNzM=
16,-28,nBVy4QZG627qjjF+Tac/lh327Ds=,lp62zF6t6hdnVY7k7O59mbjCNzM=
16,-26,pgrQqzYo+Kb0UgAo5wE1KYiHFIs=,lp62zF6t6hdnVY7k7O59mbjCNzM=
16,-27,pgrQqzYo+Kb0UgAo5wE1KYiHFIs=,lp62zF6t6hdnVY7k7O59mbjCNzM=
16,-29,nBVy4QZG627qjjF+Tac/lh327Ds=,lp62zF6t6hdnVY7k7O59mbjCNzM=
21,-23,uE1Wufe4d8t/K49JvhywhwRp+CM=,lp62zF6t6hdnVY7k7O59mbjCNzM=
17,-23,afnQZB0ZRzI8rEHg4yKmybxrs7Y=,lp62zF6t6hdnVY7k7O59mbjCNzM=
16,-24,afnQZB0ZRzI8rEHg4yKmybxrs7Y=,lp62zF6t6hdnVY7k7O59mbjCNzM=
16,-22,afnQZB0ZRzI8rEHg4yKmybxrs7Y=,lp62zF6t6hdnVY7k7O59mbjCNzM=
17,-25,afnQZB0ZRzI8rEHg4yKmybxrs7Y=,lp62zF6t6hdnVY7k7O59mbjCNzM=
18,-24,afnQZB0ZRzI8rEHg4yKmybxrs7Y=,lp62zF6t6hdnVY7k7O59mbjCNzM=
24,-32,nBVy4QZG627qjjF+Tac/lh327Ds=,lp62zF6t6hdnVY7k7O59mbjCNzM=
18,-25,afnQZB0ZRzI8rEHg4yKmybxrs7Y=,lp62zF6t6hdnVY7k7O59mbjCNzM=
17,-24,afnQZB0ZRzI8rEHg4yKmybxrs7Y=,lp62zF6t6hdnVY7k7O59mbjCNzM=
17,-32,j0ErDvBwwjje5fxxaooeIbrZIeE=,lp62zF6t6hdnVY7k7O59mbjCNzM=
23,-32,nBVy4QZG627qjjF+Tac/lh327Ds=,lp62zF6t6hdnVY7k7O59mbjCNzM=
18,-32,j0ErDvBwwjje5fxxaooeIbrZIeE=,lp62zF6t6hdnVY7k7O59mbjCNzM=
16,-32,OjIp8lyOBKyn1B64yToXi9s/2Gk=,lp62zF6t6hdnVY7k7O59mbjCNzM=
16,-23,afnQZB0ZRzI8rEHg4yKmybxrs7Y=,lp62zF6t6hdnVY7k7O59mbjCNzM=
25,-31,uE1Wufe4d8t/K49JvhywhwRp+CM=,lp62zF6t6hdnVY7k7O59mbjCNzM=
25,-32,nBVy4QZG627qjjF+Tac/lh327Ds=,lp62zF6t6hdnVY7k7O59mbjCNzM=
19,-21,nBVy4QZG627qjjF+Tac/lh327Ds=,lp62zF6t6hdnVY7k7O59mbjCNzM=
16,-30,OjIp8lyOBKyn1B64yToXi9s/2Gk=,lp62zF6t6hdnVY7k7O59mbjCNzM=
16,-31,OjIp8lyOBKyn1B64yToXi9s/2Gk=,lp62zF6t6hdnVY7k7O59mbjCNzM=
11,-21,57DX7ywXyDAinDgWyqFurwXC0cg=,lp62zF6t6hdnVY7k7O59mbjCNzM=
12,-21,57DX7ywXyDAinDgWyqFurwXC0cg=,lp62zF6t6hdnVY7k7O59mbjCNzM=
11,-20,57DX7ywXyDAinDgWyqFurwXC0cg=,lp62zF6t6hdnVY7k7O59mbjCNzM=
11,-19,5kpcEYuLjaLgvTHQtRmJVX4nrrM=,lp62zF6t6hdnVY7k7O59mbjCNzM=
9,-19,I/blAs3s3X5Oh6ujLmnRtN0LgQI=,lp62zF6t6hdnVY7k7O59mbjCNzM=
9,-18,5kpcEYuLjaLgvTHQtRmJVX4nrrM=,lp62zF6t6hdnVY7k7O59mbjCNzM=
10,-19,5kpcEYuLjaLgvTHQtRmJVX4nrrM=,lp62zF6t6hdnVY7k7O59mbjCNzM=
10,-18,5kpcEYuLjaLgvTHQtRmJVX4nrrM=,lp62zF6t6hdnVY7k7O59mbjCNzM=
13,-21,7OJPQ32HqXUCzjYBDi0NzD3Dkdw=,lp62zF6t6hdnVY7k7O59mbjCNzM=
14,-21,7OJPQ32HqXUCzjYBDi0NzD3Dkdw=,lp62zF6t6hdnVY7k7O59mbjCNzM=
14,-23,07VzBcMEIEZNpOzlpSco7vbZSnE=,lp62zF6t6hdnVY7k7O59mbjCNzM=
14,-22,pfc8Sj/bZOqPfQHEjbzMxjhhTN0=,lp62zF6t6hdnVY7k7O59mbjCNzM=
11,-23,07VzBcMEIEZNpOzlpSco7vbZSnE=,lp62zF6t6hdnVY7k7O59mbjCNzM=
11,-22,pfc8Sj/bZOqPfQHEjbzMxjhhTN0=,lp62zF6t6hdnVY7k7O59mbjCNzM=
13,-22,pfc8Sj/bZOqPfQHEjbzMxjhhTN0=,lp62zF6t6hdnVY7k7O59mbjCNzM=
13,-23,pfc8Sj/bZOqPfQHEjbzMxjhhTN0=,lp62zF6t6hdnVY7k7O59mbjCNzM=
12,-23,pfc8Sj/bZOqPfQHEjbzMxjhhTN0=,lp62zF6t6hdnVY7k7O59mbjCNzM=
12,-22,pfc8Sj/bZOqPfQHEjbzMxjhhTN0=,lp62zF6t6hdnVY7k7O59mbjCNzM=
11,-25,yd8DXk8Z5LRrlgR2reNc8vsrBgo=,lp62zF6t6hdnVY7k7O59mbjCNzM=
11,-24,yd8DXk8Z5LRrlgR2reNc8vsrBgo=,lp62zF6t6hdnVY7k7O59mbjCNzM=
12,-25,yd8DXk8Z5LRrlgR2reNc8vsrBgo=,lp62zF6t6hdnVY7k7O59mbjCNzM=
12,-24,yd8DXk8Z5LRrlgR2reNc8vsrBgo=,lp62zF6t6hdnVY7k7O59mbjCNzM=
11,-26,yd8DXk8Z5LRrlgR2reNc8vsrBgo=,lp62zF6t6hdnVY7k7O59mbjCNzM=
11,-27,yd8DXk8Z5LRrlgR2reNc8vsrBgo=,lp62zF6t6hdnVY7k7O59mbjCNzM=
12,-26,yd8DXk8Z5LRrlgR2reNc8vsrBgo=,lp62zF6t6hdnVY7k7O59mbjCNzM=
12,-27,yd8DXk8Z5LRrlgR2reNc8vsrBgo=,lp62zF6t6hdnVY7k7O59mbjCNzM=
11,-28,yd8DXk8Z5LRrlgR2reNc8vsrBgo=,lp62zF6t6hdnVY7k7O59mbjCNzM=
11,-29,yd8DXk8Z5LRrlgR2reNc8vsrBgo=,lp62zF6t6hdnVY7k7O59mbjCNzM=
12,-29,yd8DXk8Z5LRrlgR2reNc8vsrBgo=,lp62zF6t6hdnVY7k7O59mbjCNzM=
12,-28,yd8DXk8Z5LRrlgR2reNc8vsrBgo=,lp62zF6t6hdnVY7k7O59mbjCNzM=
9,-31,WbxluTxNV17PDI8EKYcJqcFmvIY=,lp62zF6t6hdnVY7k7O59mbjCNzM=
9,-30,WbxluTxNV17PDI8EKYcJqcFmvIY=,lp62zF6t6hdnVY7k7O59mbjCNzM=
10,-30,WbxluTxNV17PDI8EKYcJqcFmvIY=,lp62zF6t6hdnVY7k7O59mbjCNzM=
14,-26,ZuzHBa/r6S3gzulw8UD9D1vJ7/w=,lp62zF6t6hdnVY7k7O59mbjCNzM=
14,-25,ZuzHBa/r6S3gzulw8UD9D1vJ7/w=,lp62zF6t6hdnVY7k7O59mbjCNzM=
14,-24,ZuzHBa/r6S3gzulw8UD9D1vJ7/w=,lp62zF6t6hdnVY7k7O59mbjCNzM=
14,-29,mmFAeoDRPlLAy0vGw06sh27qaZo=,lp62zF6t6hdnVY7k7O59mbjCNzM=
14,-27,ZuzHBa/r6S3gzulw8UD9D1vJ7/w=,lp62zF6t6hdnVY7k7O59mbjCNzM=
14,-28,mmFAeoDRPlLAy0vGw06sh27qaZo=,lp62zF6t6hdnVY7k7O59mbjCNzM=
11,-31,Wt9GYYRaJKdNAAdNIwN9q3qEi8o=,lp62zF6t6hdnVY7k7O59mbjCNzM=
13,-26,5qeRLYoQajBv/MU+9hneAT8ZjLA=,lp62zF6t6hdnVY7k7O59mbjCNzM=
10,-31,WbxluTxNV17PDI8EKYcJqcFmvIY=,lp62zF6t6hdnVY7k7O59mbjCNzM=
12,-30,Wt9GYYRaJKdNAAdNIwN9q3qEi8o=,lp62zF6t6hdnVY7k7O59mbjCNzM=
13,-24,ZuzHBa/r6S3gzulw8UD9D1vJ7/w=,lp62zF6t6hdnVY7k7O59mbjCNzM=
13,-25,ZuzHBa/r6S3gzulw8UD9D1vJ7/w=,lp62zF6t6hdnVY7k7O59mbjCNzM=
13,-29,3nn1CYKv0qCjpAUcY2iWOs0dml0=,lp62zF6t6hdnVY7k7O59mbjCNzM=
13,-27,5qeRLYoQajBv/MU+9hneAT8ZjLA=,lp62zF6t6hdnVY7k7O59mbjCNzM=
13,-28,3nn1CYKv0qCjpAUcY2iWOs0dml0=,lp62zF6t6hdnVY7k7O59mbjCNzM=
12,-31,Wt9GYYRaJKdNAAdNIwN9q3qEi8o=,lp62zF6t6hdnVY7k7O59mbjCNzM=
11,-30,Wt9GYYRaJKdNAAdNIwN9q3qEi8o=,lp62zF6t6hdnVY7k7O59mbjCNzM=
15,-24,yd8DXk8Z5LRrlgR2reNc8vsrBgo=,lp62zF6t6hdnVY7k7O59mbjCNzM=
15,-25,yd8DXk8Z5LRrlgR2reNc8vsrBgo=,lp62zF6t6hdnVY7k7O59mbjCNzM=
9,-32,WbxluTxNV17PDI8EKYcJqcFmvIY=,lp62zF6t6hdnVY7k7O59mbjCNzM=
15,-23,yd8DXk8Z5LRrlgR2reNc8vsrBgo=,lp62zF6t6hdnVY7k7O59mbjCNzM=
14,-30,Wt9GYYRaJKdNAAdNIwN9q3qEi8o=,lp62zF6t6hdnVY7k7O59mbjCNzM=
14,-31,Wt9GYYRaJKdNAAdNIwN9q3qEi8o=,lp62zF6t6hdnVY7k7O59mbjCNzM=
10,-32,WbxluTxNV17PDI8EKYcJqcFmvIY=,lp62zF6t6hdnVY7k7O59mbjCNzM=
8,-31,yd8DXk8Z5LRrlgR2reNc8vsrBgo=,lp62zF6t6hdnVY7k7O59mbjCNzM=
8,-30,yd8DXk8Z5LRrlgR2reNc8vsrBgo=,lp62zF6t6hdnVY7k7O59mbjCNzM=
10,-25,yd8DXk8Z5LRrlgR2reNc8vsrBgo=,lp62zF6t6hdnVY7k7O59mbjCNzM=
10,-24,yd8DXk8Z5LRrlgR2reNc8vsrBgo=,lp62zF6t6hdnVY7k7O59mbjCNzM=
15,-22,yd8DXk8Z5LRrlgR2reNc8vsrBgo=,lp62zF6t6hdnVY7k7O59mbjCNzM=
13,-30,Wt9GYYRaJKdNAAdNIwN9q3qEi8o=,lp62zF6t6hdnVY7k7O59mbjCNzM=
13,-31,Wt9GYYRaJKdNAAdNIwN9q3qEi8o=,lp62zF6t6hdnVY7k7O59mbjCNzM=
14,-32,Wt9GYYRaJKdNAAdNIwN9q3qEi8o=,lp62zF6t6hdnVY7k7O59mbjCNzM=
11,-32,Wt9GYYRaJKdNAAdNIwN9q3qEi8o=,lp62zF6t6hdnVY7k7O59mbjCNzM=
13,-32,Wt9GYYRaJKdNAAdNIwN9q3qEi8o=,lp62zF6t6hdnVY7k7O59mbjCNzM=
8,-19,WbxluTxNV17PDI8EKYcJqcFmvIY=,lp62zF6t6hdnVY7k7O59mbjCNzM=
8,-18,WbxluTxNV17PDI8EKYcJqcFmvIY=,lp62zF6t6hdnVY7k7O59mbjCNzM=
7,-18,WbxluTxNV17PDI8EKYcJqcFmvIY=,lp62zF6t6hdnVY7k7O59mbjCNzM=
12,-32,Wt9GYYRaJKdNAAdNIwN9q3qEi8o=,lp62zF6t6hdnVY7k7O59mbjCNzM=
10,-22,yd8DXk8Z5LRrlgR2reNc8vsrBgo=,lp62zF6t6hdnVY7k7O59mbjCNzM=
9,-22,yd8DXk8Z5LRrlgR2reNc8vsrBgo=,lp62zF6t6hdnVY7k7O59mbjCNzM=
8,-21,yd8DXk8Z5LRrlgR2reNc8vsrBgo=,lp62zF6t6hdnVY7k7O59mbjCNzM=
9,-21,yd8DXk8Z5LRrlgR2reNc8vsrBgo=,lp62zF6t6hdnVY7k7O59mbjCNzM=
9,-20,yd8DXk8Z5LRrlgR2reNc8vsrBgo=,lp62zF6t6hdnVY7k7O59mbjCNzM=
10,-23,yd8DXk8Z5LRrlgR2reNc8vsrBgo=,lp62zF6t6hdnVY7k7O59mbjCNzM=
8,-20,yd8DXk8Z5LRrlgR2reNc8vsrBgo=,lp62zF6t6hdnVY7k7O59mbjCNzM=
10,-21,yd8DXk8Z5LRrlgR2reNc8vsrBgo=,lp62zF6t6hdnVY7k7O59mbjCNzM=
8,-22,yd8DXk8Z5LRrlgR2reNc8vsrBgo=,lp62zF6t6hdnVY7k7O59mbjCNzM=
9,-29,yd8DXk8Z5LRrlgR2reNc8vsrBgo=,lp62zF6t6hdnVY7k7O59mbjCNzM=
8,-29,yd8DXk8Z5LRrlgR2reNc8vsrBgo=,lp62zF6t6hdnVY7k7O59mbjCNzM=
10,-27,yd8DXk8Z5LRrlgR2reNc8vsrBgo=,lp62zF6t6hdnVY7k7O59mbjCNzM=
10,-26,yd8DXk8Z5LRrlgR2reNc8vsrBgo=,lp62zF6t6hdnVY7k7O59mbjCNzM=
10,-29,yd8DXk8Z5LRrlgR2reNc8vsrBgo=,lp62zF6t6hdnVY7k7O59mbjCNzM=
10,-28,yd8DXk8Z5LRrlgR2reNc8vsrBgo=,lp62zF6t6hdnVY7k7O59mbjCNzM=
6,-17,yd8DXk8Z5LRrlgR2reNc8vsrBgo=,lp62zF6t6hdnVY7k7O59mbjCNzM=
10,-20,yd8DXk8Z5LRrlgR2reNc8vsrBgo=,lp62zF6t6hdnVY7k7O59mbjCNzM=
7,-17,AdGW/YZfIVyNFmyu2Hb2zH0KwCM=,lp62zF6t6hdnVY7k7O59mbjCNzM=
8,-17,c1RJ/lx4UZqMWWGkt16n01Z+8fI=,lp62zF6t6hdnVY7k7O59mbjCNzM=
15,-32,KX5dB61lQMBNqPDujmLBtsVpJ7Q=,lp62zF6t6hdnVY7k7O59mbjCNzM=
9,-17,c1RJ/lx4UZqMWWGkt16n01Z+8fI=,lp62zF6t6hdnVY7k7O59mbjCNzM=
15,-26,yd8DXk8Z5LRrlgR2reNc8vsrBgo=,lp62zF6t6hdnVY7k7O59mbjCNzM=
15,-27,yd8DXk8Z5LRrlgR2reNc8vsrBgo=,lp62zF6t6hdnVY7k7O59mbjCNzM=
15,-21,Wt9GYYRaJKdNAAdNIwN9q3qEi8o=,lp62zF6t6hdnVY7k7O59mbjCNzM=
15,-28,WbxluTxNV17PDI8EKYcJqcFmvIY=,lp62zF6t6hdnVY7k7O59mbjCNzM=
15,-29,WbxluTxNV17PDI8EKYcJqcFmvIY=,lp62zF6t6hdnVY7k7O59mbjCNzM=
8,-32,yd8DXk8Z5LRrlgR2reNc8vsrBgo=,lp62zF6t6hdnVY7k7O59mbjCNzM=
15,-30,KX5dB61lQMBNqPDujmLBtsVpJ7Q=,lp62zF6t6hdnVY7k7O59mbjCNzM=
15,-31,KX5dB61lQMBNqPDujmLBtsVpJ7Q=,lp62zF6t6hdnVY7k7O59mbjCNzM=
6,-18,yd8DXk8Z5LRrlgR2reNc8vsrBgo=,lp62zF6t6hdnVY7k7O59mbjCNzM=
4,-9,muvAiggW+Ruv3eIiveZfYDP4sXQ=,lp62zF6t6hdnVY7k7O59mbjCNzM=
5,-9,9erfQmknPc9P/XZ2afMe4OZjhyo=,lp62zF6t6hdnVY7k7O59mbjCNzM=
7,-11,SAbADO2pzmlAFclBOsmKbbd3f0c=,lp62zF6t6hdnVY7k7O59mbjCNzM=
5,-10,LwQLCy1MqwlwpZ5WUlATF3MHG/c=,lp62zF6t6hdnVY7k7O59mbjCNzM=
5,-11,LwQLCy1MqwlwpZ5WUlATF3MHG/c=,lp62zF6t6hdnVY7k7O59mbjCNzM=
6,-11,LwQLCy1MqwlwpZ5WUlATF3MHG/c=,lp62zF6t6hdnVY7k7O59mbjCNzM=
2,-11,W7J5rgflH6Ja/+643AnqFr/2/38=,lp62zF6t6hdnVY7k7O59mbjCNzM=
3,-11,W7J5rgflH6Ja/+643AnqFr/2/38=,lp62zF6t6hdnVY7k7O59mbjCNzM=
4,-11,OQQ4dq1r3lYzUACmx9WRNmcVWYg=,lp62zF6t6hdnVY7k7O59mbjCNzM=
4,-10,OQQ4dq1r3lYzUACmx9WRNmcVWYg=,lp62zF6t6hdnVY7k7O59mbjCNzM=
4,-13,W7J5rgflH6Ja/+643AnqFr/2/38=,lp62zF6t6hdnVY7k7O59mbjCNzM=
3,-12,W7J5rgflH6Ja/+643AnqFr/2/38=,lp62zF6t6hdnVY7k7O59mbjCNzM=
4,-12,W7J5rgflH6Ja/+643AnqFr/2/38=,lp62zF6t6hdnVY7k7O59mbjCNzM=
5,-13,V5htTFDDUlQClEkDD3B59QUeJH0=,lp62zF6t6hdnVY7k7O59mbjCNzM=
7,-12,SAbADO2pzmlAFclBOsmKbbd3f0c=,lp62zF6t6hdnVY7k7O59mbjCNzM=
6,-13,V5htTFDDUlQClEkDD3B59QUeJH0=,lp62zF6t6hdnVY7k7O59mbjCNzM=
5,-12,V5htTFDDUlQClEkDD3B59QUeJH0=,lp62zF6t6hdnVY7k7O59mbjCNzM=
7,-14,q2IfWGiTK88vbK8lPojAtdM8Cv8=,lp62zF6t6hdnVY7k7O59mbjCNzM=
6,-12,LwQLCy1MqwlwpZ5WUlATF3MHG/c=,lp62zF6t6hdnVY7k7O59mbjCNzM=
8,-15,q2IfWGiTK88vbK8lPojAtdM8Cv8=,lp62zF6t6hdnVY7k7O59mbjCNzM=
7,-15,q2IfWGiTK88vbK8lPojAtdM8Cv8=,lp62zF6t6hdnVY7k7O59mbjCNzM=
7,-13,WYsbKh/zavCMISvpxx8QeAizuMg=,lp62zF6t6hdnVY7k7O59mbjCNzM=
9,-15,1Q6zf4+a4L3i6xUukanU576Z0wQ=,lp62zF6t6hdnVY7k7O59mbjCNzM=
8,-14,q2IfWGiTK88vbK8lPojAtdM8Cv8=,lp62zF6t6hdnVY7k7O59mbjCNzM=
8,-13,WYsbKh/zavCMISvpxx8QeAizuMg=,lp62zF6t6hdnVY7k7O59mbjCNzM=
9,-16,sGzIz536Mo998HjnzZSAENtlFzw=,lp62zF6t6hdnVY7k7O59mbjCNzM=
9,-14,1Q6zf4+a4L3i6xUukanU576Z0wQ=,lp62zF6t6hdnVY7k7O59mbjCNzM=
9,-13,uvujMH0HEIhtpRXT0RZS3yriYp4=,lp62zF6t6hdnVY7k7O59mbjCNzM=
5,-15,WvRcQNeAtk4SBgB3rExmPeKS/EM=,lp62zF6t6hdnVY7k7O59mbjCNzM=
6,-15,WvRcQNeAtk4SBgB3rExmPeKS/EM=,lp62zF6t6hdnVY7k7O59mbjCNzM=
5,-14,WvRcQNeAtk4SBgB3rExmPeKS/EM=,lp62zF6t6hdnVY7k7O59mbjCNzM=
6,-14,V5htTFDDUlQClEkDD3B59QUeJH0=,lp62zF6t6hdnVY7k7O59mbjCNzM=
5,-16,1Q6zf4+a4L3i6xUukanU576Z0wQ=,lp62zF6t6hdnVY7k7O59mbjCNzM=
6,-16,1Q6zf4+a4L3i6xUukanU576Z0wQ=,lp62zF6t6hdnVY7k7O59mbjCNzM=
7,-16,R2glFCo60FElXb6XLZCedO47lck=,lp62zF6t6hdnVY7k7O59mbjCNzM=
4,-15,ePsVwv2z8vEtvF5EnM6nAOhKN9k=,lp62zF6t6hdnVY7k7O59mbjCNzM=
4,-14,ePsVwv2z8vEtvF5EnM6nAOhKN9k=,lp62zF6t6hdnVY7k7O59mbjCNzM=
2,-12,W7J5rgflH6Ja/+643AnqFr/2/38=,lp62zF6t6hdnVY7k7O59mbjCNzM=
4,-16,ePsVwv2z8vEtvF5EnM6nAOhKN9k=,lp62zF6t6hdnVY7k7O59mbjCNzM=
8,-16,sGzIz536Mo998HjnzZSAENtlFzw=,lp62zF6t6hdnVY7k7O59mbjCNzM=
