-4,-12,zo/p0a8Euw/X8a56Mv/skxNNsjE=,dTnmXNtE9ZMxTkSXDWbdHESoQqI=
-4,-13,zo/p0a8Euw/X8a56Mv/skxNNsjE=,dTnmXNtE9ZMxTkSXDWbdHESoQqI=
-5,-12,zo/p0a8Euw/X8a56Mv/skxNNsjE=,dTnmXNtE9ZMxTkSXDWbdHESoQqI=
-5,-13,zo/p0a8Euw/X8a56Mv/skxNNsjE=,dTnmXNtE9ZMxTkSXDWbdHESoQqI=
-6,-12,zo/p0a8Euw/X8a56Mv/skxNNsjE=,dTnmXNtE9ZMxTkSXDWbdHESoQqI=
-7,-12,zo/p0a8Euw/X8a56Mv/skxNNsjE=,dTnmXNtE9ZMxTkSXDWbdHESoQqI=
-8,-12,zo/p0a8Euw/X8a56Mv/skxNNsjE=,dTnmXNtE9ZMxTkSXDWbdHESoQqI=
-6,-13,zo/p0a8Euw/X8a56Mv/skxNNsjE=,dTnmXNtE9ZMxTkSXDWbdHESoQqI=
-12,-13,zo/p0a8Euw/X8a56Mv/skxNNsjE=,Yohj2iTsTXcGlk13u1XG+oRsBW8=
-7,-13,zo/p0a8Euw/X8a56Mv/skxNNsjE=,dTnmXNtE9ZMxTkSXDWbdHESoQqI=
-13,-13,zo/p0a8Euw/X8a56Mv/skxNNsjE=,Yohj2iTsTXcGlk13u1XG+oRsBW8=
-8,-13,zo/p0a8Euw/X8a56Mv/skxNNsjE=,dTnmXNtE9ZMxTkSXDWbdHESoQqI=
-11,-13,zo/p0a8Euw/X8a56Mv/skxNNsjE=,Yohj2iTsTXcGlk13u1XG+oRsBW8=
-10,-12,zo/p0a8Euw/X8a56Mv/skxNNsjE=,Yohj2iTsTXcGlk13u1XG+oRsBW8=
-11,-12,zo/p0a8Euw/X8a56Mv/skxNNsjE=,Yohj2iTsTXcGlk13u1XG+oRsBW8=
-9,-12,zo/p0a8Euw/X8a56Mv/skxNNsjE=,Yohj2iTsTXcGlk13u1XG+oRsBW8=
-12,-12,zo/p0a8Euw/X8a56Mv/skxNNsjE=,Yohj2iTsTXcGlk13u1XG+oRsBW8=
-9,-13,zo/p0a8Euw/X8a56Mv/skxNNsjE=,Yohj2iTsTXcGlk13u1XG+oRsBW8=
-10,-13,zo/p0a8Euw/X8a56Mv/skxNNsjE=,Yohj2iTsTXcGlk13u1XG+oRsBW8=
-13,-12,zo/p0a8Euw/X8a56Mv/skxNNsjE=,Yohj2iTsTXcGlk13u1XG+oRsBW8=
-5,-4,sDp+gQ2V7rGZpXeT/d4tk4RkDRg=,Aj+nH1UYe6R9yuYbXDNFw1fzrGc=
-5,-5,sDp+gQ2V7rGZpXeT/d4tk4RkDRg=,Aj+nH1UYe6R9yuYbXDNFw1fzrGc=
-4,-7,sDp+gQ2V7rGZpXeT/d4tk4RkDRg=,Aj+nH1UYe6R9yuYbXDNFw1fzrGc=
-5,-9,sDp+gQ2V7rGZpXeT/d4tk4RkDRg=,dTnmXNtE9ZMxTkSXDWbdHESoQqI=
-4,-10,sDp+gQ2V7rGZpXeT/d4tk4RkDRg=,dTnmXNtE9ZMxTkSXDWbdHESoQqI=
-5,-10,sDp+gQ2V7rGZpXeT/d4tk4RkDRg=,dTnmXNtE9ZMxTkSXDWbdHESoQqI=
-4,-9,sDp+gQ2V7rGZpXeT/d4tk4RkDRg=,dTnmXNtE9ZMxTkSXDWbdHESoQqI=
-4,-6,sDp+gQ2V7rGZpXeT/d4tk4RkDRg=,Aj+nH1UYe6R9yuYbXDNFw1fzrGc=
-5,-8,sDp+gQ2V7rGZpXeT/d4tk4RkDRg=,Aj+nH1UYe6R9yuYbXDNFw1fzrGc=
-5,-7,sDp+gQ2V7rGZpXeT/d4tk4RkDRg=,Aj+nH1UYe6R9yuYbXDNFw1fzrGc=
-4,-11,sDp+gQ2V7rGZpXeT/d4tk4RkDRg=,dTnmXNtE9ZMxTkSXDWbdHESoQqI=
-5,-6,sDp+gQ2V7rGZpXeT/d4tk4RkDRg=,Aj+nH1UYe6R9yuYbXDNFw1fzrGc=
-4,-5,sDp+gQ2V7rGZpXeT/d4tk4RkDRg=,Aj+nH1UYe6R9yuYbXDNFw1fzrGc=
-4,-4,sDp+gQ2V7rGZpXeT/d4tk4RkDRg=,Aj+nH1UYe6R9yuYbXDNFw1fzrGc=
-4,-8,sDp+gQ2V7rGZpXeT/d4tk4RkDRg=,Aj+nH1UYe6R9yuYbXDNFw1fzrGc=
-5,-11,sDp+gQ2V7rGZpXeT/d4tk4RkDRg=,dTnmXNtE9ZMxTkSXDWbdHESoQqI=
-13,-5,gKeUiTKXki7c00uxtXn3y56E9O0=,wkesBgXZQCW5JrmGnYwNaZcGvF0=
-9,-6,gKeUiTKXki7c00uxtXn3y56E9O0=,wkesBgXZQCW5JrmGnYwNaZcGvF0=
-7,-5,gKeUiTKXki7c00uxtXn3y56E9O0=,Aj+nH1UYe6R9yuYbXDNFw1fzrGc=
-6,-5,gKeUiTKXki7c00uxtXn3y56E9O0=,Aj+nH1UYe6R9yuYbXDNFw1fzrGc=
-10,-6,SOPQPXEhDHPKb8iHA6HeAO6DOJ0=,wkesBgXZQCW5JrmGnYwNaZcGvF0=
-11,-6,SOPQPXEhDHPKb8iHA6HeAO6DOJ0=,wkesBgXZQCW5JrmGnYwNaZcGvF0=
-8,-5,SOPQPXEhDHPKb8iHA6HeAO6DOJ0=,Aj+nH1UYe6R9yuYbXDNFw1fzrGc=
-6,-6,SOPQPXEhDHPKb8iHA6HeAO6DOJ0=,Aj+nH1UYe6R9yuYbXDNFw1fzrGc=
-13,-6,SOPQPXEhDHPKb8iHA6HeAO6DOJ0=,wkesBgXZQCW5JrmGnYwNaZcGvF0=
-12,-6,SOPQPXEhDHPKb8iHA6HeAO6DOJ0=,wkesBgXZQCW5JrmGnYwNaZcGvF0=
-12,-5,SOPQPXEhDHPKb8iHA6HeAO6DOJ0=,wkesBgXZQCW5JrmGnYwNaZcGvF0=
-6,-11,SOPQPXEhDHPKb8iHA6HeAO6DOJ0=,dTnmXNtE9ZMxTkSXDWbdHESoQqI=
-11,-5,SOPQPXEhDHPKb8iHA6HeAO6DOJ0=,wkesBgXZQCW5JrmGnYwNaZcGvF0=
-6,-4,SOPQPXEhDHPKb8iHA6HeAO6DOJ0=,Aj+nH1UYe6R9yuYbXDNFw1fzrGc=
-8,-6,SOPQPXEhDHPKb8iHA6HeAO6DOJ0=,Aj+nH1UYe6R9yuYbXDNFw1fzrGc=
-7,-6,SOPQPXEhDHPKb8iHA6HeAO6DOJ0=,Aj+nH1UYe6R9yuYbXDNFw1fzrGc=
-7,-4,SOPQPXEhDHPKb8iHA6HeAO6DOJ0=,Aj+nH1UYe6R9yuYbXDNFw1fzrGc=
-8,-7,SOPQPXEhDHPKb8iHA6HeAO6DOJ0=,Aj+nH1UYe6R9yuYbXDNFw1fzrGc=
-8,-8,SOPQPXEhDHPKb8iHA6HeAO6DOJ0=,Aj+nH1UYe6R9yuYbXDNFw1fzrGc=
-10,-5,SOPQPXEhDHPKb8iHA6HeAO6DOJ0=,wkesBgXZQCW5JrmGnYwNaZcGvF0=
-7,-8,SOPQPXEhDHPKb8iHA6HeAO6DOJ0=,Aj+nH1UYe6R9yuYbXDNFw1fzrGc=
-9,-7,SOPQPXEhDHPKb8iHA6HeAO6DOJ0=,wkesBgXZQCW5JrmGnYwNaZcGvF0=
-11,-7,SOPQPXEhDHPKb8iHA6HeAO6DOJ0=,wkesBgXZQCW5JrmGnYwNaZcGvF0=
-10,-7,SOPQPXEhDHPKb8iHA6HeAO6DOJ0=,wkesBgXZQCW5JrmGnYwNaZcGvF0=
-13,-7,SOPQPXEhDHPKb8iHA6HeAO6DOJ0=,wkesBgXZQCW5JrmGnYwNaZcGvF0=
-6,-9,SOPQPXEhDHPKb8iHA6HeAO6DOJ0=,dTnmXNtE9ZMxTkSXDWbdHESoQqI=
-9,-8,SOPQPXEhDHPKb8iHA6HeAO6DOJ0=,wkesBgXZQCW5JrmGnYwNaZcGvF0=
-7,-9,SOPQPXEhDHPKb8iHA6HeAO6DOJ0=,dTnmXNtE9ZMxTkSXDWbdHESoQqI=
-10,-8,SOPQPXEhDHPKb8iHA6HeAO6DOJ0=,wkesBgXZQCW5JrmGnYwNaZcGvF0=
-9,-5,SOPQPXEhDHPKb8iHA6HeAO6DOJ0=,wkesBgXZQCW5JrmGnYwNaZcGvF0=
-11,-8,SOPQPXEhDHPKb8iHA6HeAO6DOJ0=,wkesBgXZQCW5JrmGnYwNaZcGvF0=
-12,-8,SOPQPXEhDHPKb8iHA6HeAO6DOJ0=,wkesBgXZQCW5JrmGnYwNaZcGvF0=
-13,-8,SOPQPXEhDHPKb8iHA6HeAO6DOJ0=,wkesBgXZQCW5JrmGnYwNaZcGvF0=
-8,-9,SOPQPXEhDHPKb8iHA6HeAO6DOJ0=,dTnmXNtE9ZMxTkSXDWbdHESoQqI=
-12,-7,SOPQPXEhDHPKb8iHA6HeAO6DOJ0=,wkesBgXZQCW5JrmGnYwNaZcGvF0=
-8,-4,SOPQPXEhDHPKb8iHA6HeAO6DOJ0=,Aj+nH1UYe6R9yuYbXDNFw1fzrGc=
-7,-7,SOPQPXEhDHPKb8iHA6HeAO6DOJ0=,Aj+nH1UYe6R9yuYbXDNFw1fzrGc=
-10,-9,SOPQPXEhDHPKb8iHA6HeAO6DOJ0=,Yohj2iTsTXcGlk13u1XG+oRsBW8=
-6,-7,SOPQPXEhDHPKb8iHA6HeAO6DOJ0=,Aj+nH1UYe6R9yuYbXDNFw1fzrGc=
-9,-9,SOPQPXEhDHPKb8iHA6HeAO6DOJ0=,Yohj2iTsTXcGlk13u1XG+oRsBW8=
-12,-9,SOPQPXEhDHPKb8iHA6HeAO6DOJ0=,Yohj2iTsTXcGlk13u1XG+oRsBW8=
-6,-8,SOPQPXEhDHPKb8iHA6HeAO6DOJ0=,Aj+nH1UYe6R9yuYbXDNFw1fzrGc=
-11,-9,SOPQPXEhDHPKb8iHA6HeAO6DOJ0=,Yohj2iTsTXcGlk13u1XG+oRsBW8=
-7,-11,SOPQPXEhDHPKb8iHA6HeAO6DOJ0=,dTnmXNtE9ZMxTkSXDWbdHESoQqI=
-8,-10,SOPQPXEhDHPKb8iHA6HeAO6DOJ0=,dTnmXNtE9ZMxTkSXDWbdHESoQqI=
-9,-10,SOPQPXEhDHPKb8iHA6HeAO6DOJ0=,Yohj2iTsTXcGlk13u1XG+oRsBW8=
-11,-10,SOPQPXEhDHPKb8iHA6HeAO6DOJ0=,Yohj2iTsTXcGlk13u1XG+oRsBW8=
-9,-4,SOPQPXEhDHPKb8iHA6HeAO6DOJ0=,wkesBgXZQCW5JrmGnYwNaZcGvF0=
-10,-4,SOPQPXEhDHPKb8iHA6HeAO6DOJ0=,wkesBgXZQCW5JrmGnYwNaZcGvF0=
-12,-4,SOPQPXEhDHPKb8iHA6HeAO6DOJ0=,wkesBgXZQCW5JrmGnYwNaZcGvF0=
-11,-4,SOPQPXEhDHPKb8iHA6HeAO6DOJ0=,wkesBgXZQCW5JrmGnYwNaZcGvF0=
-12,-10,SOPQPXEhDHPKb8iHA6HeAO6DOJ0=,Yohj2iTsTXcGlk13u1XG+oRsBW8=
-7,-10,SOPQPXEhDHPKb8iHA6HeAO6DOJ0=,dTnmXNtE9ZMxTkSXDWbdHESoQqI=
-9,-11,SOPQPXEhDHPKb8iHA6HeAO6DOJ0=,Yohj2iTsTXcGlk13u1XG+oRsBW8=
-6,-10,SOPQPXEhDHPKb8iHA6HeAO6DOJ0=,dTnmXNtE9ZMxTkSXDWbdHESoQqI=
-13,-10,SOPQPXEhDHPKb8iHA6HeAO6DOJ0=,Yohj2iTsTXcGlk13u1XG+oRsBW8=
-8,-11,SOPQPXEhDHPKb8iHA6HeAO6DOJ0=,dTnmXNtE9ZMxTkSXDWbdHESoQqI=
-11,-11,SOPQPXEhDHPKb8iHA6HeAO6DOJ0=,Yohj2iTsTXcGlk13u1XG+oRsBW8=
-13,-4,SOPQPXEhDHPKb8iHA6HeAO6DOJ0=,wkesBgXZQCW5JrmGnYwNaZcGvF0=
-10,-10,SOPQPXEhDHPKb8iHA6HeAO6DOJ0=,Yohj2iTsTXcGlk13u1XG+oRsBW8=
-13,-9,SOPQPXEhDHPKb8iHA6HeAO6DOJ0=,Yohj2iTsTXcGlk13u1XG+oRsBW8=
-10,-11,SOPQPXEhDHPKb8iHA6HeAO6DOJ0=,Yohj2iTsTXcGlk13u1XG+oRsBW8=
-12,-11,SOPQPXEhDHPKb8iHA6HeAO6DOJ0=,Yohj2iTsTXcGlk13u1XG+oRsBW8=
-13,-11,SOPQPXEhDHPKb8iHA6HeAO6DOJ0=,Yohj2iTsTXcGlk13u1XG+oRsBW8=
-13,-3,ka6TVgN6PlPg4tG6DjYQpZ95pGI=,wkesBgXZQCW5JrmGnYwNaZcGvF0=
-12,-2,ka6TVgN6PlPg4tG6DjYQpZ95pGI=,wkesBgXZQCW5JrmGnYwNaZcGvF0=
-13,-1,ka6TVgN6PlPg4tG6DjYQpZ95pGI=,wkesBgXZQCW5JrmGnYwNaZcGvF0=
-12,-3,ka6TVgN6PlPg4tG6DjYQpZ95pGI=,wkesBgXZQCW5JrmGnYwNaZcGvF0=
-12,-1,ka6TVgN6PlPg4tG6DjYQpZ95pGI=,wkesBgXZQCW5JrmGnYwNaZcGvF0=
-13,-2,ka6TVgN6PlPg4tG6DjYQpZ95pGI=,wkesBgXZQCW5JrmGnYwNaZcGvF0=
-9,-1,ka6TVgN6PlPg4tG6DjYQpZ95pGI=,wkesBgXZQCW5JrmGnYwNaZcGvF0=
-9,-2,AJr7nitCLItIowov9IxenF3iIKE=,wkesBgXZQCW5JrmGnYwNaZcGvF0=
-11,-2,AJr7nitCLItIowov9IxenF3iIKE=,wkesBgXZQCW5JrmGnYwNaZcGvF0=
-8,-3,AJr7nitCLItIowov9IxenF3iIKE=,Aj+nH1UYe6R9yuYbXDNFw1fzrGc=
-4,-3,AJr7nitCLItIowov9IxenF3iIKE=,Aj+nH1UYe6R9yuYbXDNFw1fzrGc=
-10,-2,AJr7nitCLItIowov9IxenF3iIKE=,wkesBgXZQCW5JrmGnYwNaZcGvF0=
-5,-3,AJr7nitCLItIowov9IxenF3iIKE=,Aj+nH1UYe6R9yuYbXDNFw1fzrGc=
-6,-3,AJr7nitCLItIowov9IxenF3iIKE=,Aj+nH1UYe6R9yuYbXDNFw1fzrGc=
-8,-2,AJr7nitCLItIowov9IxenF3iIKE=,Aj+nH1UYe6R9yuYbXDNFw1fzrGc=
-9,-3,AJr7nitCLItIowov9IxenF3iIKE=,wkesBgXZQCW5JrmGnYwNaZcGvF0=
-7,-3,AJr7nitCLItIowov9IxenF3iIKE=,Aj+nH1UYe6R9yuYbXDNFw1fzrGc=
-7,-1,AJr7nitCLItIowov9IxenF3iIKE=,Aj+nH1UYe6R9yuYbXDNFw1fzrGc=
-8,-1,AJr7nitCLItIowov9IxenF3iIKE=,Aj+nH1UYe6R9yuYbXDNFw1fzrGc=
-10,-3,AJr7nitCLItIowov9IxenF3iIKE=,wkesBgXZQCW5JrmGnYwNaZcGvF0=
-7,-2,AJr7nitCLItIowov9IxenF3iIKE=,Aj+nH1UYe6R9yuYbXDNFw1fzrGc=
-11,-1,AJr7nitCLItIowov9IxenF3iIKE=,wkesBgXZQCW5JrmGnYwNaZcGvF0=
-6,-1,AJr7nitCLItIowov9IxenF3iIKE=,Aj+nH1UYe6R9yuYbXDNFw1fzrGc=
-5,-1,AJr7nitCLItIowov9IxenF3iIKE=,Aj+nH1UYe6R9yuYbXDNFw1fzrGc=
-11,-3,AJr7nitCLItIowov9IxenF3iIKE=,wkesBgXZQCW5JrmGnYwNaZcGvF0=
-6,-2,AJr7nitCLItIowov9IxenF3iIKE=,Aj+nH1UYe6R9yuYbXDNFw1fzrGc=
-4,-2,AJr7nitCLItIowov9IxenF3iIKE=,Aj+nH1UYe6R9yuYbXDNFw1fzrGc=
-5,-2,AJr7nitCLItIowov9IxenF3iIKE=,Aj+nH1UYe6R9yuYbXDNFw1fzrGc=
-10,-1,AJr7nitCLItIowov9IxenF3iIKE=,wkesBgXZQCW5JrmGnYwNaZcGvF0=
-4,-1,AJr7nitCLItIowov9IxenF3iIKE=,Aj+nH1UYe6R9yuYbXDNFw1fzrGc=
-15,-5,bes3oHA+3pcX89TqsVVF6buBLYg=,wkesBgXZQCW5JrmGnYwNaZcGvF0=
-15,-4,bes3oHA+3pcX89TqsVVF6buBLYg=,wkesBgXZQCW5JrmGnYwNaZcGvF0=
-14,-5,bes3oHA+3pcX89TqsVVF6buBLYg=,wkesBgXZQCW5JrmGnYwNaZcGvF0=
-14,-4,bes3oHA+3pcX89TqsVVF6buBLYg=,wkesBgXZQCW5JrmGnYwNaZcGvF0=
-16,-4,bes3oHA+3pcX89TqsVVF6buBLYg=,wkesBgXZQCW5JrmGnYwNaZcGvF0=
-16,-5,bes3oHA+3pcX89TqsVVF6buBLYg=,wkesBgXZQCW5JrmGnYwNaZcGvF0=
-15,-1,foYEzSJ7kLPGJL6O0POI8uT/z4M=,wkesBgXZQCW5JrmGnYwNaZcGvF0=
-15,-3,foYEzSJ7kLPGJL6O0POI8uT/z4M=,wkesBgXZQCW5JrmGnYwNaZcGvF0=
-16,-3,foYEzSJ7kLPGJL6O0POI8uT/z4M=,wkesBgXZQCW5JrmGnYwNaZcGvF0=
-14,-3,foYEzSJ7kLPGJL6O0POI8uT/z4M=,wkesBgXZQCW5JrmGnYwNaZcGvF0=
-16,-1,foYEzSJ7kLPGJL6O0POI8uT/z4M=,wkesBgXZQCW5JrmGnYwNaZcGvF0=
-14,-1,foYEzSJ7kLPGJL6O0POI8uT/z4M=,wkesBgXZQCW5JrmGnYwNaZcGvF0=
-15,-2,foYEzSJ7kLPGJL6O0POI8uT/z4M=,wkesBgXZQCW5JrmGnYwNaZcGvF0=
-16,-2,foYEzSJ7kLPGJL6O0POI8uT/z4M=,wkesBgXZQCW5JrmGnYwNaZcGvF0=
-14,-2,foYEzSJ7kLPGJL6O0POI8uT/z4M=,wkesBgXZQCW5JrmGnYwNaZcGvF0=
-15,-6,A2um0dPq0JGNthKt4x0fCnpA/SY=,wkesBgXZQCW5JrmGnYwNaZcGvF0=
-16,-6,5cNHKq3XfvZjo47IBZSBJGzRfmk=,wkesBgXZQCW5JrmGnYwNaZcGvF0=
-15,-7,5cNHKq3XfvZjo47IBZSBJGzRfmk=,wkesBgXZQCW5JrmGnYwNaZcGvF0=
-14,-8,5cNHKq3XfvZjo47IBZSBJGzRfmk=,wkesBgXZQCW5JrmGnYwNaZcGvF0=
-14,-6,5cNHKq3XfvZjo47IBZSBJGzRfmk=,wkesBgXZQCW5JrmGnYwNaZcGvF0=
-14,-7,5cNHKq3XfvZjo47IBZSBJGzRfmk=,wkesBgXZQCW5JrmGnYwNaZcGvF0=
-15,-8,5cNHKq3XfvZjo47IBZSBJGzRfmk=,wkesBgXZQCW5JrmGnYwNaZcGvF0=
-16,-7,5cNHKq3XfvZjo47IBZSBJGzRfmk=,wkesBgXZQCW5JrmGnYwNaZcGvF0=
-16,-13,5cNHKq3XfvZjo47IBZSBJGzRfmk=,Yohj2iTsTXcGlk13u1XG+oRsBW8=
-16,-11,5cNHKq3XfvZjo47IBZSBJGzRfmk=,Yohj2iTsTXcGlk13u1XG+oRsBW8=
-16,-12,5cNHKq3XfvZjo47IBZSBJGzRfmk=,Yohj2iTsTXcGlk13u1XG+oRsBW8=
-14,-12,5cNHKq3XfvZjo47IBZSBJGzRfmk=,Yohj2iTsTXcGlk13u1XG+oRsBW8=
-14,-11,5cNHKq3XfvZjo47IBZSBJGzRfmk=,Yohj2iTsTXcGlk13u1XG+oRsBW8=
-15,-10,5cNHKq3XfvZjo47IBZSBJGzRfmk=,Yohj2iTsTXcGlk13u1XG+oRsBW8=
-16,-10,5cNHKq3XfvZjo47IBZSBJGzRfmk=,Yohj2iTsTXcGlk13u1XG+oRsBW8=
-16,-9,5cNHKq3XfvZjo47IBZSBJGzRfmk=,Yohj2iTsTXcGlk13u1XG+oRsBW8=
-14,-13,5cNHKq3XfvZjo47IBZSBJGzRfmk=,Yohj2iTsTXcGlk13u1XG+oRsBW8=
-16,-8,5cNHKq3XfvZjo47IBZSBJGzRfmk=,wkesBgXZQCW5JrmGnYwNaZcGvF0=
-15,-11,5cNHKq3XfvZjo47IBZSBJGzRfmk=,Yohj2iTsTXcGlk13u1XG+oRsBW8=
-15,-13,5cNHKq3XfvZjo47IBZSBJGzRfmk=,Yohj2iTsTXcGlk13u1XG+oRsBW8=
-15,-9,5cNHKq3XfvZjo47IBZSBJGzRfmk=,Yohj2iTsTXcGlk13u1XG+oRsBW8=
-15,-12,5cNHKq3XfvZjo47IBZSBJGzRfmk=,Yohj2iTsTXcGlk13u1XG+oRsBW8=
-14,-10,5cNHKq3XfvZjo47IBZSBJGzRfmk=,Yohj2iTsTXcGlk13u1XG+oRsBW8=
-14,-14,5cNHKq3XfvZjo47IBZSBJGzRfmk=,Yohj2iTsTXcGlk13u1XG+oRsBW8=
-12,-14,5cNHKq3XfvZjo47IBZSBJGzRfmk=,Yohj2iTsTXcGlk13u1XG+oRsBW8=
-16,-14,5cNHKq3XfvZjo47IBZSBJGzRfmk=,Yohj2iTsTXcGlk13u1XG+oRsBW8=
-13,-14,5cNHKq3XfvZjo47IBZSBJGzRfmk=,Yohj2iTsTXcGlk13u1XG+oRsBW8=
-13,-15,5cNHKq3XfvZjo47IBZSBJGzRfmk=,Yohj2iTsTXcGlk13u1XG+oRsBW8=
-16,-15,5cNHKq3XfvZjo47IBZSBJGzRfmk=,Yohj2iTsTXcGlk13u1XG+oRsBW8=
-12,-16,5cNHKq3XfvZjo47IBZSBJGzRfmk=,Yohj2iTsTXcGlk13u1XG+oRsBW8=
-15,-14,5cNHKq3XfvZjo47IBZSBJGzRfmk=,Yohj2iTsTXcGlk13u1XG+oRsBW8=
-16,-16,5cNHKq3XfvZjo47IBZSBJGzRfmk=,Yohj2iTsTXcGlk13u1XG+oRsBW8=
-13,-16,5cNHKq3XfvZjo47IBZSBJGzRfmk=,Yohj2iTsTXcGlk13u1XG+oRsBW8=
-15,-15,5cNHKq3XfvZjo47IBZSBJGzRfmk=,Yohj2iTsTXcGlk13u1XG+oRsBW8=
-14,-15,5cNHKq3XfvZjo47IBZSBJGzRfmk=,Yohj2iTsTXcGlk13u1XG+oRsBW8=
-12,-15,5cNHKq3XfvZjo47IBZSBJGzRfmk=,Yohj2iTsTXcGlk13u1XG+oRsBW8=
-14,-16,5cNHKq3XfvZjo47IBZSBJGzRfmk=,Yohj2iTsTXcGlk13u1XG+oRsBW8=
-15,-16,5cNHKq3XfvZjo47IBZSBJGzRfmk=,Yohj2iTsTXcGlk13u1XG+oRsBW8=
-14,-9,5cNHKq3XfvZjo47IBZSBJGzRfmk=,Yohj2iTsTXcGlk13u1XG+oRsBW8=
-11,-14,5cNHKq3XfvZjo47IBZSBJGzRfmk=,Yohj2iTsTXcGlk13u1XG+oRsBW8=
-9,-15,ELtxudj+12DUwsBJBp5AjfR+GHo=,Yohj2iTsTXcGlk13u1XG+oRsBW8=
-10,-15,Ib80llXsxbLBoTxi+dqggx3h3l4=,Yohj2iTsTXcGlk13u1XG+oRsBW8=
-11,-15,Ib80llXsxbLBoTxi+dqggx3h3l4=,Yohj2iTsTXcGlk13u1XG+oRsBW8=
-5,-16,Ib80llXsxbLBoTxi+dqggx3h3l4=,dTnmXNtE9ZMxTkSXDWbdHESoQqI=
-5,-15,Ib80llXsxbLBoTxi+dqggx3h3l4=,dTnmXNtE9ZMxTkSXDWbdHESoQqI=
-6,-16,Ib80llXsxbLBoTxi+dqggx3h3l4=,dTnmXNtE9ZMxTkSXDWbdHESoQqI=
-4,-14,Ib80llXsxbLBoTxi+dqggx3h3l4=,dTnmXNtE9ZMxTkSXDWbdHESoQqI=
-7,-16,Ib80llXsxbLBoTxi+dqggx3h3l4=,dTnmXNtE9ZMxTkSXDWbdHESoQqI=
-4,-15,Ib80llXsxbLBoTxi+dqggx3h3l4=,dTnmXNtE9ZMxTkSXDWbdHESoQqI=
-8,-16,Ib80llXsxbLBoTxi+dqggx3h3l4=,dTnmXNtE9ZMxTkSXDWbdHESoQqI=
-7,-15,Ib80llXsxbLBoTxi+dqggx3h3l4=,dTnmXNtE9ZMxTkSXDWbdHESoQqI=
-9,-14,Ib80llXsxbLBoTxi+dqggx3h3l4=,Yohj2iTsTXcGlk13u1XG+oRsBW8=
-8,-15,Ib80llXsxbLBoTxi+dqggx3h3l4=,dTnmXNtE9ZMxTkSXDWbdHESoQqI=
-6,-15,Ib80llXsxbLBoTxi+dqggx3h3l4=,dTnmXNtE9ZMxTkSXDWbdHESoQqI=
-5,-14,Ib80llXsxbLBoTxi+dqggx3h3l4=,dTnmXNtE9ZMxTkSXDWbdHESoQqI=
-11,-16,Ib80llXsxbLBoTxi+dqggx3h3l4=,Yohj2iTsTXcGlk13u1XG+oRsBW8=
-9,-16,Ib80llXsxbLBoTxi+dqggx3h3l4=,Yohj2iTsTXcGlk13u1XG+oRsBW8=
-7,-14,Ib80llXsxbLBoTxi+dqggx3h3l4=,dTnmXNtE9ZMxTkSXDWbdHESoQqI=
-8,-14,Ib80llXsxbLBoTxi+dqggx3h3l4=,dTnmXNtE9ZMxTkSXDWbdHESoQqI=
-6,-14,Ib80llXsxbLBoTxi+dqggx3h3l4=,dTnmXNtE9ZMxTkSXDWbdHESoQqI=
-10,-16,Ib80llXsxbLBoTxi+dqggx3h3l4=,Yohj2iTsTXcGlk13u1XG+oRsBW8=
-10,-14,Ib80llXsxbLBoTxi+dqggx3h3l4=,Yohj2iTsTXcGlk13u1XG+oRsBW8=
-4,-16,Ib80llXsxbLBoTxi+dqggx3h3l4=,dTnmXNtE9ZMxTkSXDWbdHESoQqI=
-2,-13,071lXbwovJWKQ/GgPkXO6gQUo1U=,dTnmXNtE9ZMxTkSXDWbdHESoQqI=
-1,-13,071lXbwovJWKQ/GgPkXO6gQUo1U=,dTnmXNtE9ZMxTkSXDWbdHESoQqI=
-2,-12,071lXbwovJWKQ/GgPkXO6gQUo1U=,dTnmXNtE9ZMxTkSXDWbdHESoQqI=
-2,-16,071lXbwovJWKQ/GgPkXO6gQUo1U=,dTnmXNtE9ZMxTkSXDWbdHESoQqI=
-3,-16,071lXbwovJWKQ/GgPkXO6gQUo1U=,dTnmXNtE9ZMxTkSXDWbdHESoQqI=
-3,-12,071lXbwovJWKQ/GgPkXO6gQUo1U=,dTnmXNtE9ZMxTkSXDWbdHESoQqI=
-2,-14,071lXbwovJWKQ/GgPkXO6gQUo1U=,dTnmXNtE9ZMxTkSXDWbdHESoQqI=
-3,-14,071lXbwovJWKQ/GgPkXO6gQUo1U=,dTnmXNtE9ZMxTkSXDWbdHESoQqI=
-1,-15,071lXbwovJWKQ/GgPkXO6gQUo1U=,dTnmXNtE9ZMxTkSXDWbdHESoQqI=
-3,-13,071lXbwovJWKQ/GgPkXO6gQUo1U=,dTnmXNtE9ZMxTkSXDWbdHESoQqI=
-3,-15,071lXbwovJWKQ/GgPkXO6gQUo1U=,dTnmXNtE9ZMxTkSXDWbdHESoQqI=
-1,-16,071lXbwovJWKQ/GgPkXO6gQUo1U=,dTnmXNtE9ZMxTkSXDWbdHESoQqI=
-1,-14,071lXbwovJWKQ/GgPkXO6gQUo1U=,dTnmXNtE9ZMxTkSXDWbdHESoQqI=
-1,-12,071lXbwovJWKQ/GgPkXO6gQUo1U=,dTnmXNtE9ZMxTkSXDWbdHESoQqI=
-2,-15,071lXbwovJWKQ/GgPkXO6gQUo1U=,dTnmXNtE9ZMxTkSXDWbdHESoQqI=
-1,-6,+IF6qGKoWBPkpMc/SRqZ1dv5IhY=,Aj+nH1UYe6R9yuYbXDNFw1fzrGc=
-2,-3,+IF6qGKoWBPkpMc/SRqZ1dv5IhY=,Aj+nH1UYe6R9yuYbXDNFw1fzrGc=
-3,-6,+IF6qGKoWBPkpMc/SRqZ1dv5IhY=,Aj+nH1UYe6R9yuYbXDNFw1fzrGc=
-2,-5,+IF6qGKoWBPkpMc/SRqZ1dv5IhY=,Aj+nH1UYe6R9yuYbXDNFw1fzrGc=
-1,-5,+IF6qGKoWBPkpMc/SRqZ1dv5IhY=,Aj+nH1UYe6R9yuYbXDNFw1fzrGc=
-3,-1,+IF6qGKoWBPkpMc/SRqZ1dv5IhY=,Aj+nH1UYe6R9yuYbXDNFw1fzrGc=
-2,-7,+IF6qGKoWBPkpMc/SRqZ1dv5IhY=,Aj+nH1UYe6R9yuYbXDNFw1fzrGc=
-2,-8,+IF6qGKoWBPkpMc/SRqZ1dv5IhY=,Aj+nH1UYe6R9yuYbXDNFw1fzrGc=
-2,-10,+IF6qGKoWBPkpMc/SRqZ1dv5IhY=,dTnmXNtE9ZMxTkSXDWbdHESoQqI=
-3,-7,+IF6qGKoWBPkpMc/SRqZ1dv5IhY=,Aj+nH1UYe6R9yuYbXDNFw1fzrGc=
-3,-9,+IF6qGKoWBPkpMc/SRqZ1dv5IhY=,dTnmXNtE9ZMxTkSXDWbdHESoQqI=
-1,-9,+IF6qGKoWBPkpMc/SRqZ1dv5IhY=,dTnmXNtE9ZMxTkSXDWbdHESoQqI=
-3,-3,+IF6qGKoWBPkpMc/SRqZ1dv5IhY=,Aj+nH1UYe6R9yuYbXDNFw1fzrGc=
-2,-1,+IF6qGKoWBPkpMc/SRqZ1dv5IhY=,Aj+nH1UYe6R9yuYbXDNFw1fzrGc=
-1,-10,+IF6qGKoWBPkpMc/SRqZ1dv5IhY=,dTnmXNtE9ZMxTkSXDWbdHESoQqI=
-2,-4,+IF6qGKoWBPkpMc/SRqZ1dv5IhY=,Aj+nH1UYe6R9yuYbXDNFw1fzrGc=
-1,-11,+IF6qGKoWBPkpMc/SRqZ1dv5IhY=,dTnmXNtE9ZMxTkSXDWbdHESoQqI=
-1,-4,+IF6qGKoWBPkpMc/SRqZ1dv5IhY=,Aj+nH1UYe6R9yuYbXDNFw1fzrGc=
-3,-2,+IF6qGKoWBPkpMc/SRqZ1dv5IhY=,Aj+nH1UYe6R9yuYbXDNFw1fzrGc=
-3,-11,+IF6qGKoWBPkpMc/SRqZ1dv5IhY=,dTnmXNtE9ZMxTkSXDWbdHESoQqI=
-1,-8,+IF6qGKoWBPkpMc/SRqZ1dv5IhY=,Aj+nH1UYe6R9yuYbXDNFw1fzrGc=
-2,-11,+IF6qGKoWBPkpMc/SRqZ1dv5IhY=,dTnmXNtE9ZMxTkSXDWbdHESoQqI=
-2,-9,+IF6qGKoWBPkpMc/SRqZ1dv5IhY=,dTnmXNtE9ZMxTkSXDWbdHESoQqI=
-2,-6,+IF6qGKoWBPkpMc/SRqZ1dv5IhY=,Aj+nH1UYe6R9yuYbXDNFw1fzrGc=
-1,-1,+IF6qGKoWBPkpMc/SRqZ1dv5IhY=,Aj+nH1UYe6R9yuYbXDNFw1fzrGc=
-2,-2,+IF6qGKoWBPkpMc/SRqZ1dv5IhY=,Aj+nH1UYe6R9yuYbXDNFw1fzrGc=
-3,-4,+IF6qGKoWBPkpMc/SRqZ1dv5IhY=,Aj+nH1UYe6R9yuYbXDNFw1fzrGc=
-3,-8,+IF6qGKoWBPkpMc/SRqZ1dv5IhY=,Aj+nH1UYe6R9yuYbXDNFw1fzrGc=
-1,-3,+IF6qGKoWBPkpMc/SRqZ1dv5IhY=,Aj+nH1UYe6R9yuYbXDNFw1fzrGc=
-1,-2,+IF6qGKoWBPkpMc/SRqZ1dv5IhY=,Aj+nH1UYe6R9yuYbXDNFw1fzrGc=
-1,-7,+IF6qGKoWBPkpMc/SRqZ1dv5IhY=,Aj+nH1UYe6R9yuYbXDNFw1fzrGc=
-3,-5,+IF6qGKoWBPkpMc/SRqZ1dv5IhY=,Aj+nH1UYe6R9yuYbXDNFw1fzrGc=
-3,-10,+IF6qGKoWBPkpMc/SRqZ1dv5IhY=,dTnmXNtE9ZMxTkSXDWbdHESoQqI=
-12,-21,M7TUNbZMdimnAOkBslnQ0+e7p8w=,eXqRjMhSFnj612Md+wfjvjNfb9A=
-12,-20,M7TUNbZMdimnAOkBslnQ0+e7p8w=,eXqRjMhSFnj612Md+wfjvjNfb9A=
-13,-20,M7TUNbZMdimnAOkBslnQ0+e7p8w=,eXqRjMhSFnj612Md+wfjvjNfb9A=
-13,-21,M7TUNbZMdimnAOkBslnQ0+e7p8w=,eXqRjMhSFnj612Md+wfjvjNfb9A=
-12,-22,6iy/e2JxNsKJhl/5W9xR6fzFXeU=,eXqRjMhSFnj612Md+wfjvjNfb9A=
-12,-23,J1uuicby19LiKqBHxFGC24v2Be8=,eXqRjMhSFnj612Md+wfjvjNfb9A=
-13,-22,J1uuicby19LiKqBHxFGC24v2Be8=,eXqRjMhSFnj612Md+wfjvjNfb9A=
-13,-23,J1uuicby19LiKqBHxFGC24v2Be8=,eXqRjMhSFnj612Md+wfjvjNfb9A=
-13,-29,J1uuicby19LiKqBHxFGC24v2Be8=,XF/EKZwqsEspACC/fjdDFt01JYI=
-12,-29,J1uuicby19LiKqBHxFGC24v2Be8=,XF/EKZwqsEspACC/fjdDFt01JYI=
-12,-24,J1uuicby19LiKqBHxFGC24v2Be8=,eXqRjMhSFnj612Md+wfjvjNfb9A=
-12,-25,J1uuicby19LiKqBHxFGC24v2Be8=,XF/EKZwqsEspACC/fjdDFt01JYI=
-13,-24,J1uuicby19LiKqBHxFGC24v2Be8=,eXqRjMhSFnj612Md+wfjvjNfb9A=
-13,-25,J1uuicby19LiKqBHxFGC24v2Be8=,XF/EKZwqsEspACC/fjdDFt01JYI=
-13,-28,J1uuicby19LiKqBHxFGC24v2Be8=,XF/EKZwqsEspACC/fjdDFt01JYI=
-12,-31,J1uuicby19LiKqBHxFGC24v2Be8=,XF/EKZwqsEspACC/fjdDFt01JYI=
-13,-30,J1uuicby19LiKqBHxFGC24v2Be8=,XF/EKZwqsEspACC/fjdDFt01JYI=
-12,-30,J1uuicby19LiKqBHxFGC24v2Be8=,XF/EKZwqsEspACC/fjdDFt01JYI=
-12,-28,J1uuicby19LiKqBHxFGC24v2Be8=,XF/EKZwqsEspACC/fjdDFt01JYI=
-13,-31,J1uuicby19LiKqBHxFGC24v2Be8=,XF/EKZwqsEspACC/fjdDFt01JYI=
-13,-26,J1uuicby19LiKqBHxFGC24v2Be8=,XF/EKZwqsEspACC/fjdDFt01JYI=
-12,-26,J1uuicby19LiKqBHxFGC24v2Be8=,XF/EKZwqsEspACC/fjdDFt01JYI=
-12,-32,J1uuicby19LiKqBHxFGC24v2Be8=,XF/EKZwqsEspACC/fjdDFt01JYI=
-13,-27,J1uuicby19LiKqBHxFGC24v2Be8=,XF/EKZwqsEspACC/fjdDFt01JYI=
-13,-32,J1uuicby19LiKqBHxFGC24v2Be8=,XF/EKZwqsEspACC/fjdDFt01JYI=
-12,-27,J1uuicby19LiKqBHxFGC24v2Be8=,XF/EKZwqsEspACC/fjdDFt01JYI=
-8,-32,oKIntLUd6rK8hCKMrCCViulrQM0=,91X3WQh9q3pVpaKv8uwFiL6IOHk=
-7,-29,oQhP6yCyEi/+YmD1e59KRLzuaN4=,91X3WQh9q3pVpaKv8uwFiL6IOHk=
-11,-30,oQhP6yCyEi/+YmD1e59KRLzuaN4=,XF/EKZwqsEspACC/fjdDFt01JYI=
-4,-30,oQhP6yCyEi/+YmD1e59KRLzuaN4=,91X3WQh9q3pVpaKv8uwFiL6IOHk=
-6,-30,oQhP6yCyEi/+YmD1e59KRLzuaN4=,91X3WQh9q3pVpaKv8uwFiL6IOHk=
-4,-29,oQhP6yCyEi/+YmD1e59KRLzuaN4=,91X3WQh9q3pVpaKv8uwFiL6IOHk=
-11,-29,oQhP6yCyEi/+YmD1e59KRLzuaN4=,XF/EKZwqsEspACC/fjdDFt01JYI=
-5,-30,oQhP6yCyEi/+YmD1e59KRLzuaN4=,91X3WQh9q3pVpaKv8uwFiL6IOHk=
-7,-32,oQhP6yCyEi/+YmD1e59KRLzuaN4=,91X3WQh9q3pVpaKv8uwFiL6IOHk=
-10,-31,oQhP6yCyEi/+YmD1e59KRLzuaN4=,XF/EKZwqsEspACC/fjdDFt01JYI=
-9,-31,p7YEcttb4MfRVSc3+m/T5Jw8YQ0=,XF/EKZwqsEspACC/fjdDFt01JYI=
-8,-30,p7YEcttb4MfRVSc3+m/T5Jw8YQ0=,91X3WQh9q3pVpaKv8uwFiL6IOHk=
-8,-29,p7YEcttb4MfRVSc3+m/T5Jw8YQ0=,91X3WQh9q3pVpaKv8uwFiL6IOHk=
-10,-32,p7YEcttb4MfRVSc3+m/T5Jw8YQ0=,XF/EKZwqsEspACC/fjdDFt01JYI=
-10,-29,p7YEcttb4MfRVSc3+m/T5Jw8YQ0=,XF/EKZwqsEspACC/fjdDFt01JYI=
-11,-32,p7YEcttb4MfRVSc3+m/T5Jw8YQ0=,XF/EKZwqsEspACC/fjdDFt01JYI=
-11,-31,p7YEcttb4MfRVSc3+m/T5Jw8YQ0=,XF/EKZwqsEspACC/fjdDFt01JYI=
-9,-29,p7YEcttb4MfRVSc3+m/T5Jw8YQ0=,XF/EKZwqsEspACC/fjdDFt01JYI=
-9,-32,p7YEcttb4MfRVSc3+m/T5Jw8YQ0=,XF/EKZwqsEspACC/fjdDFt01JYI=
-9,-28,p7YEcttb4MfRVSc3+m/T5Jw8YQ0=,XF/EKZwqsEspACC/fjdDFt01JYI=
-6,-31,p7YEcttb4MfRVSc3+m/T5Jw8YQ0=,91X3WQh9q3pVpaKv8uwFiL6IOHk=
-7,-30,p7YEcttb4MfRVSc3+m/T5Jw8YQ0=,91X3WQh9q3pVpaKv8uwFiL6IOHk=
-5,-31,p7YEcttb4MfRVSc3+m/T5Jw8YQ0=,91X3WQh9q3pVpaKv8uwFiL6IOHk=
-10,-30,p7YEcttb4MfRVSc3+m/T5Jw8YQ0=,XF/EKZwqsEspACC/fjdDFt01JYI=
-4,-31,p7YEcttb4MfRVSc3+m/T5Jw8YQ0=,91X3WQh9q3pVpaKv8uwFiL6IOHk=
-8,-24,p7YEcttb4MfRVSc3+m/T5Jw8YQ0=,dTnmXNtE9ZMxTkSXDWbdHESoQqI=
-11,-28,p7YEcttb4MfRVSc3+m/T5Jw8YQ0=,XF/EKZwqsEspACC/fjdDFt01JYI=
-10,-28,p7YEcttb4MfRVSc3+m/T5Jw8YQ0=,XF/EKZwqsEspACC/fjdDFt01JYI=
-8,-31,p7YEcttb4MfRVSc3+m/T5Jw8YQ0=,91X3WQh9q3pVpaKv8uwFiL6IOHk=
-4,-28,p7YEcttb4MfRVSc3+m/T5Jw8YQ0=,91X3WQh9q3pVpaKv8uwFiL6IOHk=
-7,-31,p7YEcttb4MfRVSc3+m/T5Jw8YQ0=,91X3WQh9q3pVpaKv8uwFiL6IOHk=
-11,-22,p7YEcttb4MfRVSc3+m/T5Jw8YQ0=,eXqRjMhSFnj612Md+wfjvjNfb9A=
-6,-29,p7YEcttb4MfRVSc3+m/T5Jw8YQ0=,91X3WQh9q3pVpaKv8uwFiL6IOHk=
-5,-28,p7YEcttb4MfRVSc3+m/T5Jw8YQ0=,91X3WQh9q3pVpaKv8uwFiL6IOHk=
-5,-25,p7YEcttb4MfRVSc3+m/T5Jw8YQ0=,91X3WQh9q3pVpaKv8uwFiL6IOHk=
-6,-32,p7YEcttb4MfRVSc3+m/T5Jw8YQ0=,91X3WQh9q3pVpaKv8uwFiL6IOHk=
-9,-30,p7YEcttb4MfRVSc3+m/T5Jw8YQ0=,XF/EKZwqsEspACC/fjdDFt01JYI=
-4,-25,p7YEcttb4MfRVSc3+m/T5Jw8YQ0=,91X3WQh9q3pVpaKv8uwFiL6IOHk=
-8,-23,p7YEcttb4MfRVSc3+m/T5Jw8YQ0=,dTnmXNtE9ZMxTkSXDWbdHESoQqI=
-7,-22,p7YEcttb4MfRVSc3+m/T5Jw8YQ0=,dTnmXNtE9ZMxTkSXDWbdHESoQqI=
-7,-24,p7YEcttb4MfRVSc3+m/T5Jw8YQ0=,dTnmXNtE9ZMxTkSXDWbdHESoQqI=
-10,-22,p7YEcttb4MfRVSc3+m/T5Jw8YQ0=,eXqRjMhSFnj612Md+wfjvjNfb9A=
-8,-22,p7YEcttb4MfRVSc3+m/T5Jw8YQ0=,dTnmXNtE9ZMxTkSXDWbdHESoQqI=
-4,-32,p7YEcttb4MfRVSc3+m/T5Jw8YQ0=,91X3WQh9q3pVpaKv8uwFiL6IOHk=
-11,-23,p7YEcttb4MfRVSc3+m/T5Jw8YQ0=,eXqRjMhSFnj612Md+wfjvjNfb9A=
-5,-32,p7YEcttb4MfRVSc3+m/T5Jw8YQ0=,91X3WQh9q3pVpaKv8uwFiL6IOHk=
-9,-22,p7YEcttb4MfRVSc3+m/T5Jw8YQ0=,eXqRjMhSFnj612Md+wfjvjNfb9A=
-9,-23,p7YEcttb4MfRVSc3+m/T5Jw8YQ0=,eXqRjMhSFnj612Md+wfjvjNfb9A=
-11,-21,p7YEcttb4MfRVSc3+m/T5Jw8YQ0=,eXqRjMhSFnj612Md+wfjvjNfb9A=
-10,-23,p7YEcttb4MfRVSc3+m/T5Jw8YQ0=,eXqRjMhSFnj612Md+wfjvjNfb9A=
-4,-26,p7YEcttb4MfRVSc3+m/T5Jw8YQ0=,91X3WQh9q3pVpaKv8uwFiL6IOHk=
-9,-20,p7YEcttb4MfRVSc3+m/T5Jw8YQ0=,eXqRjMhSFnj612Md+wfjvjNfb9A=
-10,-20,p7YEcttb4MfRVSc3+m/T5Jw8YQ0=,eXqRjMhSFnj612Md+wfjvjNfb9A=
-6,-26,p7YEcttb4MfRVSc3+m/T5Jw8YQ0=,91X3WQh9q3pVpaKv8uwFiL6IOHk=
-6,-28,p7YEcttb4MfRVSc3+m/T5Jw8YQ0=,91X3WQh9q3pVpaKv8uwFiL6IOHk=
-9,-24,p7YEcttb4MfRVSc3+m/T5Jw8YQ0=,eXqRjMhSFnj612Md+wfjvjNfb9A=
-10,-21,p7YEcttb4MfRVSc3+m/T5Jw8YQ0=,eXqRjMhSFnj612Md+wfjvjNfb9A=
-8,-28,p7YEcttb4MfRVSc3+m/T5Jw8YQ0=,91X3WQh9q3pVpaKv8uwFiL6IOHk=
-5,-26,p7YEcttb4MfRVSc3+m/T5Jw8YQ0=,91X3WQh9q3pVpaKv8uwFiL6IOHk=
-7,-28,p7YEcttb4MfRVSc3+m/T5Jw8YQ0=,91X3WQh9q3pVpaKv8uwFiL6IOHk=
-11,-24,p7YEcttb4MfRVSc3+m/T5Jw8YQ0=,eXqRjMhSFnj612Md+wfjvjNfb9A=
-5,-20,p7YEcttb4MfRVSc3+m/T5Jw8YQ0=,dTnmXNtE9ZMxTkSXDWbdHESoQqI=
-11,-20,p7YEcttb4MfRVSc3+m/T5Jw8YQ0=,eXqRjMhSFnj612Md+wfjvjNfb9A=
-10,-24,p7YEcttb4MfRVSc3+m/T5Jw8YQ0=,eXqRjMhSFnj612Md+wfjvjNfb9A=
-4,-20,p7YEcttb4MfRVSc3+m/T5Jw8YQ0=,dTnmXNtE9ZMxTkSXDWbdHESoQqI=
-8,-26,p7YEcttb4MfRVSc3+m/T5Jw8YQ0=,91X3WQh9q3pVpaKv8uwFiL6IOHk=
-9,-25,p7YEcttb4MfRVSc3+m/T5Jw8YQ0=,XF/EKZwqsEspACC/fjdDFt01JYI=
-10,-25,p7YEcttb4MfRVSc3+m/T5Jw8YQ0=,XF/EKZwqsEspACC/fjdDFt01JYI=
-7,-26,p7YEcttb4MfRVSc3+m/T5Jw8YQ0=,91X3WQh9q3pVpaKv8uwFiL6IOHk=
-7,-20,p7YEcttb4MfRVSc3+m/T5Jw8YQ0=,dTnmXNtE9ZMxTkSXDWbdHESoQqI=
-6,-20,p7YEcttb4MfRVSc3+m/T5Jw8YQ0=,dTnmXNtE9ZMxTkSXDWbdHESoQqI=
-8,-20,p7YEcttb4MfRVSc3+m/T5Jw8YQ0=,dTnmXNtE9ZMxTkSXDWbdHESoQqI=
-9,-26,p7YEcttb4MfRVSc3+m/T5Jw8YQ0=,XF/EKZwqsEspACC/fjdDFt01JYI=
-11,-25,p7YEcttb4MfRVSc3+m/T5Jw8YQ0=,XF/EKZwqsEspACC/fjdDFt01JYI=
-4,-23,p7YEcttb4MfRVSc3+m/T5Jw8YQ0=,dTnmXNtE9ZMxTkSXDWbdHESoQqI=
-5,-24,p7YEcttb4MfRVSc3+m/T5Jw8YQ0=,dTnmXNtE9ZMxTkSXDWbdHESoQqI=
-6,-22,p7YEcttb4MfRVSc3+m/T5Jw8YQ0=,dTnmXNtE9ZMxTkSXDWbdHESoQqI=
-4,-27,p7YEcttb4MfRVSc3+m/T5Jw8YQ0=,91X3WQh9q3pVpaKv8uwFiL6IOHk=
-6,-27,p7YEcttb4MfRVSc3+m/T5Jw8YQ0=,91X3WQh9q3pVpaKv8uwFiL6IOHk=
-4,-24,p7YEcttb4MfRVSc3+m/T5Jw8YQ0=,dTnmXNtE9ZMxTkSXDWbdHESoQqI=
-10,-26,p7YEcttb4MfRVSc3+m/T5Jw8YQ0=,XF/EKZwqsEspACC/fjdDFt01JYI=
-4,-21,p7YEcttb4MfRVSc3+m/T5Jw8YQ0=,dTnmXNtE9ZMxTkSXDWbdHESoQqI=
-5,-27,p7YEcttb4MfRVSc3+m/T5Jw8YQ0=,91X3WQh9q3pVpaKv8uwFiL6IOHk=
-11,-26,p7YEcttb4MfRVSc3+m/T5Jw8YQ0=,XF/EKZwqsEspACC/fjdDFt01JYI=
-5,-21,p7YEcttb4MfRVSc3+m/T5Jw8YQ0=,dTnmXNtE9ZMxTkSXDWbdHESoQqI=
-7,-27,p7YEcttb4MfRVSc3+m/T5Jw8YQ0=,91X3WQh9q3pVpaKv8uwFiL6IOHk=
-5,-22,p7YEcttb4MfRVSc3+m/T5Jw8YQ0=,dTnmXNtE9ZMxTkSXDWbdHESoQqI=
-10,-27,p7YEcttb4MfRVSc3+m/T5Jw8YQ0=,XF/EKZwqsEspACC/fjdDFt01JYI=
-11,-27,p7YEcttb4MfRVSc3+m/T5Jw8YQ0=,XF/EKZwqsEspACC/fjdDFt01JYI=
-8,-21,p7YEcttb4MfRVSc3+m/T5Jw8YQ0=,dTnmXNtE9ZMxTkSXDWbdHESoQqI=
-8,-27,p7YEcttb4MfRVSc3+m/T5Jw8YQ0=,91X3WQh9q3pVpaKv8uwFiL6IOHk=
-7,-21,p7YEcttb4MfRVSc3+m/T5Jw8YQ0=,dTnmXNtE9ZMxTkSXDWbdHESoQqI=
-6,-21,p7YEcttb4MfRVSc3+m/T5Jw8YQ0=,dTnmXNtE9ZMxTkSXDWbdHESoQqI=
-7,-23,p7YEcttb4MfRVSc3+m/T5Jw8YQ0=,dTnmXNtE9ZMxTkSXDWbdHESoQqI=
-6,-24,p7YEcttb4MfRVSc3+m/T5Jw8YQ0=,dTnmXNtE9ZMxTkSXDWbdHESoQqI=
-4,-17,p7YEcttb4MfRVSc3+m/T5Jw8YQ0=,dTnmXNtE9ZMxTkSXDWbdHESoQqI=
-9,-27,p7YEcttb4MfRVSc3+m/T5Jw8YQ0=,XF/EKZwqsEspACC/fjdDFt01JYI=
-4,-19,p7YEcttb4MfRVSc3+m/T5Jw8YQ0=,dTnmXNtE9ZMxTkSXDWbdHESoQqI=
-7,-25,p7YEcttb4MfRVSc3+m/T5Jw8YQ0=,91X3WQh9q3pVpaKv8uwFiL6IOHk=
-8,-25,p7YEcttb4MfRVSc3+m/T5Jw8YQ0=,91X3WQh9q3pVpaKv8uwFiL6IOHk=
-5,-19,p7YEcttb4MfRVSc3+m/T5Jw8YQ0=,dTnmXNtE9ZMxTkSXDWbdHESoQqI=
-9,-21,p7YEcttb4MfRVSc3+m/T5Jw8YQ0=,eXqRjMhSFnj612Md+wfjvjNfb9A=
-5,-17,p7YEcttb4MfRVSc3+m/T5Jw8YQ0=,dTnmXNtE9ZMxTkSXDWbdHESoQqI=
-5,-18,p7YEcttb4MfRVSc3+m/T5Jw8YQ0=,dTnmXNtE9ZMxTkSXDWbdHESoQqI=
-4,-18,p7YEcttb4MfRVSc3+m/T5Jw8YQ0=,dTnmXNtE9ZMxTkSXDWbdHESoQqI=
-4,-22,p7YEcttb4MfRVSc3+m/T5Jw8YQ0=,dTnmXNtE9ZMxTkSXDWbdHESoQqI=
-6,-25,p7YEcttb4MfRVSc3+m/T5Jw8YQ0=,91X3WQh9q3pVpaKv8uwFiL6IOHk=
-6,-23,p7YEcttb4MfRVSc3+m/T5Jw8YQ0=,dTnmXNtE9ZMxTkSXDWbdHESoQqI=
-5,-23,p7YEcttb4MfRVSc3+m/T5Jw8YQ0=,dTnmXNtE9ZMxTkSXDWbdHESoQqI=
-5,-29,p7YEcttb4MfRVSc3+m/T5Jw8YQ0=,91X3WQh9q3pVpaKv8uwFiL6IOHk=
-3,-29,5omCwRdD8K0AgO1dAKlroVdq/vo=,91X3WQh9q3pVpaKv8uwFiL6IOHk=
-2,-29,5omCwRdD8K0AgO1dAKlroVdq/vo=,91X3WQh9q3pVpaKv8uwFiL6IOHk=
-1,-29,5omCwRdD8K0AgO1dAKlroVdq/vo=,91X3WQh9q3pVpaKv8uwFiL6IOHk=
-3,-28,5omCwRdD8K0AgO1dAKlroVdq/vo=,91X3WQh9q3pVpaKv8uwFiL6IOHk=
-2,-28,5omCwRdD8K0AgO1dAKlroVdq/vo=,91X3WQh9q3pVpaKv8uwFiL6IOHk=
-1,-28,5omCwRdD8K0AgO1dAKlroVdq/vo=,91X3WQh9q3pVpaKv8uwFiL6IOHk=
-1,-30,5omCwRdD8K0AgO1dAKlroVdq/vo=,91X3WQh9q3pVpaKv8uwFiL6IOHk=
-3,-30,QsflkicXExHKSVPrChygWmNNnQQ=,91X3WQh9q3pVpaKv8uwFiL6IOHk=
-2,-30,QsflkicXExHKSVPrChygWmNNnQQ=,91X3WQh9q3pVpaKv8uwFiL6IOHk=
-2,-31,QsflkicXExHKSVPrChygWmNNnQQ=,91X3WQh9q3pVpaKv8uwFiL6IOHk=
-1,-32,QsflkicXExHKSVPrChygWmNNnQQ=,91X3WQh9q3pVpaKv8uwFiL6IOHk=
-3,-32,QsflkicXExHKSVPrChygWmNNnQQ=,91X3WQh9q3pVpaKv8uwFiL6IOHk=
-1,-31,QsflkicXExHKSVPrChygWmNNnQQ=,91X3WQh9q3pVpaKv8uwFiL6IOHk=
-2,-32,QsflkicXExHKSVPrChygWmNNnQQ=,91X3WQh9q3pVpaKv8uwFiL6IOHk=
-3,-31,QsflkicXExHKSVPrChygWmNNnQQ=,91X3WQh9q3pVpaKv8uwFiL6IOHk=
-15,-29,KwsS8wIAiPH7izeFkfA/nhh/wco=,XF/EKZwqsEspACC/fjdDFt01JYI=
-14,-29,KwsS8wIAiPH7izeFkfA/nhh/wco=,XF/EKZwqsEspACC/fjdDFt01JYI=
-16,-28,KwsS8wIAiPH7izeFkfA/nhh/wco=,XF/EKZwqsEspACC/fjdDFt01JYI=
-15,-28,KwsS8wIAiPH7izeFkfA/nhh/wco=,XF/EKZwqsEspACC/fjdDFt01JYI=
-14,-28,KwsS8wIAiPH7izeFkfA/nhh/wco=,XF/EKZwqsEspACC/fjdDFt01JYI=
-16,-29,KwsS8wIAiPH7izeFkfA/nhh/wco=,XF/EKZwqsEspACC/fjdDFt01JYI=
-14,-21,KwsS8wIAiPH7izeFkfA/nhh/wco=,eXqRjMhSFnj612Md+wfjvjNfb9A=
-15,-21,KwsS8wIAiPH7izeFkfA/nhh/wco=,eXqRjMhSFnj612Md+wfjvjNfb9A=
-15,-22,wnjBX7taIjf+FPR9nTdi1r85w6c=,eXqRjMhSFnj612Md+wfjvjNfb9A=
-14,-22,wnjBX7taIjf+FPR9nTdi1r85w6c=,eXqRjMhSFnj612Md+wfjvjNfb9A=
-16,-21,wnjBX7taIjf+FPR9nTdi1r85w6c=,eXqRjMhSFnj612Md+wfjvjNfb9A=
-16,-27,wnjBX7taIjf+FPR9nTdi1r85w6c=,XF/EKZwqsEspACC/fjdDFt01JYI=
-16,-22,wnjBX7taIjf+FPR9nTdi1r85w6c=,eXqRjMhSFnj612Md+wfjvjNfb9A=
-16,-23,wnjBX7taIjf+FPR9nTdi1r85w6c=,eXqRjMhSFnj612Md+wfjvjNfb9A=
-15,-23,wnjBX7taIjf+FPR9nTdi1r85w6c=,eXqRjMhSFnj612Md+wfjvjNfb9A=
-14,-24,wnjBX7taIjf+FPR9nTdi1r85w6c=,eXqRjMhSFnj612Md+wfjvjNfb9A=
-16,-24,wnjBX7taIjf+FPR9nTdi1r85w6c=,eXqRjMhSFnj612Md+wfjvjNfb9A=
-14,-23,wnjBX7taIjf+FPR9nTdi1r85w6c=,eXqRjMhSFnj612Md+wfjvjNfb9A=
-15,-24,wnjBX7taIjf+FPR9nTdi1r85w6c=,eXqRjMhSFnj612Md+wfjvjNfb9A=
-14,-25,wnjBX7taIjf+FPR9nTdi1r85w6c=,XF/EKZwqsEspACC/fjdDFt01JYI=
-15,-20,wnjBX7taIjf+FPR9nTdi1r85w6c=,eXqRjMhSFnj612Md+wfjvjNfb9A=
-15,-27,wnjBX7taIjf+FPR9nTdi1r85w6c=,XF/EKZwqsEspACC/fjdDFt01JYI=
-14,-20,wnjBX7taIjf+FPR9nTdi1r85w6c=,eXqRjMhSFnj612Md+wfjvjNfb9A=
-15,-25,wnjBX7taIjf+FPR9nTdi1r85w6c=,XF/EKZwqsEspACC/fjdDFt01JYI=
-16,-20,wnjBX7taIjf+FPR9nTdi1r85w6c=,eXqRjMhSFnj612Md+wfjvjNfb9A=
-14,-26,wnjBX7taIjf+FPR9nTdi1r85w6c=,XF/EKZwqsEspACC/fjdDFt01JYI=
-16,-25,wnjBX7taIjf+FPR9nTdi1r85w6c=,XF/EKZwqsEspACC/fjdDFt01JYI=
-16,-26,wnjBX7taIjf+FPR9nTdi1r85w6c=,XF/EKZwqsEspACC/fjdDFt01JYI=
-15,-26,wnjBX7taIjf+FPR9nTdi1r85w6c=,XF/EKZwqsEspACC/fjdDFt01JYI=
-14,-27,wnjBX7taIjf+FPR9nTdi1r85w6c=,XF/EKZwqsEspACC/fjdDFt01JYI=
-1,-19,wnjBX7taIjf+FPR9nTdi1r85w6c=,dTnmXNtE9ZMxTkSXDWbdHESoQqI=
-3,-19,wnjBX7taIjf+FPR9nTdi1r85w6c=,dTnmXNtE9ZMxTkSXDWbdHESoQqI=
-2,-19,wnjBX7taIjf+FPR9nTdi1r85w6c=,dTnmXNtE9ZMxTkSXDWbdHESoQqI=
-1,-26,wnjBX7taIjf+FPR9nTdi1r85w6c=,91X3WQh9q3pVpaKv8uwFiL6IOHk=
-2,-18,wnjBX7taIjf+FPR9nTdi1r85w6c=,dTnmXNtE9ZMxTkSXDWbdHESoQqI=
-1,-18,wnjBX7taIjf+FPR9nTdi1r85w6c=,dTnmXNtE9ZMxTkSXDWbdHESoQqI=
-2,-26,wnjBX7taIjf+FPR9nTdi1r85w6c=,91X3WQh9q3pVpaKv8uwFiL6IOHk=
-1,-24,wnjBX7taIjf+FPR9nTdi1r85w6c=,dTnmXNtE9ZMxTkSXDWbdHESoQqI=
-1,-17,wnjBX7taIjf+FPR9nTdi1r85w6c=,dTnmXNtE9ZMxTkSXDWbdHESoQqI=
-1,-20,wnjBX7taIjf+FPR9nTdi1r85w6c=,dTnmXNtE9ZMxTkSXDWbdHESoQqI=
-2,-17,wnjBX7taIjf+FPR9nTdi1r85w6c=,dTnmXNtE9ZMxTkSXDWbdHESoQqI=
-3,-20,wnjBX7taIjf+FPR9nTdi1r85w6c=,dTnmXNtE9ZMxTkSXDWbdHESoQqI=
-2,-24,wnjBX7taIjf+FPR9nTdi1r85w6c=,dTnmXNtE9ZMxTkSXDWbdHESoQqI=
-2,-20,tnlxNo0PTexvk4heWFD/+x4meRg=,dTnmXNtE9ZMxTkSXDWbdHESoQqI=
-3,-17,tnlxNo0PTexvk4heWFD/+x4meRg=,dTnmXNtE9ZMxTkSXDWbdHESoQqI=
-3,-25,tnlxNo0PTexvk4heWFD/+x4meRg=,91X3WQh9q3pVpaKv8uwFiL6IOHk=
-3,-18,tnlxNo0PTexvk4heWFD/+x4meRg=,dTnmXNtE9ZMxTkSXDWbdHESoQqI=
-1,-27,tnlxNo0PTexvk4heWFD/+x4meRg=,91X3WQh9q3pVpaKv8uwFiL6IOHk=
-1,-23,tnlxNo0PTexvk4heWFD/+x4meRg=,dTnmXNtE9ZMxTkSXDWbdHESoQqI=
-3,-27,tnlxNo0PTexvk4heWFD/+x4meRg=,91X3WQh9q3pVpaKv8uwFiL6IOHk=
-2,-23,tnlxNo0PTexvk4heWFD/+x4meRg=,dTnmXNtE9ZMxTkSXDWbdHESoQqI=
-3,-26,tnlxNo0PTexvk4heWFD/+x4meRg=,91X3WQh9q3pVpaKv8uwFiL6IOHk=
-2,-25,tnlxNo0PTexvk4heWFD/+x4meRg=,91X3WQh9q3pVpaKv8uwFiL6IOHk=
-1,-22,tnlxNo0PTexvk4heWFD/+x4meRg=,dTnmXNtE9ZMxTkSXDWbdHESoQqI=
-1,-21,tnlxNo0PTexvk4heWFD/+x4meRg=,dTnmXNtE9ZMxTkSXDWbdHESoQqI=
-2,-22,tnlxNo0PTexvk4heWFD/+x4meRg=,dTnmXNtE9ZMxTkSXDWbdHESoQqI=
-3,-24,tnlxNo0PTexvk4heWFD/+x4meRg=,dTnmXNtE9ZMxTkSXDWbdHESoQqI=
-3,-22,tnlxNo0PTexvk4heWFD/+x4meRg=,dTnmXNtE9ZMxTkSXDWbdHESoQqI=
-3,-21,tnlxNo0PTexvk4heWFD/+x4meRg=,dTnmXNtE9ZMxTkSXDWbdHESoQqI=
-3,-23,tnlxNo0PTexvk4heWFD/+x4meRg=,dTnmXNtE9ZMxTkSXDWbdHESoQqI=
-2,-27,tnlxNo0PTexvk4heWFD/+x4meRg=,91X3WQh9q3pVpaKv8uwFiL6IOHk=
-1,-25,tnlxNo0PTexvk4heWFD/+x4meRg=,91X3WQh9q3pVpaKv8uwFiL6IOHk=
-13,-17,tnlxNo0PTexvk4heWFD/+x4meRg=,eXqRjMhSFnj612Md+wfjvjNfb9A=
-8,-17,tnlxNo0PTexvk4heWFD/+x4meRg=,dTnmXNtE9ZMxTkSXDWbdHESoQqI=
-9,-17,tnlxNo0PTexvk4heWFD/+x4meRg=,eXqRjMhSFnj612Md+wfjvjNfb9A=
-16,-17,tnlxNo0PTexvk4heWFD/+x4meRg=,eXqRjMhSFnj612Md+wfjvjNfb9A=
-15,-17,tnlxNo0PTexvk4heWFD/+x4meRg=,eXqRjMhSFnj612Md+wfjvjNfb9A=
-9,-18,tnlxNo0PTexvk4heWFD/+x4meRg=,eXqRjMhSFnj612Md+wfjvjNfb9A=
-14,-19,tnlxNo0PTexvk4heWFD/+x4meRg=,eXqRjMhSFnj612Md+wfjvjNfb9A=
-14,-17,tnlxNo0PTexvk4heWFD/+x4meRg=,eXqRjMhSFnj612Md+wfjvjNfb9A=
-12,-19,tnlxNo0PTexvk4heWFD/+x4meRg=,eXqRjMhSFnj612Md+wfjvjNfb9A=
-11,-18,tnlxNo0PTexvk4heWFD/+x4meRg=,eXqRjMhSFnj612Md+wfjvjNfb9A=
-15,-19,tnlxNo0PTexvk4heWFD/+x4meRg=,eXqRjMhSFnj612Md+wfjvjNfb9A=
-8,-19,tnlxNo0PTexvk4heWFD/+x4meRg=,dTnmXNtE9ZMxTkSXDWbdHESoQqI=
-13,-19,tnlxNo0PTexvk4heWFD/+x4meRg=,eXqRjMhSFnj612Md+wfjvjNfb9A=
-6,-17,tnlxNo0PTexvk4heWFD/+x4meRg=,dTnmXNtE9ZMxTkSXDWbdHESoQqI=
-10,-18,tnlxNo0PTexvk4heWFD/+x4meRg=,eXqRjMhSFnj612Md+wfjvjNfb9A=
-12,-18,tnlxNo0PTexvk4heWFD/+x4meRg=,eXqRjMhSFnj612Md+wfjvjNfb9A=
-7,-19,tnlxNo0PTexvk4heWFD/+x4meRg=,dTnmXNtE9ZMxTkSXDWbdHESoQqI=
-7,-17,tnlxNo0PTexvk4heWFD/+x4meRg=,dTnmXNtE9ZMxTkSXDWbdHESoQqI=
-10,-19,tnlxNo0PTexvk4heWFD/+x4meRg=,eXqRjMhSFnj612Md+wfjvjNfb9A=
-6,-18,tnlxNo0PTexvk4heWFD/+x4meRg=,dTnmXNtE9ZMxTkSXDWbdHESoQqI=
-11,-19,tnlxNo0PTexvk4heWFD/+x4meRg=,eXqRjMhSFnj612Md+wfjvjNfb9A=
-16,-18,tnlxNo0PTexvk4heWFD/+x4meRg=,eXqRjMhSFnj612Md+wfjvjNfb9A=
-16,-19,tnlxNo0PTexvk4heWFD/+x4meRg=,eXqRjMhSFnj612Md+wfjvjNfb9A=
-7,-18,tnlxNo0PTexvk4heWFD/+x4meRg=,dTnmXNtE9ZMxTkSXDWbdHESoQqI=
-6,-19,tnlxNo0PTexvk4heWFD/+x4meRg=,dTnmXNtE9ZMxTkSXDWbdHESoQqI=
-12,-17,tnlxNo0PTexvk4heWFD/+x4meRg=,eXqRjMhSFnj612Md+wfjvjNfb9A=
-13,-18,tnlxNo0PTexvk4heWFD/+x4meRg=,eXqRjMhSFnj612Md+wfjvjNfb9A=
-9,-19,tnlxNo0PTexvk4heWFD/+x4meRg=,eXqRjMhSFnj612Md+wfjvjNfb9A=
-14,-18,tnlxNo0PTexvk4heWFD/+x4meRg=,eXqRjMhSFnj612Md+wfjvjNfb9A=
-15,-18,tnlxNo0PTexvk4heWFD/+x4meRg=,eXqRjMhSFnj612Md+wfjvjNfb9A=
-11,-17,tnlxNo0PTexvk4heWFD/+x4meRg=,eXqRjMhSFnj612Md+wfjvjNfb9A=
-8,-18,tnlxNo0PTexvk4heWFD/+x4meRg=,dTnmXNtE9ZMxTkSXDWbdHESoQqI=
-14,-32,tnlxNo0PTexvk4heWFD/+x4meRg=,XF/EKZwqsEspACC/fjdDFt01JYI=
-14,-30,tnlxNo0PTexvk4heWFD/+x4meRg=,XF/EKZwqsEspACC/fjdDFt01JYI=
-14,-31,tnlxNo0PTexvk4heWFD/+x4meRg=,XF/EKZwqsEspACC/fjdDFt01JYI=
-15,-31,tnlxNo0PTexvk4heWFD/+x4meRg=,XF/EKZwqsEspACC/fjdDFt01JYI=
-16,-32,tnlxNo0PTexvk4heWFD/+x4meRg=,XF/EKZwqsEspACC/fjdDFt01JYI=
-15,-30,tnlxNo0PTexvk4heWFD/+x4meRg=,XF/EKZwqsEspACC/fjdDFt01JYI=
-16,-30,tnlxNo0PTexvk4heWFD/+x4meRg=,XF/EKZwqsEspACC/fjdDFt01JYI=
-16,-31,tnlxNo0PTexvk4heWFD/+x4meRg=,XF/EKZwqsEspACC/fjdDFt01JYI=
-15,-32,tnlxNo0PTexvk4heWFD/+x4meRg=,XF/EKZwqsEspACC/fjdDFt01JYI=
-2,-21,tnlxNo0PTexvk4heWFD/+x4meRg=,dTnmXNtE9ZMxTkSXDWbdHESoQqI=
-10,-17,tnlxNo0PTexvk4heWFD/+x4meRg=,eXqRjMhSFnj612Md+wfjvjNfb9A=
-28,-29,4dF/5PfWZrIIwb4gkDiCDjNf18Q=,Sl3jVjBea/VsppvzAA/mmjdKfBc=
-29,-29,4dF/5PfWZrIIwb4gkDiCDjNf18Q=,Sl3jVjBea/VsppvzAA/mmjdKfBc=
-28,-28,4dF/5PfWZrIIwb4gkDiCDjNf18Q=,Sl3jVjBea/VsppvzAA/mmjdKfBc=
-29,-28,4dF/5PfWZrIIwb4gkDiCDjNf18Q=,Sl3jVjBea/VsppvzAA/mmjdKfBc=
-20,-28,ZfGBWshUr6YqAaLP8P89D6f8zws=,eXqRjMhSFnj612Md+wfjvjNfb9A=
-20,-29,ZfGBWshUr6YqAaLP8P89D6f8zws=,eXqRjMhSFnj612Md+wfjvjNfb9A=
-26,-29,ZfGBWshUr6YqAaLP8P89D6f8zws=,Sl3jVjBea/VsppvzAA/mmjdKfBc=
-21,-29,ZfGBWshUr6YqAaLP8P89D6f8zws=,eXqRjMhSFnj612Md+wfjvjNfb9A=
-25,-29,ZfGBWshUr6YqAaLP8P89D6f8zws=,Sl3jVjBea/VsppvzAA/mmjdKfBc=
-22,-29,ZfGBWshUr6YqAaLP8P89D6f8zws=,eXqRjMhSFnj612Md+wfjvjNfb9A=
-23,-29,ZfGBWshUr6YqAaLP8P89D6f8zws=,eXqRjMhSFnj612Md+wfjvjNfb9A=
-24,-28,ZfGBWshUr6YqAaLP8P89D6f8zws=,eXqRjMhSFnj612Md+wfjvjNfb9A=
-27,-28,ZfGBWshUr6YqAaLP8P89D6f8zws=,Sl3jVjBea/VsppvzAA/mmjdKfBc=
-24,-29,ZfGBWshUr6YqAaLP8P89D6f8zws=,eXqRjMhSFnj612Md+wfjvjNfb9A=
-23,-28,ZfGBWshUr6YqAaLP8P89D6f8zws=,eXqRjMhSFnj612Md+wfjvjNfb9A=
-21,-28,ZfGBWshUr6YqAaLP8P89D6f8zws=,eXqRjMhSFnj612Md+wfjvjNfb9A=
-26,-28,ZfGBWshUr6YqAaLP8P89D6f8zws=,Sl3jVjBea/VsppvzAA/mmjdKfBc=
-25,-28,ZfGBWshUr6YqAaLP8P89D6f8zws=,Sl3jVjBea/VsppvzAA/mmjdKfBc=
-22,-28,ZfGBWshUr6YqAaLP8P89D6f8zws=,eXqRjMhSFnj612Md+wfjvjNfb9A=
-27,-29,ZfGBWshUr6YqAaLP8P89D6f8zws=,Sl3jVjBea/VsppvzAA/mmjdKfBc=
-20,-32,UJ0xD7lSQ23bg5iTMKXyBc2H7sw=,eXqRjMhSFnj612Md+wfjvjNfb9A=
-20,-30,UJ0xD7lSQ23bg5iTMKXyBc2H7sw=,eXqRjMhSFnj612Md+wfjvjNfb9A=
-21,-30,UJ0xD7lSQ23bg5iTMKXyBc2H7sw=,eXqRjMhSFnj612Md+wfjvjNfb9A=
-21,-31,UJ0xD7lSQ23bg5iTMKXyBc2H7sw=,eXqRjMhSFnj612Md+wfjvjNfb9A=
-21,-32,UJ0xD7lSQ23bg5iTMKXyBc2H7sw=,eXqRjMhSFnj612Md+wfjvjNfb9A=
-20,-31,UJ0xD7lSQ23bg5iTMKXyBc2H7sw=,eXqRjMhSFnj612Md+wfjvjNfb9A=
-30,-29,m6l/7ly/oiE4IBEB+Gm9nClA55Q=,Sl3jVjBea/VsppvzAA/mmjdKfBc=
-32,-29,m6l/7ly/oiE4IBEB+Gm9nClA55Q=,Sl3jVjBea/VsppvzAA/mmjdKfBc=
-30,-28,m6l/7ly/oiE4IBEB+Gm9nClA55Q=,Sl3jVjBea/VsppvzAA/mmjdKfBc=
-31,-28,m6l/7ly/oiE4IBEB+Gm9nClA55Q=,Sl3jVjBea/VsppvzAA/mmjdKfBc=
-32,-28,m6l/7ly/oiE4IBEB+Gm9nClA55Q=,Sl3jVjBea/VsppvzAA/mmjdKfBc=
-31,-29,m6l/7ly/oiE4IBEB+Gm9nClA55Q=,Sl3jVjBea/VsppvzAA/mmjdKfBc=
-27,-30,+h55+HV6V3ZoNQ2+I/M0yPx8ErM=,Sl3jVjBea/VsppvzAA/mmjdKfBc=
-29,-32,+h55+HV6V3ZoNQ2+I/M0yPx8ErM=,Sl3jVjBea/VsppvzAA/mmjdKfBc=
-28,-30,+h55+HV6V3ZoNQ2+I/M0yPx8ErM=,Sl3jVjBea/VsppvzAA/mmjdKfBc=
-28,-32,+h55+HV6V3ZoNQ2+I/M0yPx8ErM=,Sl3jVjBea/VsppvzAA/mmjdKfBc=
-25,-31,+h55+HV6V3ZoNQ2+I/M0yPx8ErM=,Sl3jVjBea/VsppvzAA/mmjdKfBc=
-22,-32,+h55+HV6V3ZoNQ2+I/M0yPx8ErM=,eXqRjMhSFnj612Md+wfjvjNfb9A=
-26,-30,+h55+HV6V3ZoNQ2+I/M0yPx8ErM=,Sl3jVjBea/VsppvzAA/mmjdKfBc=
-27,-31,+h55+HV6V3ZoNQ2+I/M0yPx8ErM=,Sl3jVjBea/VsppvzAA/mmjdKfBc=
-26,-31,+h55+HV6V3ZoNQ2+I/M0yPx8ErM=,Sl3jVjBea/VsppvzAA/mmjdKfBc=
-25,-30,+h55+HV6V3ZoNQ2+I/M0yPx8ErM=,Sl3jVjBea/VsppvzAA/mmjdKfBc=
-23,-32,+h55+HV6V3ZoNQ2+I/M0yPx8ErM=,eXqRjMhSFnj612Md+wfjvjNfb9A=
-24,-32,+h55+HV6V3ZoNQ2+I/M0yPx8ErM=,eXqRjMhSFnj612Md+wfjvjNfb9A=
-24,-31,+h55+HV6V3ZoNQ2+I/M0yPx8ErM=,eXqRjMhSFnj612Md+wfjvjNfb9A=
-22,-30,+h55+HV6V3ZoNQ2+I/M0yPx8ErM=,eXqRjMhSFnj612Md+wfjvjNfb9A=
-23,-31,+h55+HV6V3ZoNQ2+I/M0yPx8ErM=,eXqRjMhSFnj612Md+wfjvjNfb9A=
-23,-30,+h55+HV6V3ZoNQ2+I/M0yPx8ErM=,eXqRjMhSFnj612Md+wfjvjNfb9A=
-28,-31,+h55+HV6V3ZoNQ2+I/M0yPx8ErM=,Sl3jVjBea/VsppvzAA/mmjdKfBc=
-27,-32,+h55+HV6V3ZoNQ2+I/M0yPx8ErM=,Sl3jVjBea/VsppvzAA/mmjdKfBc=
-24,-30,+h55+HV6V3ZoNQ2+I/M0yPx8ErM=,eXqRjMhSFnj612Md+wfjvjNfb9A=
-29,-31,+h55+HV6V3ZoNQ2+I/M0yPx8ErM=,Sl3jVjBea/VsppvzAA/mmjdKfBc=
-26,-32,+h55+HV6V3ZoNQ2+I/M0yPx8ErM=,Sl3jVjBea/VsppvzAA/mmjdKfBc=
-25,-32,+h55+HV6V3ZoNQ2+I/M0yPx8ErM=,Sl3jVjBea/VsppvzAA/mmjdKfBc=
-22,-31,+h55+HV6V3ZoNQ2+I/M0yPx8ErM=,eXqRjMhSFnj612Md+wfjvjNfb9A=
-29,-30,+h55+HV6V3ZoNQ2+I/M0yPx8ErM=,Sl3jVjBea/VsppvzAA/mmjdKfBc=
-30,-30,+h55+HV6V3ZoNQ2+I/M0yPx8ErM=,Sl3jVjBea/VsppvzAA/mmjdKfBc=
-32,-32,+h55+HV6V3ZoNQ2+I/M0yPx8ErM=,Sl3jVjBea/VsppvzAA/mmjdKfBc=
-30,-31,+h55+HV6V3ZoNQ2+I/M0yPx8ErM=,Sl3jVjBea/VsppvzAA/mmjdKfBc=
-31,-31,+h55+HV6V3ZoNQ2+I/M0yPx8ErM=,Sl3jVjBea/VsppvzAA/mmjdKfBc=
-32,-31,+h55+HV6V3ZoNQ2+I/M0yPx8ErM=,Sl3jVjBea/VsppvzAA/mmjdKfBc=
-30,-32,+h55+HV6V3ZoNQ2+I/M0yPx8ErM=,Sl3jVjBea/VsppvzAA/mmjdKfBc=
-31,-32,+h55+HV6V3ZoNQ2+I/M0yPx8ErM=,Sl3jVjBea/VsppvzAA/mmjdKfBc=
-31,-30,+h55+HV6V3ZoNQ2+I/M0yPx8ErM=,Sl3jVjBea/VsppvzAA/mmjdKfBc=
-32,-30,+h55+HV6V3ZoNQ2+I/M0yPx8ErM=,Sl3jVjBea/VsppvzAA/mmjdKfBc=
-19,-28,Liq4V8Tf7owL3wWSowev5caojzo=,eXqRjMhSFnj612Md+wfjvjNfb9A=
-19,-29,Liq4V8Tf7owL3wWSowev5caojzo=,eXqRjMhSFnj612Md+wfjvjNfb9A=
-18,-29,Liq4V8Tf7owL3wWSowev5caojzo=,eXqRjMhSFnj612Md+wfjvjNfb9A=
-18,-30,Liq4V8Tf7owL3wWSowev5caojzo=,eXqRjMhSFnj612Md+wfjvjNfb9A=
-19,-30,Liq4V8Tf7owL3wWSowev5caojzo=,eXqRjMhSFnj612Md+wfjvjNfb9A=
-17,-29,Liq4V8Tf7owL3wWSowev5caojzo=,eXqRjMhSFnj612Md+wfjvjNfb9A=
-17,-28,Liq4V8Tf7owL3wWSowev5caojzo=,eXqRjMhSFnj612Md+wfjvjNfb9A=
-17,-32,Liq4V8Tf7owL3wWSowev5caojzo=,eXqRjMhSFnj612Md+wfjvjNfb9A=
-18,-28,Liq4V8Tf7owL3wWSowev5caojzo=,eXqRjMhSFnj612Md+wfjvjNfb9A=
-17,-30,Liq4V8Tf7owL3wWSowev5caojzo=,eXqRjMhSFnj612Md+wfjvjNfb9A=
-17,-31,Liq4V8Tf7owL3wWSowev5caojzo=,eXqRjMhSFnj612Md+wfjvjNfb9A=
-18,-32,Liq4V8Tf7owL3wWSowev5caojzo=,eXqRjMhSFnj612Md+wfjvjNfb9A=
-18,-31,Liq4V8Tf7owL3wWSowev5caojzo=,eXqRjMhSFnj612Md+wfjvjNfb9A=
-19,-31,Liq4V8Tf7owL3wWSowev5caojzo=,eXqRjMhSFnj612Md+wfjvjNfb9A=
-19,-32,Liq4V8Tf7owL3wWSowev5caojzo=,eXqRjMhSFnj612Md+wfjvjNfb9A=
-29,-21,C29p1GdQA11WA2xJA44uFzUN2c0=,Sl3jVjBea/VsppvzAA/mmjdKfBc=
-29,-17,C29p1GdQA11WA2xJA44uFzUN2c0=,Sl3jVjBea/VsppvzAA/mmjdKfBc=
-31,-19,C29p1GdQA11WA2xJA44uFzUN2c0=,Sl3jVjBea/VsppvzAA/mmjdKfBc=
-32,-19,C29p1GdQA11WA2xJA44uFzUN2c0=,Sl3jVjBea/VsppvzAA/mmjdKfBc=
-28,-22,C29p1GdQA11WA2xJA44uFzUN2c0=,Sl3jVjBea/VsppvzAA/mmjdKfBc=
-29,-22,C29p1GdQA11WA2xJA44uFzUN2c0=,Sl3jVjBea/VsppvzAA/mmjdKfBc=
-28,-23,C29p1GdQA11WA2xJA44uFzUN2c0=,Sl3jVjBea/VsppvzAA/mmjdKfBc=
-29,-23,C29p1GdQA11WA2xJA44uFzUN2c0=,Sl3jVjBea/VsppvzAA/mmjdKfBc=
-28,-25,C29p1GdQA11WA2xJA44uFzUN2c0=,Sl3jVjBea/VsppvzAA/mmjdKfBc=
-29,-19,C29p1GdQA11WA2xJA44uFzUN2c0=,Sl3jVjBea/VsppvzAA/mmjdKfBc=
-28,-18,C29p1GdQA11WA2xJA44uFzUN2c0=,Sl3jVjBea/VsppvzAA/mmjdKfBc=
-28,-24,C29p1GdQA11WA2xJA44uFzUN2c0=,Sl3jVjBea/VsppvzAA/mmjdKfBc=
-29,-24,C29p1GdQA11WA2xJA44uFzUN2c0=,Sl3jVjBea/VsppvzAA/mmjdKfBc=
-30,-24,C29p1GdQA11WA2xJA44uFzUN2c0=,Sl3jVjBea/VsppvzAA/mmjdKfBc=
-31,-21,C29p1GdQA11WA2xJA44uFzUN2c0=,Sl3jVjBea/VsppvzAA/mmjdKfBc=
-32,-21,WK9vq37LwwkpD00w9Zd6eSr378k=,Sl3jVjBea/VsppvzAA/mmjdKfBc=
-31,-17,WK9vq37LwwkpD00w9Zd6eSr378k=,Sl3jVjBea/VsppvzAA/mmjdKfBc=
-30,-23,WK9vq37LwwkpD00w9Zd6eSr378k=,Sl3jVjBea/VsppvzAA/mmjdKfBc=
-31,-22,WK9vq37LwwkpD00w9Zd6eSr378k=,Sl3jVjBea/VsppvzAA/mmjdKfBc=
-30,-19,WK9vq37LwwkpD00w9Zd6eSr378k=,Sl3jVjBea/VsppvzAA/mmjdKfBc=
-31,-23,WK9vq37LwwkpD00w9Zd6eSr378k=,Sl3jVjBea/VsppvzAA/mmjdKfBc=
-32,-17,WK9vq37LwwkpD00w9Zd6eSr378k=,Sl3jVjBea/VsppvzAA/mmjdKfBc=
-30,-21,WK9vq37LwwkpD00w9Zd6eSr378k=,Sl3jVjBea/VsppvzAA/mmjdKfBc=
-32,-23,WK9vq37LwwkpD00w9Zd6eSr378k=,Sl3jVjBea/VsppvzAA/mmjdKfBc=
-32,-22,WK9vq37LwwkpD00w9Zd6eSr378k=,Sl3jVjBea/VsppvzAA/mmjdKfBc=
-32,-24,WK9vq37LwwkpD00w9Zd6eSr378k=,Sl3jVjBea/VsppvzAA/mmjdKfBc=
-30,-22,WK9vq37LwwkpD00w9Zd6eSr378k=,Sl3jVjBea/VsppvzAA/mmjdKfBc=
-29,-25,WK9vq37LwwkpD00w9Zd6eSr378k=,Sl3jVjBea/VsppvzAA/mmjdKfBc=
-30,-25,WK9vq37LwwkpD00w9Zd6eSr378k=,Sl3jVjBea/VsppvzAA/mmjdKfBc=
-31,-25,WK9vq37LwwkpD00w9Zd6eSr378k=,Sl3jVjBea/VsppvzAA/mmjdKfBc=
-28,-19,WK9vq37LwwkpD00w9Zd6eSr378k=,Sl3jVjBea/VsppvzAA/mmjdKfBc=
-28,-21,WK9vq37LwwkpD00w9Zd6eSr378k=,Sl3jVjBea/VsppvzAA/mmjdKfBc=
-29,-18,WK9vq37LwwkpD00w9Zd6eSr378k=,Sl3jVjBea/VsppvzAA/mmjdKfBc=
-28,-26,WK9vq37LwwkpD00w9Zd6eSr378k=,Sl3jVjBea/VsppvzAA/mmjdKfBc=
-30,-26,WK9vq37LwwkpD00w9Zd6eSr378k=,Sl3jVjBea/VsppvzAA/mmjdKfBc=
-29,-26,WK9vq37LwwkpD00w9Zd6eSr378k=,Sl3jVjBea/VsppvzAA/mmjdKfBc=
-31,-26,WK9vq37LwwkpD00w9Zd6eSr378k=,Sl3jVjBea/VsppvzAA/mmjdKfBc=
-28,-27,WK9vq37LwwkpD00w9Zd6eSr378k=,Sl3jVjBea/VsppvzAA/mmjdKfBc=
-29,-27,WK9vq37LwwkpD00w9Zd6eSr378k=,Sl3jVjBea/VsppvzAA/mmjdKfBc=
-32,-26,WK9vq37LwwkpD00w9Zd6eSr378k=,Sl3jVjBea/VsppvzAA/mmjdKfBc=
-30,-27,WK9vq37LwwkpD00w9Zd6eSr378k=,Sl3jVjBea/VsppvzAA/mmjdKfBc=
-31,-27,WK9vq37LwwkpD00w9Zd6eSr378k=,Sl3jVjBea/VsppvzAA/mmjdKfBc=
-29,-20,WK9vq37LwwkpD00w9Zd6eSr378k=,Sl3jVjBea/VsppvzAA/mmjdKfBc=
-32,-27,WK9vq37LwwkpD00w9Zd6eSr378k=,Sl3jVjBea/VsppvzAA/mmjdKfBc=
-28,-17,WK9vq37LwwkpD00w9Zd6eSr378k=,Sl3jVjBea/VsppvzAA/mmjdKfBc=
-32,-25,WK9vq37LwwkpD00w9Zd6eSr378k=,Sl3jVjBea/VsppvzAA/mmjdKfBc=
-28,-20,WK9vq37LwwkpD00w9Zd6eSr378k=,Sl3jVjBea/VsppvzAA/mmjdKfBc=
-31,-20,WK9vq37LwwkpD00w9Zd6eSr378k=,Sl3jVjBea/VsppvzAA/mmjdKfBc=
-31,-18,WK9vq37LwwkpD00w9Zd6eSr378k=,Sl3jVjBea/VsppvzAA/mmjdKfBc=
-32,-18,WK9vq37LwwkpD00w9Zd6eSr378k=,Sl3jVjBea/VsppvzAA/mmjdKfBc=
-30,-20,WK9vq37LwwkpD00w9Zd6eSr378k=,Sl3jVjBea/VsppvzAA/mmjdKfBc=
-32,-20,WK9vq37LwwkpD00w9Zd6eSr378k=,Sl3jVjBea/VsppvzAA/mmjdKfBc=
-30,-18,WK9vq37LwwkpD00w9Zd6eSr378k=,Sl3jVjBea/VsppvzAA/mmjdKfBc=
-21,-25,WK9vq37LwwkpD00w9Zd6eSr378k=,eXqRjMhSFnj612Md+wfjvjNfb9A=
-21,-27,WK9vq37LwwkpD00w9Zd6eSr378k=,eXqRjMhSFnj612Md+wfjvjNfb9A=
-21,-20,WK9vq37LwwkpD00w9Zd6eSr378k=,Sl3jVjBea/VsppvzAA/mmjdKfBc=
-22,-20,WK9vq37LwwkpD00w9Zd6eSr378k=,Sl3jVjBea/VsppvzAA/mmjdKfBc=
-25,-22,WK9vq37LwwkpD00w9Zd6eSr378k=,Sl3jVjBea/VsppvzAA/mmjdKfBc=
-23,-25,WK9vq37LwwkpD00w9Zd6eSr378k=,eXqRjMhSFnj612Md+wfjvjNfb9A=
-24,-23,WK9vq37LwwkpD00w9Zd6eSr378k=,Sl3jVjBea/VsppvzAA/mmjdKfBc=
-18,-19,WK9vq37LwwkpD00w9Zd6eSr378k=,Sl3jVjBea/VsppvzAA/mmjdKfBc=
-25,-20,WK9vq37LwwkpD00w9Zd6eSr378k=,Sl3jVjBea/VsppvzAA/mmjdKfBc=
-18,-24,WK9vq37LwwkpD00w9Zd6eSr378k=,Sl3jVjBea/VsppvzAA/mmjdKfBc=
-24,-25,WK9vq37LwwkpD00w9Zd6eSr378k=,eXqRjMhSFnj612Md+wfjvjNfb9A=
-27,-22,WK9vq37LwwkpD00w9Zd6eSr378k=,Sl3jVjBea/VsppvzAA/mmjdKfBc=
-19,-24,WK9vq37LwwkpD00w9Zd6eSr378k=,Sl3jVjBea/VsppvzAA/mmjdKfBc=
-20,-24,WK9vq37LwwkpD00w9Zd6eSr378k=,Sl3jVjBea/VsppvzAA/mmjdKfBc=
-21,-19,WK9vq37LwwkpD00w9Zd6eSr378k=,Sl3jVjBea/VsppvzAA/mmjdKfBc=
-18,-23,WK9vq37LwwkpD00w9Zd6eSr378k=,Sl3jVjBea/VsppvzAA/mmjdKfBc=
-26,-22,WK9vq37LwwkpD00w9Zd6eSr378k=,Sl3jVjBea/VsppvzAA/mmjdKfBc=
-22,-24,WK9vq37LwwkpD00w9Zd6eSr378k=,Sl3jVjBea/VsppvzAA/mmjdKfBc=
-25,-17,WK9vq37LwwkpD00w9Zd6eSr378k=,Sl3jVjBea/VsppvzAA/mmjdKfBc=
-26,-23,WK9vq37LwwkpD00w9Zd6eSr378k=,Sl3jVjBea/VsppvzAA/mmjdKfBc=
-25,-23,WK9vq37LwwkpD00w9Zd6eSr378k=,Sl3jVjBea/VsppvzAA/mmjdKfBc=
-27,-23,WK9vq37LwwkpD00w9Zd6eSr378k=,Sl3jVjBea/VsppvzAA/mmjdKfBc=
-27,-17,WK9vq37LwwkpD00w9Zd6eSr378k=,Sl3jVjBea/VsppvzAA/mmjdKfBc=
-24,-22,WK9vq37LwwkpD00w9Zd6eSr378k=,Sl3jVjBea/VsppvzAA/mmjdKfBc=
-22,-27,WK9vq37LwwkpD00w9Zd6eSr378k=,eXqRjMhSFnj612Md+wfjvjNfb9A=
-23,-27,WK9vq37LwwkpD00w9Zd6eSr378k=,eXqRjMhSFnj612Md+wfjvjNfb9A=
-24,-20,WK9vq37LwwkpD00w9Zd6eSr378k=,Sl3jVjBea/VsppvzAA/mmjdKfBc=
-23,-21,WK9vq37LwwkpD00w9Zd6eSr378k=,Sl3jVjBea/VsppvzAA/mmjdKfBc=
-23,-20,WK9vq37LwwkpD00w9Zd6eSr378k=,Sl3jVjBea/VsppvzAA/mmjdKfBc=
-26,-17,WK9vq37LwwkpD00w9Zd6eSr378k=,Sl3jVjBea/VsppvzAA/mmjdKfBc=
-20,-19,WK9vq37LwwkpD00w9Zd6eSr378k=,Sl3jVjBea/VsppvzAA/mmjdKfBc=
-18,-25,WK9vq37LwwkpD00w9Zd6eSr378k=,eXqRjMhSFnj612Md+wfjvjNfb9A=
-19,-25,WK9vq37LwwkpD00w9Zd6eSr378k=,eXqRjMhSFnj612Md+wfjvjNfb9A=
-24,-27,WK9vq37LwwkpD00w9Zd6eSr378k=,eXqRjMhSFnj612Md+wfjvjNfb9A=
-23,-22,WK9vq37LwwkpD00w9Zd6eSr378k=,Sl3jVjBea/VsppvzAA/mmjdKfBc=
-22,-21,WK9vq37LwwkpD00w9Zd6eSr378k=,Sl3jVjBea/VsppvzAA/mmjdKfBc=
-19,-19,WK9vq37LwwkpD00w9Zd6eSr378k=,Sl3jVjBea/VsppvzAA/mmjdKfBc=
-17,-19,WK9vq37LwwkpD00w9Zd6eSr378k=,Sl3jVjBea/VsppvzAA/mmjdKfBc=
-25,-24,WK9vq37LwwkpD00w9Zd6eSr378k=,Sl3jVjBea/VsppvzAA/mmjdKfBc=
-25,-18,WK9vq37LwwkpD00w9Zd6eSr378k=,Sl3jVjBea/VsppvzAA/mmjdKfBc=
-20,-21,WK9vq37LwwkpD00w9Zd6eSr378k=,Sl3jVjBea/VsppvzAA/mmjdKfBc=
-26,-24,WK9vq37LwwkpD00w9Zd6eSr378k=,Sl3jVjBea/VsppvzAA/mmjdKfBc=
-27,-20,WK9vq37LwwkpD00w9Zd6eSr378k=,Sl3jVjBea/VsppvzAA/mmjdKfBc=
-27,-24,WK9vq37LwwkpD00w9Zd6eSr378k=,Sl3jVjBea/VsppvzAA/mmjdKfBc=
-17,-23,WK9vq37LwwkpD00w9Zd6eSr378k=,Sl3jVjBea/VsppvzAA/mmjdKfBc=
-19,-23,WK9vq37LwwkpD00w9Zd6eSr378k=,Sl3jVjBea/VsppvzAA/mmjdKfBc=
-19,-26,WK9vq37LwwkpD00w9Zd6eSr378k=,eXqRjMhSFnj612Md+wfjvjNfb9A=
-25,-25,WK9vq37LwwkpD00w9Zd6eSr378k=,Sl3jVjBea/VsppvzAA/mmjdKfBc=
-18,-26,WK9vq37LwwkpD00w9Zd6eSr378k=,eXqRjMhSFnj612Md+wfjvjNfb9A=
-22,-19,WK9vq37LwwkpD00w9Zd6eSr378k=,Sl3jVjBea/VsppvzAA/mmjdKfBc=
-24,-19,WK9vq37LwwkpD00w9Zd6eSr378k=,Sl3jVjBea/VsppvzAA/mmjdKfBc=
-20,-23,WK9vq37LwwkpD00w9Zd6eSr378k=,Sl3jVjBea/VsppvzAA/mmjdKfBc=
-22,-25,WK9vq37LwwkpD00w9Zd6eSr378k=,eXqRjMhSFnj612Md+wfjvjNfb9A=
-20,-26,WK9vq37LwwkpD00w9Zd6eSr378k=,eXqRjMhSFnj612Md+wfjvjNfb9A=
-24,-21,WK9vq37LwwkpD00w9Zd6eSr378k=,Sl3jVjBea/VsppvzAA/mmjdKfBc=
-26,-25,WK9vq37LwwkpD00w9Zd6eSr378k=,Sl3jVjBea/VsppvzAA/mmjdKfBc=
-27,-25,WK9vq37LwwkpD00w9Zd6eSr378k=,Sl3jVjBea/VsppvzAA/mmjdKfBc=
-17,-21,WK9vq37LwwkpD00w9Zd6eSr378k=,Sl3jVjBea/VsppvzAA/mmjdKfBc=
-21,-26,WK9vq37LwwkpD00w9Zd6eSr378k=,eXqRjMhSFnj612Md+wfjvjNfb9A=
-22,-26,WK9vq37LwwkpD00w9Zd6eSr378k=,eXqRjMhSFnj612Md+wfjvjNfb9A=
-23,-26,WK9vq37LwwkpD00w9Zd6eSr378k=,eXqRjMhSFnj612Md+wfjvjNfb9A=
-24,-26,WK9vq37LwwkpD00w9Zd6eSr378k=,eXqRjMhSFnj612Md+wfjvjNfb9A=
-27,-18,WK9vq37LwwkpD00w9Zd6eSr378k=,Sl3jVjBea/VsppvzAA/mmjdKfBc=
-19,-21,WK9vq37LwwkpD00w9Zd6eSr378k=,Sl3jVjBea/VsppvzAA/mmjdKfBc=
-22,-22,WK9vq37LwwkpD00w9Zd6eSr378k=,Sl3jVjBea/VsppvzAA/mmjdKfBc=
-26,-18,WK9vq37LwwkpD00w9Zd6eSr378k=,Sl3jVjBea/VsppvzAA/mmjdKfBc=
-17,-24,WK9vq37LwwkpD00w9Zd6eSr378k=,Sl3jVjBea/VsppvzAA/mmjdKfBc=
-23,-19,WK9vq37LwwkpD00w9Zd6eSr378k=,Sl3jVjBea/VsppvzAA/mmjdKfBc=
-26,-20,WK9vq37LwwkpD00w9Zd6eSr378k=,Sl3jVjBea/VsppvzAA/mmjdKfBc=
-17,-20,WK9vq37LwwkpD00w9Zd6eSr378k=,Sl3jVjBea/VsppvzAA/mmjdKfBc=
-20,-17,WK9vq37LwwkpD00w9Zd6eSr378k=,Sl3jVjBea/VsppvzAA/mmjdKfBc=
-20,-25,WK9vq37LwwkpD00w9Zd6eSr378k=,eXqRjMhSFnj612Md+wfjvjNfb9A=
-25,-26,WK9vq37LwwkpD00w9Zd6eSr378k=,Sl3jVjBea/VsppvzAA/mmjdKfBc=
-26,-26,WK9vq37LwwkpD00w9Zd6eSr378k=,Sl3jVjBea/VsppvzAA/mmjdKfBc=
-27,-26,WK9vq37LwwkpD00w9Zd6eSr378k=,Sl3jVjBea/VsppvzAA/mmjdKfBc=
-21,-17,WK9vq37LwwkpD00w9Zd6eSr378k=,Sl3jVjBea/VsppvzAA/mmjdKfBc=
-21,-21,WK9vq37LwwkpD00w9Zd6eSr378k=,Sl3jVjBea/VsppvzAA/mmjdKfBc=
-19,-22,WK9vq37LwwkpD00w9Zd6eSr378k=,Sl3jVjBea/VsppvzAA/mmjdKfBc=
-17,-25,WK9vq37LwwkpD00w9Zd6eSr378k=,eXqRjMhSFnj612Md+wfjvjNfb9A=
-18,-21,WK9vq37LwwkpD00w9Zd6eSr378k=,Sl3jVjBea/VsppvzAA/mmjdKfBc=
-17,-17,WK9vq37LwwkpD00w9Zd6eSr378k=,Sl3jVjBea/VsppvzAA/mmjdKfBc=
-20,-20,WK9vq37LwwkpD00w9Zd6eSr378k=,Sl3jVjBea/VsppvzAA/mmjdKfBc=
-21,-22,WK9vq37LwwkpD00w9Zd6eSr378k=,Sl3jVjBea/VsppvzAA/mmjdKfBc=
-24,-24,WK9vq37LwwkpD00w9Zd6eSr378k=,Sl3jVjBea/VsppvzAA/mmjdKfBc=
-23,-24,WK9vq37LwwkpD00w9Zd6eSr378k=,Sl3jVjBea/VsppvzAA/mmjdKfBc=
-18,-17,WK9vq37LwwkpD00w9Zd6eSr378k=,Sl3jVjBea/VsppvzAA/mmjdKfBc=
-22,-17,WK9vq37LwwkpD00w9Zd6eSr378k=,Sl3jVjBea/VsppvzAA/mmjdKfBc=
-21,-23,WK9vq37LwwkpD00w9Zd6eSr378k=,Sl3jVjBea/VsppvzAA/mmjdKfBc=
-20,-27,WK9vq37LwwkpD00w9Zd6eSr378k=,eXqRjMhSFnj612Md+wfjvjNfb9A=
-22,-23,WK9vq37LwwkpD00w9Zd6eSr378k=,Sl3jVjBea/VsppvzAA/mmjdKfBc=
-23,-23,WK9vq37LwwkpD00w9Zd6eSr378k=,Sl3jVjBea/VsppvzAA/mmjdKfBc=
-25,-27,WK9vq37LwwkpD00w9Zd6eSr378k=,Sl3jVjBea/VsppvzAA/mmjdKfBc=
-26,-27,WK9vq37LwwkpD00w9Zd6eSr378k=,Sl3jVjBea/VsppvzAA/mmjdKfBc=
-27,-27,WK9vq37LwwkpD00w9Zd6eSr378k=,Sl3jVjBea/VsppvzAA/mmjdKfBc=
-19,-17,WK9vq37LwwkpD00w9Zd6eSr378k=,Sl3jVjBea/VsppvzAA/mmjdKfBc=
-24,-17,WK9vq37LwwkpD00w9Zd6eSr378k=,Sl3jVjBea/VsppvzAA/mmjdKfBc=
-25,-21,WK9vq37LwwkpD00w9Zd6eSr378k=,Sl3jVjBea/VsppvzAA/mmjdKfBc=
-18,-20,WK9vq37LwwkpD00w9Zd6eSr378k=,Sl3jVjBea/VsppvzAA/mmjdKfBc=
-26,-21,WK9vq37LwwkpD00w9Zd6eSr378k=,Sl3jVjBea/VsppvzAA/mmjdKfBc=
-27,-21,WK9vq37LwwkpD00w9Zd6eSr378k=,Sl3jVjBea/VsppvzAA/mmjdKfBc=
-25,-19,WK9vq37LwwkpD00w9Zd6eSr378k=,Sl3jVjBea/VsppvzAA/mmjdKfBc=
-24,-18,WK9vq37LwwkpD00w9Zd6eSr378k=,Sl3jVjBea/VsppvzAA/mmjdKfBc=
-23,-17,WK9vq37LwwkpD00w9Zd6eSr378k=,Sl3jVjBea/VsppvzAA/mmjdKfBc=
-17,-22,WK9vq37LwwkpD00w9Zd6eSr378k=,Sl3jVjBea/VsppvzAA/mmjdKfBc=
-18,-27,WK9vq37LwwkpD00w9Zd6eSr378k=,eXqRjMhSFnj612Md+wfjvjNfb9A=
-17,-26,WK9vq37LwwkpD00w9Zd6eSr378k=,eXqRjMhSFnj612Md+wfjvjNfb9A=
-18,-22,WK9vq37LwwkpD00w9Zd6eSr378k=,Sl3jVjBea/VsppvzAA/mmjdKfBc=
-26,-19,WK9vq37LwwkpD00w9Zd6eSr378k=,Sl3jVjBea/VsppvzAA/mmjdKfBc=
-20,-18,WK9vq37LwwkpD00w9Zd6eSr378k=,Sl3jVjBea/VsppvzAA/mmjdKfBc=
-27,-19,WK9vq37LwwkpD00w9Zd6eSr378k=,Sl3jVjBea/VsppvzAA/mmjdKfBc=
-18,-18,WK9vq37LwwkpD00w9Zd6eSr378k=,Sl3jVjBea/VsppvzAA/mmjdKfBc=
-19,-18,WK9vq37LwwkpD00w9Zd6eSr378k=,Sl3jVjBea/VsppvzAA/mmjdKfBc=
-17,-18,WK9vq37LwwkpD00w9Zd6eSr378k=,Sl3jVjBea/VsppvzAA/mmjdKfBc=
-21,-18,WK9vq37LwwkpD00w9Zd6eSr378k=,Sl3jVjBea/VsppvzAA/mmjdKfBc=
-19,-20,WK9vq37LwwkpD00w9Zd6eSr378k=,Sl3jVjBea/VsppvzAA/mmjdKfBc=
-17,-27,WK9vq37LwwkpD00w9Zd6eSr378k=,eXqRjMhSFnj612Md+wfjvjNfb9A=
-20,-22,WK9vq37LwwkpD00w9Zd6eSr378k=,Sl3jVjBea/VsppvzAA/mmjdKfBc=
-22,-18,WK9vq37LwwkpD00w9Zd6eSr378k=,Sl3jVjBea/VsppvzAA/mmjdKfBc=
-23,-18,WK9vq37LwwkpD00w9Zd6eSr378k=,Sl3jVjBea/VsppvzAA/mmjdKfBc=
-19,-27,WK9vq37LwwkpD00w9Zd6eSr378k=,eXqRjMhSFnj612Md+wfjvjNfb9A=
-21,-24,WK9vq37LwwkpD00w9Zd6eSr378k=,Sl3jVjBea/VsppvzAA/mmjdKfBc=
-30,-17,WK9vq37LwwkpD00w9Zd6eSr378k=,Sl3jVjBea/VsppvzAA/mmjdKfBc=
-31,-24,WK9vq37LwwkpD00w9Zd6eSr378k=,Sl3jVjBea/VsppvzAA/mmjdKfBc=
-29,-5,ug5QXNYwrr9lM10kO/djE8Qu7IM=,feMrEjiG67oBH36BcIK/IuA0GBU=
-28,-4,ug5QXNYwrr9lM10kO/djE8Qu7IM=,feMrEjiG67oBH36BcIK/IuA0GBU=
-29,-4,ug5QXNYwrr9lM10kO/djE8Qu7IM=,feMrEjiG67oBH36BcIK/IuA0GBU=
-28,-5,ug5QXNYwrr9lM10kO/djE8Qu7IM=,feMrEjiG67oBH36BcIK/IuA0GBU=
-21,-12,SkkV9FXY9omdX8yweqL1pDHPNTc=,Sl3jVjBea/VsppvzAA/mmjdKfBc=
-20,-12,SkkV9FXY9omdX8yweqL1pDHPNTc=,Sl3jVjBea/VsppvzAA/mmjdKfBc=
-20,-13,SkkV9FXY9omdX8yweqL1pDHPNTc=,Sl3jVjBea/VsppvzAA/mmjdKfBc=
-21,-13,SkkV9FXY9omdX8yweqL1pDHPNTc=,Sl3jVjBea/VsppvzAA/mmjdKfBc=
-24,-4,+u1eROraIZfAH6sRjGYZEMh7DYk=,eoZsqExUR/yaaIaViMr+jPhDH20=
-21,-11,+u1eROraIZfAH6sRjGYZEMh7DYk=,Sl3jVjBea/VsppvzAA/mmjdKfBc=
-20,-5,+u1eROraIZfAH6sRjGYZEMh7DYk=,eoZsqExUR/yaaIaViMr+jPhDH20=
-26,-4,+u1eROraIZfAH6sRjGYZEMh7DYk=,feMrEjiG67oBH36BcIK/IuA0GBU=
-21,-5,+u1eROraIZfAH6sRjGYZEMh7DYk=,eoZsqExUR/yaaIaViMr+jPhDH20=
-20,-4,+u1eROraIZfAH6sRjGYZEMh7DYk=,eoZsqExUR/yaaIaViMr+jPhDH20=
-22,-5,+u1eROraIZfAH6sRjGYZEMh7DYk=,eoZsqExUR/yaaIaViMr+jPhDH20=
-27,-4,+u1eROraIZfAH6sRjGYZEMh7DYk=,feMrEjiG67oBH36BcIK/IuA0GBU=
-27,-5,EHUZYAYbRWDP9XGZweN8qfBKpaE=,feMrEjiG67oBH36BcIK/IuA0GBU=
-25,-4,EHUZYAYbRWDP9XGZweN8qfBKpaE=,feMrEjiG67oBH36BcIK/IuA0GBU=
-21,-6,EHUZYAYbRWDP9XGZweN8qfBKpaE=,eoZsqExUR/yaaIaViMr+jPhDH20=
-26,-5,EHUZYAYbRWDP9XGZweN8qfBKpaE=,feMrEjiG67oBH36BcIK/IuA0GBU=
-24,-5,EHUZYAYbRWDP9XGZweN8qfBKpaE=,eoZsqExUR/yaaIaViMr+jPhDH20=
-20,-9,EHUZYAYbRWDP9XGZweN8qfBKpaE=,Sl3jVjBea/VsppvzAA/mmjdKfBc=
-20,-6,EHUZYAYbRWDP9XGZweN8qfBKpaE=,eoZsqExUR/yaaIaViMr+jPhDH20=
-21,-4,EHUZYAYbRWDP9XGZweN8qfBKpaE=,eoZsqExUR/yaaIaViMr+jPhDH20=
-21,-9,EHUZYAYbRWDP9XGZweN8qfBKpaE=,Sl3jVjBea/VsppvzAA/mmjdKfBc=
-22,-4,EHUZYAYbRWDP9XGZweN8qfBKpaE=,eoZsqExUR/yaaIaViMr+jPhDH20=
-21,-8,EHUZYAYbRWDP9XGZweN8qfBKpaE=,eoZsqExUR/yaaIaViMr+jPhDH20=
-23,-4,EHUZYAYbRWDP9XGZweN8qfBKpaE=,eoZsqExUR/yaaIaViMr+jPhDH20=
-20,-7,EHUZYAYbRWDP9XGZweN8qfBKpaE=,eoZsqExUR/yaaIaViMr+jPhDH20=
-20,-11,EHUZYAYbRWDP9XGZweN8qfBKpaE=,Sl3jVjBea/VsppvzAA/mmjdKfBc=
-21,-10,EHUZYAYbRWDP9XGZweN8qfBKpaE=,Sl3jVjBea/VsppvzAA/mmjdKfBc=
-21,-7,EHUZYAYbRWDP9XGZweN8qfBKpaE=,eoZsqExUR/yaaIaViMr+jPhDH20=
-20,-10,EHUZYAYbRWDP9XGZweN8qfBKpaE=,Sl3jVjBea/VsppvzAA/mmjdKfBc=
-20,-8,EHUZYAYbRWDP9XGZweN8qfBKpaE=,eoZsqExUR/yaaIaViMr+jPhDH20=
-25,-5,EHUZYAYbRWDP9XGZweN8qfBKpaE=,feMrEjiG67oBH36BcIK/IuA0GBU=
-28,-13,EHUZYAYbRWDP9XGZweN8qfBKpaE=,Sl3jVjBea/VsppvzAA/mmjdKfBc=
-29,-13,EHUZYAYbRWDP9XGZweN8qfBKpaE=,Sl3jVjBea/VsppvzAA/mmjdKfBc=
-27,-13,EHUZYAYbRWDP9XGZweN8qfBKpaE=,Sl3jVjBea/VsppvzAA/mmjdKfBc=
-24,-7,EHUZYAYbRWDP9XGZweN8qfBKpaE=,eoZsqExUR/yaaIaViMr+jPhDH20=
-27,-6,EHUZYAYbRWDP9XGZweN8qfBKpaE=,feMrEjiG67oBH36BcIK/IuA0GBU=
-26,-6,EHUZYAYbRWDP9XGZweN8qfBKpaE=,feMrEjiG67oBH36BcIK/IuA0GBU=
-27,-7,EHUZYAYbRWDP9XGZweN8qfBKpaE=,feMrEjiG67oBH36BcIK/IuA0GBU=
-25,-6,EHUZYAYbRWDP9XGZweN8qfBKpaE=,feMrEjiG67oBH36BcIK/IuA0GBU=
-26,-7,EHUZYAYbRWDP9XGZweN8qfBKpaE=,feMrEjiG67oBH36BcIK/IuA0GBU=
-28,-6,EHUZYAYbRWDP9XGZweN8qfBKpaE=,feMrEjiG67oBH36BcIK/IuA0GBU=
-26,-13,EHUZYAYbRWDP9XGZweN8qfBKpaE=,Sl3jVjBea/VsppvzAA/mmjdKfBc=
-29,-6,EHUZYAYbRWDP9XGZweN8qfBKpaE=,feMrEjiG67oBH36BcIK/IuA0GBU=
-29,-7,EHUZYAYbRWDP9XGZweN8qfBKpaE=,feMrEjiG67oBH36BcIK/IuA0GBU=
-28,-7,EHUZYAYbRWDP9XGZweN8qfBKpaE=,feMrEjiG67oBH36BcIK/IuA0GBU=
-23,-11,EHUZYAYbRWDP9XGZweN8qfBKpaE=,Sl3jVjBea/VsppvzAA/mmjdKfBc=
-25,-13,EHUZYAYbRWDP9XGZweN8qfBKpaE=,Sl3jVjBea/VsppvzAA/mmjdKfBc=
-29,-8,EHUZYAYbRWDP9XGZweN8qfBKpaE=,feMrEjiG67oBH36BcIK/IuA0GBU=
-25,-7,EHUZYAYbRWDP9XGZweN8qfBKpaE=,feMrEjiG67oBH36BcIK/IuA0GBU=
-26,-8,EHUZYAYbRWDP9XGZweN8qfBKpaE=,feMrEjiG67oBH36BcIK/IuA0GBU=
-22,-11,EHUZYAYbRWDP9XGZweN8qfBKpaE=,Sl3jVjBea/VsppvzAA/mmjdKfBc=
-25,-8,EHUZYAYbRWDP9XGZweN8qfBKpaE=,feMrEjiG67oBH36BcIK/IuA0GBU=
-28,-8,EHUZYAYbRWDP9XGZweN8qfBKpaE=,feMrEjiG67oBH36BcIK/IuA0GBU=
-28,-9,EHUZYAYbRWDP9XGZweN8qfBKpaE=,Sl3jVjBea/VsppvzAA/mmjdKfBc=
-27,-8,EHUZYAYbRWDP9XGZweN8qfBKpaE=,feMrEjiG67oBH36BcIK/IuA0GBU=
-24,-11,EHUZYAYbRWDP9XGZweN8qfBKpaE=,Sl3jVjBea/VsppvzAA/mmjdKfBc=
-25,-9,EHUZYAYbRWDP9XGZweN8qfBKpaE=,Sl3jVjBea/VsppvzAA/mmjdKfBc=
-26,-9,EHUZYAYbRWDP9XGZweN8qfBKpaE=,Sl3jVjBea/VsppvzAA/mmjdKfBc=
-27,-9,EHUZYAYbRWDP9XGZweN8qfBKpaE=,Sl3jVjBea/VsppvzAA/mmjdKfBc=
-27,-10,EHUZYAYbRWDP9XGZweN8qfBKpaE=,Sl3jVjBea/VsppvzAA/mmjdKfBc=
-29,-9,EHUZYAYbRWDP9XGZweN8qfBKpaE=,Sl3jVjBea/VsppvzAA/mmjdKfBc=
-24,-8,EHUZYAYbRWDP9XGZweN8qfBKpaE=,eoZsqExUR/yaaIaViMr+jPhDH20=
-25,-10,EHUZYAYbRWDP9XGZweN8qfBKpaE=,Sl3jVjBea/VsppvzAA/mmjdKfBc=
-22,-9,EHUZYAYbRWDP9XGZweN8qfBKpaE=,Sl3jVjBea/VsppvzAA/mmjdKfBc=
-23,-9,EHUZYAYbRWDP9XGZweN8qfBKpaE=,Sl3jVjBea/VsppvzAA/mmjdKfBc=
-22,-12,EHUZYAYbRWDP9XGZweN8qfBKpaE=,Sl3jVjBea/VsppvzAA/mmjdKfBc=
-28,-10,EHUZYAYbRWDP9XGZweN8qfBKpaE=,Sl3jVjBea/VsppvzAA/mmjdKfBc=
-29,-10,EHUZYAYbRWDP9XGZweN8qfBKpaE=,Sl3jVjBea/VsppvzAA/mmjdKfBc=
-24,-12,EHUZYAYbRWDP9XGZweN8qfBKpaE=,Sl3jVjBea/VsppvzAA/mmjdKfBc=
-26,-11,EHUZYAYbRWDP9XGZweN8qfBKpaE=,Sl3jVjBea/VsppvzAA/mmjdKfBc=
-26,-10,EHUZYAYbRWDP9XGZweN8qfBKpaE=,Sl3jVjBea/VsppvzAA/mmjdKfBc=
-29,-11,EHUZYAYbRWDP9XGZweN8qfBKpaE=,Sl3jVjBea/VsppvzAA/mmjdKfBc=
-26,-12,EHUZYAYbRWDP9XGZweN8qfBKpaE=,Sl3jVjBea/VsppvzAA/mmjdKfBc=
-25,-12,EHUZYAYbRWDP9XGZweN8qfBKpaE=,Sl3jVjBea/VsppvzAA/mmjdKfBc=
-27,-12,EHUZYAYbRWDP9XGZweN8qfBKpaE=,Sl3jVjBea/VsppvzAA/mmjdKfBc=
-28,-12,EHUZYAYbRWDP9XGZweN8qfBKpaE=,Sl3jVjBea/VsppvzAA/mmjdKfBc=
-23,-10,EHUZYAYbRWDP9XGZweN8qfBKpaE=,Sl3jVjBea/VsppvzAA/mmjdKfBc=
-24,-13,EHUZYAYbRWDP9XGZweN8qfBKpaE=,Sl3jVjBea/VsppvzAA/mmjdKfBc=
-23,-6,EHUZYAYbRWDP9XGZweN8qfBKpaE=,eoZsqExUR/yaaIaViMr+jPhDH20=
-24,-10,EHUZYAYbRWDP9XGZweN8qfBKpaE=,Sl3jVjBea/VsppvzAA/mmjdKfBc=
-24,-9,EHUZYAYbRWDP9XGZweN8qfBKpaE=,Sl3jVjBea/VsppvzAA/mmjdKfBc=
-23,-5,EHUZYAYbRWDP9XGZweN8qfBKpaE=,eoZsqExUR/yaaIaViMr+jPhDH20=
-29,-12,EHUZYAYbRWDP9XGZweN8qfBKpaE=,Sl3jVjBea/VsppvzAA/mmjdKfBc=
-27,-11,EHUZYAYbRWDP9XGZweN8qfBKpaE=,Sl3jVjBea/VsppvzAA/mmjdKfBc=
-22,-13,EHUZYAYbRWDP9XGZweN8qfBKpaE=,Sl3jVjBea/VsppvzAA/mmjdKfBc=
-23,-8,EHUZYAYbRWDP9XGZweN8qfBKpaE=,eoZsqExUR/yaaIaViMr+jPhDH20=
-22,-6,EHUZYAYbRWDP9XGZweN8qfBKpaE=,eoZsqExUR/yaaIaViMr+jPhDH20=
-23,-13,EHUZYAYbRWDP9XGZweN8qfBKpaE=,Sl3jVjBea/VsppvzAA/mmjdKfBc=
-28,-11,EHUZYAYbRWDP9XGZweN8qfBKpaE=,Sl3jVjBea/VsppvzAA/mmjdKfBc=
-24,-6,EHUZYAYbRWDP9XGZweN8qfBKpaE=,eoZsqExUR/yaaIaViMr+jPhDH20=
-25,-11,EHUZYAYbRWDP9XGZweN8qfBKpaE=,Sl3jVjBea/VsppvzAA/mmjdKfBc=
-22,-10,EHUZYAYbRWDP9XGZweN8qfBKpaE=,Sl3jVjBea/VsppvzAA/mmjdKfBc=
-22,-7,EHUZYAYbRWDP9XGZweN8qfBKpaE=,eoZsqExUR/yaaIaViMr+jPhDH20=
-23,-12,EHUZYAYbRWDP9XGZweN8qfBKpaE=,Sl3jVjBea/VsppvzAA/mmjdKfBc=
-22,-8,EHUZYAYbRWDP9XGZweN8qfBKpaE=,eoZsqExUR/yaaIaViMr+jPhDH20=
-23,-7,EHUZYAYbRWDP9XGZweN8qfBKpaE=,eoZsqExUR/yaaIaViMr+jPhDH20=
-17,-5,EHUZYAYbRWDP9XGZweN8qfBKpaE=,eoZsqExUR/yaaIaViMr+jPhDH20=
-18,-5,EHUZYAYbRWDP9XGZweN8qfBKpaE=,eoZsqExUR/yaaIaViMr+jPhDH20=
-19,-4,EHUZYAYbRWDP9XGZweN8qfBKpaE=,eoZsqExUR/yaaIaViMr+jPhDH20=
-17,-4,EHUZYAYbRWDP9XGZweN8qfBKpaE=,eoZsqExUR/yaaIaViMr+jPhDH20=
-18,-4,EHUZYAYbRWDP9XGZweN8qfBKpaE=,eoZsqExUR/yaaIaViMr+jPhDH20=
-19,-5,EHUZYAYbRWDP9XGZweN8qfBKpaE=,eoZsqExUR/yaaIaViMr+jPhDH20=
-20,-2,EHUZYAYbRWDP9XGZweN8qfBKpaE=,eoZsqExUR/yaaIaViMr+jPhDH20=
-20,-3,EHUZYAYbRWDP9XGZweN8qfBKpaE=,eoZsqExUR/yaaIaViMr+jPhDH20=
-21,-3,EHUZYAYbRWDP9XGZweN8qfBKpaE=,eoZsqExUR/yaaIaViMr+jPhDH20=
-20,-1,EHUZYAYbRWDP9XGZweN8qfBKpaE=,eoZsqExUR/yaaIaViMr+jPhDH20=
-21,-2,EHUZYAYbRWDP9XGZweN8qfBKpaE=,eoZsqExUR/yaaIaViMr+jPhDH20=
-21,-1,EHUZYAYbRWDP9XGZweN8qfBKpaE=,eoZsqExUR/yaaIaViMr+jPhDH20=
-30,-12,bLnM3Kr+mvBv0L/AtvZraSycoWA=,Sl3jVjBea/VsppvzAA/mmjdKfBc=
-30,-13,bLnM3Kr+mvBv0L/AtvZraSycoWA=,Sl3jVjBea/VsppvzAA/mmjdKfBc=
-32,-13,bLnM3Kr+mvBv0L/AtvZraSycoWA=,Sl3jVjBea/VsppvzAA/mmjdKfBc=
-31,-13,bLnM3Kr+mvBv0L/AtvZraSycoWA=,Sl3jVjBea/VsppvzAA/mmjdKfBc=
-31,-12,bLnM3Kr+mvBv0L/AtvZraSycoWA=,Sl3jVjBea/VsppvzAA/mmjdKfBc=
-32,-12,bLnM3Kr+mvBv0L/AtvZraSycoWA=,Sl3jVjBea/VsppvzAA/mmjdKfBc=
-31,-5,bLnM3Kr+mvBv0L/AtvZraSycoWA=,feMrEjiG67oBH36BcIK/IuA0GBU=
-31,-6,bLnM3Kr+mvBv0L/AtvZraSycoWA=,feMrEjiG67oBH36BcIK/IuA0GBU=
-32,-6,bLnM3Kr+mvBv0L/AtvZraSycoWA=,feMrEjiG67oBH36BcIK/IuA0GBU=
-32,-7,bLnM3Kr+mvBv0L/AtvZraSycoWA=,feMrEjiG67oBH36BcIK/IuA0GBU=
-31,-7,bLnM3Kr+mvBv0L/AtvZraSycoWA=,feMrEjiG67oBH36BcIK/IuA0GBU=
-31,-8,bLnM3Kr+mvBv0L/AtvZraSycoWA=,feMrEjiG67oBH36BcIK/IuA0GBU=
-30,-9,bLnM3Kr+mvBv0L/AtvZraSycoWA=,Sl3jVjBea/VsppvzAA/mmjdKfBc=
-32,-8,bLnM3Kr+mvBv0L/AtvZraSycoWA=,feMrEjiG67oBH36BcIK/IuA0GBU=
-32,-9,bLnM3Kr+mvBv0L/AtvZraSycoWA=,Sl3jVjBea/VsppvzAA/mmjdKfBc=
-30,-6,bLnM3Kr+mvBv0L/AtvZraSycoWA=,feMrEjiG67oBH36BcIK/IuA0GBU=
-31,-9,bLnM3Kr+mvBv0L/AtvZraSycoWA=,Sl3jVjBea/VsppvzAA/mmjdKfBc=
-31,-11,bLnM3Kr+mvBv0L/AtvZraSycoWA=,Sl3jVjBea/VsppvzAA/mmjdKfBc=
-30,-5,bLnM3Kr+mvBv0L/AtvZraSycoWA=,feMrEjiG67oBH36BcIK/IuA0GBU=
-31,-4,bLnM3Kr+mvBv0L/AtvZraSycoWA=,feMrEjiG67oBH36BcIK/IuA0GBU=
-30,-8,bLnM3Kr+mvBv0L/AtvZraSycoWA=,feMrEjiG67oBH36BcIK/IuA0GBU=
-32,-4,bLnM3Kr+mvBv0L/AtvZraSycoWA=,feMrEjiG67oBH36BcIK/IuA0GBU=
-32,-11,bLnM3Kr+mvBv0L/AtvZraSycoWA=,Sl3jVjBea/VsppvzAA/mmjdKfBc=
-30,-10,bLnM3Kr+mvBv0L/AtvZraSycoWA=,Sl3jVjBea/VsppvzAA/mmjdKfBc=
-30,-7,bLnM3Kr+mvBv0L/AtvZraSycoWA=,feMrEjiG67oBH36BcIK/IuA0GBU=
-30,-4,bLnM3Kr+mvBv0L/AtvZraSycoWA=,feMrEjiG67oBH36BcIK/IuA0GBU=
-31,-10,bLnM3Kr+mvBv0L/AtvZraSycoWA=,Sl3jVjBea/VsppvzAA/mmjdKfBc=
-32,-10,bLnM3Kr+mvBv0L/AtvZraSycoWA=,Sl3jVjBea/VsppvzAA/mmjdKfBc=
-32,-5,bLnM3Kr+mvBv0L/AtvZraSycoWA=,feMrEjiG67oBH36BcIK/IuA0GBU=
-28,-3,bLnM3Kr+mvBv0L/AtvZraSycoWA=,feMrEjiG67oBH36BcIK/IuA0GBU=
-22,-1,bLnM3Kr+mvBv0L/AtvZraSycoWA=,eoZsqExUR/yaaIaViMr+jPhDH20=
-22,-2,bLnM3Kr+mvBv0L/AtvZraSycoWA=,eoZsqExUR/yaaIaViMr+jPhDH20=
-23,-1,bLnM3Kr+mvBv0L/AtvZraSycoWA=,eoZsqExUR/yaaIaViMr+jPhDH20=
-23,-2,bLnM3Kr+mvBv0L/AtvZraSycoWA=,eoZsqExUR/yaaIaViMr+jPhDH20=
-24,-3,bLnM3Kr+mvBv0L/AtvZraSycoWA=,eoZsqExUR/yaaIaViMr+jPhDH20=
-29,-3,bLnM3Kr+mvBv0L/AtvZraSycoWA=,feMrEjiG67oBH36BcIK/IuA0GBU=
-24,-1,bLnM3Kr+mvBv0L/AtvZraSycoWA=,eoZsqExUR/yaaIaViMr+jPhDH20=
-25,-2,bLnM3Kr+mvBv0L/AtvZraSycoWA=,feMrEjiG67oBH36BcIK/IuA0GBU=
-27,-2,bLnM3Kr+mvBv0L/AtvZraSycoWA=,feMrEjiG67oBH36BcIK/IuA0GBU=
-28,-1,bLnM3Kr+mvBv0L/AtvZraSycoWA=,feMrEjiG67oBH36BcIK/IuA0GBU=
-25,-1,bLnM3Kr+mvBv0L/AtvZraSycoWA=,feMrEjiG67oBH36BcIK/IuA0GBU=
-28,-2,bLnM3Kr+mvBv0L/AtvZraSycoWA=,feMrEjiG67oBH36BcIK/IuA0GBU=
-29,-1,bLnM3Kr+mvBv0L/AtvZraSycoWA=,feMrEjiG67oBH36BcIK/IuA0GBU=
-26,-2,bLnM3Kr+mvBv0L/AtvZraSycoWA=,feMrEjiG67oBH36BcIK/IuA0GBU=
-29,-2,bLnM3Kr+mvBv0L/AtvZraSycoWA=,feMrEjiG67oBH36BcIK/IuA0GBU=
-24,-2,bLnM3Kr+mvBv0L/AtvZraSycoWA=,eoZsqExUR/yaaIaViMr+jPhDH20=
-27,-3,bLnM3Kr+mvBv0L/AtvZraSycoWA=,feMrEjiG67oBH36BcIK/IuA0GBU=
-26,-1,bLnM3Kr+mvBv0L/AtvZraSycoWA=,feMrEjiG67oBH36BcIK/IuA0GBU=
-23,-3,bLnM3Kr+mvBv0L/AtvZraSycoWA=,eoZsqExUR/yaaIaViMr+jPhDH20=
-30,-11,bLnM3Kr+mvBv0L/AtvZraSycoWA=,Sl3jVjBea/VsppvzAA/mmjdKfBc=
-26,-3,SjX+5HJnEc6PXFVm4STXErz2sp4=,feMrEjiG67oBH36BcIK/IuA0GBU=
-25,-3,SjX+5HJnEc6PXFVm4STXErz2sp4=,feMrEjiG67oBH36BcIK/IuA0GBU=
-22,-3,SjX+5HJnEc6PXFVm4STXErz2sp4=,eoZsqExUR/yaaIaViMr+jPhDH20=
-27,-1,SjX+5HJnEc6PXFVm4STXErz2sp4=,feMrEjiG67oBH36BcIK/IuA0GBU=
-29,-16,SjX+5HJnEc6PXFVm4STXErz2sp4=,Sl3jVjBea/VsppvzAA/mmjdKfBc=
-28,-14,SjX+5HJnEc6PXFVm4STXErz2sp4=,Sl3jVjBea/VsppvzAA/mmjdKfBc=
-29,-15,SjX+5HJnEc6PXFVm4STXErz2sp4=,Sl3jVjBea/VsppvzAA/mmjdKfBc=
-28,-16,SjX+5HJnEc6PXFVm4STXErz2sp4=,Sl3jVjBea/VsppvzAA/mmjdKfBc=
-29,-14,SjX+5HJnEc6PXFVm4STXErz2sp4=,Sl3jVjBea/VsppvzAA/mmjdKfBc=
-28,-15,SjX+5HJnEc6PXFVm4STXErz2sp4=,Sl3jVjBea/VsppvzAA/mmjdKfBc=
-30,-15,9P85/77ZA8qitH2F8YDkUKdzpk8=,Sl3jVjBea/VsppvzAA/mmjdKfBc=
-30,-16,9P85/77ZA8qitH2F8YDkUKdzpk8=,Sl3jVjBea/VsppvzAA/mmjdKfBc=
-32,-16,9P85/77ZA8qitH2F8YDkUKdzpk8=,Sl3jVjBea/VsppvzAA/mmjdKfBc=
-31,-16,9P85/77ZA8qitH2F8YDkUKdzpk8=,Sl3jVjBea/VsppvzAA/mmjdKfBc=
-31,-15,9P85/77ZA8qitH2F8YDkUKdzpk8=,Sl3jVjBea/VsppvzAA/mmjdKfBc=
-30,-14,9P85/77ZA8qitH2F8YDkUKdzpk8=,Sl3jVjBea/VsppvzAA/mmjdKfBc=
-32,-14,9P85/77ZA8qitH2F8YDkUKdzpk8=,Sl3jVjBea/VsppvzAA/mmjdKfBc=
-32,-15,9P85/77ZA8qitH2F8YDkUKdzpk8=,Sl3jVjBea/VsppvzAA/mmjdKfBc=
-31,-14,9P85/77ZA8qitH2F8YDkUKdzpk8=,Sl3jVjBea/VsppvzAA/mmjdKfBc=
-30,-3,tl+Xp2jRUXpoQf3CMgsdgFhwQ8I=,feMrEjiG67oBH36BcIK/IuA0GBU=
-31,-3,tl+Xp2jRUXpoQf3CMgsdgFhwQ8I=,feMrEjiG67oBH36BcIK/IuA0GBU=
-31,-1,tl+Xp2jRUXpoQf3CMgsdgFhwQ8I=,feMrEjiG67oBH36BcIK/IuA0GBU=
-30,-2,tl+Xp2jRUXpoQf3CMgsdgFhwQ8I=,feMrEjiG67oBH36BcIK/IuA0GBU=
-30,-1,tl+Xp2jRUXpoQf3CMgsdgFhwQ8I=,feMrEjiG67oBH36BcIK/IuA0GBU=
-31,-2,tl+Xp2jRUXpoQf3CMgsdgFhwQ8I=,feMrEjiG67oBH36BcIK/IuA0GBU=
-32,-2,tl+Xp2jRUXpoQf3CMgsdgFhwQ8I=,feMrEjiG67oBH36BcIK/IuA0GBU=
-32,-3,tl+Xp2jRUXpoQf3CMgsdgFhwQ8I=,feMrEjiG67oBH36BcIK/IuA0GBU=
-32,-1,tl+Xp2jRUXpoQf3CMgsdgFhwQ8I=,feMrEjiG67oBH36BcIK/IuA0GBU=
-19,-2,tl+Xp2jRUXpoQf3CMgsdgFhwQ8I=,eoZsqExUR/yaaIaViMr+jPhDH20=
-19,-3,tl+Xp2jRUXpoQf3CMgsdgFhwQ8I=,eoZsqExUR/yaaIaViMr+jPhDH20=
-18,-1,tl+Xp2jRUXpoQf3CMgsdgFhwQ8I=,eoZsqExUR/yaaIaViMr+jPhDH20=
-17,-1,tl+Xp2jRUXpoQf3CMgsdgFhwQ8I=,eoZsqExUR/yaaIaViMr+jPhDH20=
-17,-3,tl+Xp2jRUXpoQf3CMgsdgFhwQ8I=,eoZsqExUR/yaaIaViMr+jPhDH20=
-19,-1,tl+Xp2jRUXpoQf3CMgsdgFhwQ8I=,eoZsqExUR/yaaIaViMr+jPhDH20=
-18,-2,tl+Xp2jRUXpoQf3CMgsdgFhwQ8I=,eoZsqExUR/yaaIaViMr+jPhDH20=
-17,-2,tl+Xp2jRUXpoQf3CMgsdgFhwQ8I=,eoZsqExUR/yaaIaViMr+jPhDH20=
-18,-3,tl+Xp2jRUXpoQf3CMgsdgFhwQ8I=,eoZsqExUR/yaaIaViMr+jPhDH20=
-25,-15,rgruGKiCTEu92AgdsBmvEUpy8pE=,Sl3jVjBea/VsppvzAA/mmjdKfBc=
-26,-14,rgruGKiCTEu92AgdsBmvEUpy8pE=,Sl3jVjBea/VsppvzAA/mmjdKfBc=
-26,-15,rgruGKiCTEu92AgdsBmvEUpy8pE=,Sl3jVjBea/VsppvzAA/mmjdKfBc=
-27,-15,rgruGKiCTEu92AgdsBmvEUpy8pE=,Sl3jVjBea/VsppvzAA/mmjdKfBc=
-22,-14,rgruGKiCTEu92AgdsBmvEUpy8pE=,Sl3jVjBea/VsppvzAA/mmjdKfBc=
-27,-14,rgruGKiCTEu92AgdsBmvEUpy8pE=,Sl3jVjBea/VsppvzAA/mmjdKfBc=
-25,-16,rgruGKiCTEu92AgdsBmvEUpy8pE=,Sl3jVjBea/VsppvzAA/mmjdKfBc=
-24,-14,rgruGKiCTEu92AgdsBmvEUpy8pE=,Sl3jVjBea/VsppvzAA/mmjdKfBc=
-21,-16,rgruGKiCTEu92AgdsBmvEUpy8pE=,Sl3jVjBea/VsppvzAA/mmjdKfBc=
-22,-15,rgruGKiCTEu92AgdsBmvEUpy8pE=,Sl3jVjBea/VsppvzAA/mmjdKfBc=
-21,-14,rgruGKiCTEu92AgdsBmvEUpy8pE=,Sl3jVjBea/VsppvzAA/mmjdKfBc=
-24,-15,rgruGKiCTEu92AgdsBmvEUpy8pE=,Sl3jVjBea/VsppvzAA/mmjdKfBc=
-20,-14,rgruGKiCTEu92AgdsBmvEUpy8pE=,Sl3jVjBea/VsppvzAA/mmjdKfBc=
-21,-15,rgruGKiCTEu92AgdsBmvEUpy8pE=,Sl3jVjBea/VsppvzAA/mmjdKfBc=
-23,-15,rgruGKiCTEu92AgdsBmvEUpy8pE=,Sl3jVjBea/VsppvzAA/mmjdKfBc=
-22,-16,rgruGKiCTEu92AgdsBmvEUpy8pE=,Sl3jVjBea/VsppvzAA/mmjdKfBc=
-27,-16,rgruGKiCTEu92AgdsBmvEUpy8pE=,Sl3jVjBea/VsppvzAA/mmjdKfBc=
-20,-16,rgruGKiCTEu92AgdsBmvEUpy8pE=,Sl3jVjBea/VsppvzAA/mmjdKfBc=
-24,-16,rgruGKiCTEu92AgdsBmvEUpy8pE=,Sl3jVjBea/VsppvzAA/mmjdKfBc=
-23,-16,rgruGKiCTEu92AgdsBmvEUpy8pE=,Sl3jVjBea/VsppvzAA/mmjdKfBc=
-23,-14,rgruGKiCTEu92AgdsBmvEUpy8pE=,Sl3jVjBea/VsppvzAA/mmjdKfBc=
-26,-16,rgruGKiCTEu92AgdsBmvEUpy8pE=,Sl3jVjBea/VsppvzAA/mmjdKfBc=
-25,-14,rgruGKiCTEu92AgdsBmvEUpy8pE=,Sl3jVjBea/VsppvzAA/mmjdKfBc=
-20,-15,rgruGKiCTEu92AgdsBmvEUpy8pE=,Sl3jVjBea/VsppvzAA/mmjdKfBc=
-17,-8,rgruGKiCTEu92AgdsBmvEUpy8pE=,eoZsqExUR/yaaIaViMr+jPhDH20=
-17,-15,rgruGKiCTEu92AgdsBmvEUpy8pE=,Sl3jVjBea/VsppvzAA/mmjdKfBc=
-19,-14,rgruGKiCTEu92AgdsBmvEUpy8pE=,Sl3jVjBea/VsppvzAA/mmjdKfBc=
-19,-15,rgruGKiCTEu92AgdsBmvEUpy8pE=,Sl3jVjBea/VsppvzAA/mmjdKfBc=
-18,-9,rgruGKiCTEu92AgdsBmvEUpy8pE=,Sl3jVjBea/VsppvzAA/mmjdKfBc=
-17,-9,rgruGKiCTEu92AgdsBmvEUpy8pE=,Sl3jVjBea/VsppvzAA/mmjdKfBc=
-17,-6,rgruGKiCTEu92AgdsBmvEUpy8pE=,eoZsqExUR/yaaIaViMr+jPhDH20=
-18,-6,rgruGKiCTEu92AgdsBmvEUpy8pE=,eoZsqExUR/yaaIaViMr+jPhDH20=
-19,-9,rgruGKiCTEu92AgdsBmvEUpy8pE=,Sl3jVjBea/VsppvzAA/mmjdKfBc=
-18,-15,rgruGKiCTEu92AgdsBmvEUpy8pE=,Sl3jVjBea/VsppvzAA/mmjdKfBc=
-17,-13,rgruGKiCTEu92AgdsBmvEUpy8pE=,Sl3jVjBea/VsppvzAA/mmjdKfBc=
-19,-16,rgruGKiCTEu92AgdsBmvEUpy8pE=,Sl3jVjBea/VsppvzAA/mmjdKfBc=
-19,-8,rgruGKiCTEu92AgdsBmvEUpy8pE=,eoZsqExUR/yaaIaViMr+jPhDH20=
-19,-13,rgruGKiCTEu92AgdsBmvEUpy8pE=,Sl3jVjBea/VsppvzAA/mmjdKfBc=
-17,-12,rgruGKiCTEu92AgdsBmvEUpy8pE=,Sl3jVjBea/VsppvzAA/mmjdKfBc=
-19,-6,rgruGKiCTEu92AgdsBmvEUpy8pE=,eoZsqExUR/yaaIaViMr+jPhDH20=
-18,-7,rgruGKiCTEu92AgdsBmvEUpy8pE=,eoZsqExUR/yaaIaViMr+jPhDH20=
-19,-10,rgruGKiCTEu92AgdsBmvEUpy8pE=,Sl3jVjBea/VsppvzAA/mmjdKfBc=
-17,-10,rgruGKiCTEu92AgdsBmvEUpy8pE=,Sl3jVjBea/VsppvzAA/mmjdKfBc=
-18,-12,rgruGKiCTEu92AgdsBmvEUpy8pE=,Sl3jVjBea/VsppvzAA/mmjdKfBc=
-19,-12,rgruGKiCTEu92AgdsBmvEUpy8pE=,Sl3jVjBea/VsppvzAA/mmjdKfBc=
-18,-10,rgruGKiCTEu92AgdsBmvEUpy8pE=,Sl3jVjBea/VsppvzAA/mmjdKfBc=
-18,-13,rgruGKiCTEu92AgdsBmvEUpy8pE=,Sl3jVjBea/VsppvzAA/mmjdKfBc=
-18,-14,rgruGKiCTEu92AgdsBmvEUpy8pE=,Sl3jVjBea/VsppvzAA/mmjdKfBc=
-19,-11,rgruGKiCTEu92AgdsBmvEUpy8pE=,Sl3jVjBea/VsppvzAA/mmjdKfBc=
-19,-7,rgruGKiCTEu92AgdsBmvEUpy8pE=,eoZsqExUR/yaaIaViMr+jPhDH20=
-17,-16,rgruGKiCTEu92AgdsBmvEUpy8pE=,Sl3jVjBea/VsppvzAA/mmjdKfBc=
-17,-7,rgruGKiCTEu92AgdsBmvEUpy8pE=,eoZsqExUR/yaaIaViMr+jPhDH20=
-17,-14,rgruGKiCTEu92AgdsBmvEUpy8pE=,Sl3jVjBea/VsppvzAA/mmjdKfBc=
-18,-11,rgruGKiCTEu92AgdsBmvEUpy8pE=,Sl3jVjBea/VsppvzAA/mmjdKfBc=
-17,-11,rgruGKiCTEu92AgdsBmvEUpy8pE=,Sl3jVjBea/VsppvzAA/mmjdKfBc=
-18,-16,rgruGKiCTEu92AgdsBmvEUpy8pE=,Sl3jVjBea/VsppvzAA/mmjdKfBc=
-18,-8,rgruGKiCTEu92AgdsBmvEUpy8pE=,eoZsqExUR/yaaIaViMr+jPhDH20=
