67,6,NYidIsK67bKADI2t/O0kojh930U=,imxAPLRcy38txV3layft1G9Z5dM=
71,4,NYidIsK67bKADI2t/O0kojh930U=,imxAPLRcy38txV3layft1G9Z5dM=
65,7,NYidIsK67bKADI2t/O0kojh930U=,imxAPLRcy38txV3layft1G9Z5dM=
67,5,NYidIsK67bKADI2t/O0kojh930U=,imxAPLRcy38txV3layft1G9Z5dM=
66,7,NYidIsK67bKADI2t/O0kojh930U=,imxAPLRcy38txV3layft1G9Z5dM=
67,7,NYidIsK67bKADI2t/O0kojh930U=,imxAPLRcy38txV3layft1G9Z5dM=
65,4,NYidIsK67bKADI2t/O0kojh930U=,imxAPLRcy38txV3layft1G9Z5dM=
68,7,NYidIsK67bKADI2t/O0kojh930U=,imxAPLRcy38txV3layft1G9Z5dM=
66,4,NYidIsK67bKADI2t/O0kojh930U=,imxAPLRcy38txV3layft1G9Z5dM=
69,7,NYidIsK67bKADI2t/O0kojh930U=,imxAPLRcy38txV3layft1G9Z5dM=
70,7,NYidIsK67bKADI2t/O0kojh930U=,imxAPLRcy38txV3layft1G9Z5dM=
66,5,NYidIsK67bKADI2t/O0kojh930U=,imxAPLRcy38txV3layft1G9Z5dM=
64,3,NYidIsK67bKADI2t/O0kojh930U=,imxAPLRcy38txV3layft1G9Z5dM=
71,7,NYidIsK67bKADI2t/O0kojh930U=,imxAPLRcy38txV3layft1G9Z5dM=
65,3,NYidIsK67bKADI2t/O0kojh930U=,imxAPLRcy38txV3layft1G9Z5dM=
67,4,NYidIsK67bKADI2t/O0kojh930U=,imxAPLRcy38txV3layft1G9Z5dM=
66,3,NYidIsK67bKADI2t/O0kojh930U=,imxAPLRcy38txV3layft1G9Z5dM=
68,6,NYidIsK67bKADI2t/O0kojh930U=,imxAPLRcy38txV3layft1G9Z5dM=
64,6,NYidIsK67bKADI2t/O0kojh930U=,imxAPLRcy38txV3layft1G9Z5dM=
69,6,NYidIsK67bKADI2t/O0kojh930U=,imxAPLRcy38txV3layft1G9Z5dM=
64,4,NYidIsK67bKADI2t/O0kojh930U=,imxAPLRcy38txV3layft1G9Z5dM=
67,3,NYidIsK67bKADI2t/O0kojh930U=,imxAPLRcy38txV3layft1G9Z5dM=
65,6,NYidIsK67bKADI2t/O0kojh930U=,imxAPLRcy38txV3layft1G9Z5dM=
68,3,NYidIsK67bKADI2t/O0kojh930U=,imxAPLRcy38txV3layft1G9Z5dM=
64,5,NYidIsK67bKADI2t/O0kojh930U=,imxAPLRcy38txV3layft1G9Z5dM=
71,3,NYidIsK67bKADI2t/O0kojh930U=,imxAPLRcy38txV3layft1G9Z5dM=
70,6,NYidIsK67bKADI2t/O0kojh930U=,imxAPLRcy38txV3layft1G9Z5dM=
70,3,NYidIsK67bKADI2t/O0kojh930U=,imxAPLRcy38txV3layft1G9Z5dM=
69,5,NYidIsK67bKADI2t/O0kojh930U=,imxAPLRcy38txV3layft1G9Z5dM=
70,5,NYidIsK67bKADI2t/O0kojh930U=,imxAPLRcy38txV3layft1G9Z5dM=
68,0,NYidIsK67bKADI2t/O0kojh930U=,imxAPLRcy38txV3layft1G9Z5dM=
71,6,NYidIsK67bKADI2t/O0kojh930U=,imxAPLRcy38txV3layft1G9Z5dM=
67,0,NYidIsK67bKADI2t/O0kojh930U=,imxAPLRcy38txV3layft1G9Z5dM=
68,2,NYidIsK67bKADI2t/O0kojh930U=,imxAPLRcy38txV3layft1G9Z5dM=
67,2,NYidIsK67bKADI2t/O0kojh930U=,imxAPLRcy38txV3layft1G9Z5dM=
68,1,NYidIsK67bKADI2t/O0kojh930U=,imxAPLRcy38txV3layft1G9Z5dM=
67,1,NYidIsK67bKADI2t/O0kojh930U=,imxAPLRcy38txV3layft1G9Z5dM=
64,1,NYidIsK67bKADI2t/O0kojh930U=,imxAPLRcy38txV3layft1G9Z5dM=
66,2,NYidIsK67bKADI2t/O0kojh930U=,imxAPLRcy38txV3layft1G9Z5dM=
65,1,NYidIsK67bKADI2t/O0kojh930U=,imxAPLRcy38txV3layft1G9Z5dM=
66,1,NYidIsK67bKADI2t/O0kojh930U=,imxAPLRcy38txV3layft1G9Z5dM=
66,0,NYidIsK67bKADI2t/O0kojh930U=,imxAPLRcy38txV3layft1G9Z5dM=
65,2,NYidIsK67bKADI2t/O0kojh930U=,imxAPLRcy38txV3layft1G9Z5dM=
64,2,NYidIsK67bKADI2t/O0kojh930U=,imxAPLRcy38txV3layft1G9Z5dM=
64,0,NYidIsK67bKADI2t/O0kojh930U=,imxAPLRcy38txV3layft1G9Z5dM=
65,0,NYidIsK67bKADI2t/O0kojh930U=,imxAPLRcy38txV3layft1G9Z5dM=
69,3,NYidIsK67bKADI2t/O0kojh930U=,imxAPLRcy38txV3layft1G9Z5dM=
65,5,NYidIsK67bKADI2t/O0kojh930U=,imxAPLRcy38txV3layft1G9Z5dM=
68,5,NYidIsK67bKADI2t/O0kojh930U=,imxAPLRcy38txV3layft1G9Z5dM=
66,6,NYidIsK67bKADI2t/O0kojh930U=,imxAPLRcy38txV3layft1G9Z5dM=
68,4,NYidIsK67bKADI2t/O0kojh930U=,imxAPLRcy38txV3layft1G9Z5dM=
64,7,NYidIsK67bKADI2t/O0kojh930U=,imxAPLRcy38txV3layft1G9Z5dM=
69,4,NYidIsK67bKADI2t/O0kojh930U=,imxAPLRcy38txV3layft1G9Z5dM=
71,5,NYidIsK67bKADI2t/O0kojh930U=,imxAPLRcy38txV3layft1G9Z5dM=
70,4,NYidIsK67bKADI2t/O0kojh930U=,imxAPLRcy38txV3layft1G9Z5dM=
69,1,NYidIsK67bKADI2t/O0kojh930U=,imxAPLRcy38txV3layft1G9Z5dM=
70,1,NYidIsK67bKADI2t/O0kojh930U=,imxAPLRcy38txV3layft1G9Z5dM=
70,0,NYidIsK67bKADI2t/O0kojh930U=,imxAPLRcy38txV3layft1G9Z5dM=
71,2,NYidIsK67bKADI2t/O0kojh930U=,imxAPLRcy38txV3layft1G9Z5dM=
70,2,NYidIsK67bKADI2t/O0kojh930U=,imxAPLRcy38txV3layft1G9Z5dM=
71,1,NYidIsK67bKADI2t/O0kojh930U=,imxAPLRcy38txV3layft1G9Z5dM=
69,2,NYidIsK67bKADI2t/O0kojh930U=,imxAPLRcy38txV3layft1G9Z5dM=
69,0,NYidIsK67bKADI2t/O0kojh930U=,imxAPLRcy38txV3layft1G9Z5dM=
71,0,NYidIsK67bKADI2t/O0kojh930U=,imxAPLRcy38txV3layft1G9Z5dM=
66,20,pRli7v4sXpmdMNiHusCAZCB3IS4=,lp62zF6t6hdnVY7k7O59mbjCNzM=
67,20,pRli7v4sXpmdMNiHusCAZCB3IS4=,lp62zF6t6hdnVY7k7O59mbjCNzM=
68,20,pRli7v4sXpmdMNiHusCAZCB3IS4=,lp62zF6t6hdnVY7k7O59mbjCNzM=
69,20,pRli7v4sXpmdMNiHusCAZCB3IS4=,lp62zF6t6hdnVY7k7O59mbjCNzM=
65,20,pRli7v4sXpmdMNiHusCAZCB3IS4=,lp62zF6t6hdnVY7k7O59mbjCNzM=
70,20,pRli7v4sXpmdMNiHusCAZCB3IS4=,lp62zF6t6hdnVY7k7O59mbjCNzM=
64,20,pRli7v4sXpmdMNiHusCAZCB3IS4=,lp62zF6t6hdnVY7k7O59mbjCNzM=
71,20,pRli7v4sXpmdMNiHusCAZCB3IS4=,lp62zF6t6hdnVY7k7O59mbjCNzM=
71,19,pRli7v4sXpmdMNiHusCAZCB3IS4=,lp62zF6t6hdnVY7k7O59mbjCNzM=
64,19,pRli7v4sXpmdMNiHusCAZCB3IS4=,lp62zF6t6hdnVY7k7O59mbjCNzM=
70,19,pRli7v4sXpmdMNiHusCAZCB3IS4=,lp62zF6t6hdnVY7k7O59mbjCNzM=
66,19,pRli7v4sXpmdMNiHusCAZCB3IS4=,lp62zF6t6hdnVY7k7O59mbjCNzM=
68,19,pRli7v4sXpmdMNiHusCAZCB3IS4=,lp62zF6t6hdnVY7k7O59mbjCNzM=
65,19,pRli7v4sXpmdMNiHusCAZCB3IS4=,lp62zF6t6hdnVY7k7O59mbjCNzM=
69,19,pRli7v4sXpmdMNiHusCAZCB3IS4=,lp62zF6t6hdnVY7k7O59mbjCNzM=
67,18,pRli7v4sXpmdMNiHusCAZCB3IS4=,lp62zF6t6hdnVY7k7O59mbjCNzM=
68,17,pRli7v4sXpmdMNiHusCAZCB3IS4=,lp62zF6t6hdnVY7k7O59mbjCNzM=
67,16,pRli7v4sXpmdMNiHusCAZCB3IS4=,lp62zF6t6hdnVY7k7O59mbjCNzM=
68,16,pRli7v4sXpmdMNiHusCAZCB3IS4=,lp62zF6t6hdnVY7k7O59mbjCNzM=
68,18,pRli7v4sXpmdMNiHusCAZCB3IS4=,lp62zF6t6hdnVY7k7O59mbjCNzM=
67,17,pRli7v4sXpmdMNiHusCAZCB3IS4=,lp62zF6t6hdnVY7k7O59mbjCNzM=
67,19,pRli7v4sXpmdMNiHusCAZCB3IS4=,lp62zF6t6hdnVY7k7O59mbjCNzM=
64,17,pRli7v4sXpmdMNiHusCAZCB3IS4=,lp62zF6t6hdnVY7k7O59mbjCNzM=
64,18,pRli7v4sXpmdMNiHusCAZCB3IS4=,lp62zF6t6hdnVY7k7O59mbjCNzM=
66,16,pRli7v4sXpmdMNiHusCAZCB3IS4=,lp62zF6t6hdnVY7k7O59mbjCNzM=
66,17,pRli7v4sXpmdMNiHusCAZCB3IS4=,lp62zF6t6hdnVY7k7O59mbjCNzM=
65,17,pRli7v4sXpmdMNiHusCAZCB3IS4=,lp62zF6t6hdnVY7k7O59mbjCNzM=
65,16,pRli7v4sXpmdMNiHusCAZCB3IS4=,lp62zF6t6hdnVY7k7O59mbjCNzM=
64,16,pRli7v4sXpmdMNiHusCAZCB3IS4=,lp62zF6t6hdnVY7k7O59mbjCNzM=
66,18,pRli7v4sXpmdMNiHusCAZCB3IS4=,lp62zF6t6hdnVY7k7O59mbjCNzM=
65,18,pRli7v4sXpmdMNiHusCAZCB3IS4=,lp62zF6t6hdnVY7k7O59mbjCNzM=
70,16,4LQpQZYMKJ+ZlAIS0WudqsfCY1Y=,lp62zF6t6hdnVY7k7O59mbjCNzM=
71,16,4LQpQZYMKJ+ZlAIS0WudqsfCY1Y=,lp62zF6t6hdnVY7k7O59mbjCNzM=
71,17,4LQpQZYMKJ+ZlAIS0WudqsfCY1Y=,lp62zF6t6hdnVY7k7O59mbjCNzM=
70,17,4LQpQZYMKJ+ZlAIS0WudqsfCY1Y=,lp62zF6t6hdnVY7k7O59mbjCNzM=
69,17,4LQpQZYMKJ+ZlAIS0WudqsfCY1Y=,lp62zF6t6hdnVY7k7O59mbjCNzM=
69,16,pRli7v4sXpmdMNiHusCAZCB3IS4=,lp62zF6t6hdnVY7k7O59mbjCNzM=
71,18,4LQpQZYMKJ+ZlAIS0WudqsfCY1Y=,lp62zF6t6hdnVY7k7O59mbjCNzM=
70,18,4LQpQZYMKJ+ZlAIS0WudqsfCY1Y=,lp62zF6t6hdnVY7k7O59mbjCNzM=
69,18,pRli7v4sXpmdMNiHusCAZCB3IS4=,lp62zF6t6hdnVY7k7O59mbjCNzM=
67,26,bl5NBOcunlQhl78CwFlaymG/sqw=,lp62zF6t6hdnVY7k7O59mbjCNzM=
69,31,bl5NBOcunlQhl78CwFlaymG/sqw=,lp62zF6t6hdnVY7k7O59mbjCNzM=
68,31,bl5NBOcunlQhl78CwFlaymG/sqw=,lp62zF6t6hdnVY7k7O59mbjCNzM=
71,29,bl5NBOcunlQhl78CwFlaymG/sqw=,lp62zF6t6hdnVY7k7O59mbjCNzM=
71,25,bl5NBOcunlQhl78CwFlaymG/sqw=,lp62zF6t6hdnVY7k7O59mbjCNzM=
67,31,bl5NBOcunlQhl78CwFlaymG/sqw=,lp62zF6t6hdnVY7k7O59mbjCNzM=
67,23,bl5NBOcunlQhl78CwFlaymG/sqw=,lp62zF6t6hdnVY7k7O59mbjCNzM=
71,22,bl5NBOcunlQhl78CwFlaymG/sqw=,lp62zF6t6hdnVY7k7O59mbjCNzM=
70,25,bl5NBOcunlQhl78CwFlaymG/sqw=,lp62zF6t6hdnVY7k7O59mbjCNzM=
69,29,bl5NBOcunlQhl78CwFlaymG/sqw=,lp62zF6t6hdnVY7k7O59mbjCNzM=
68,29,bl5NBOcunlQhl78CwFlaymG/sqw=,lp62zF6t6hdnVY7k7O59mbjCNzM=
69,25,bl5NBOcunlQhl78CwFlaymG/sqw=,lp62zF6t6hdnVY7k7O59mbjCNzM=
70,22,bl5NBOcunlQhl78CwFlaymG/sqw=,lp62zF6t6hdnVY7k7O59mbjCNzM=
68,25,bl5NBOcunlQhl78CwFlaymG/sqw=,lp62zF6t6hdnVY7k7O59mbjCNzM=
67,29,bl5NBOcunlQhl78CwFlaymG/sqw=,lp62zF6t6hdnVY7k7O59mbjCNzM=
67,25,bl5NBOcunlQhl78CwFlaymG/sqw=,lp62zF6t6hdnVY7k7O59mbjCNzM=
69,22,bl5NBOcunlQhl78CwFlaymG/sqw=,lp62zF6t6hdnVY7k7O59mbjCNzM=
71,26,bl5NBOcunlQhl78CwFlaymG/sqw=,lp62zF6t6hdnVY7k7O59mbjCNzM=
70,26,bl5NBOcunlQhl78CwFlaymG/sqw=,lp62zF6t6hdnVY7k7O59mbjCNzM=
68,22,bl5NBOcunlQhl78CwFlaymG/sqw=,lp62zF6t6hdnVY7k7O59mbjCNzM=
67,22,bl5NBOcunlQhl78CwFlaymG/sqw=,lp62zF6t6hdnVY7k7O59mbjCNzM=
71,30,bl5NBOcunlQhl78CwFlaymG/sqw=,lp62zF6t6hdnVY7k7O59mbjCNzM=
71,24,bl5NBOcunlQhl78CwFlaymG/sqw=,lp62zF6t6hdnVY7k7O59mbjCNzM=
70,30,bl5NBOcunlQhl78CwFlaymG/sqw=,lp62zF6t6hdnVY7k7O59mbjCNzM=
70,24,bl5NBOcunlQhl78CwFlaymG/sqw=,lp62zF6t6hdnVY7k7O59mbjCNzM=
69,24,bl5NBOcunlQhl78CwFlaymG/sqw=,lp62zF6t6hdnVY7k7O59mbjCNzM=
68,24,bl5NBOcunlQhl78CwFlaymG/sqw=,lp62zF6t6hdnVY7k7O59mbjCNzM=
71,21,bl5NBOcunlQhl78CwFlaymG/sqw=,lp62zF6t6hdnVY7k7O59mbjCNzM=
70,21,bl5NBOcunlQhl78CwFlaymG/sqw=,lp62zF6t6hdnVY7k7O59mbjCNzM=
71,28,bl5NBOcunlQhl78CwFlaymG/sqw=,lp62zF6t6hdnVY7k7O59mbjCNzM=
70,28,bl5NBOcunlQhl78CwFlaymG/sqw=,lp62zF6t6hdnVY7k7O59mbjCNzM=
69,28,bl5NBOcunlQhl78CwFlaymG/sqw=,lp62zF6t6hdnVY7k7O59mbjCNzM=
68,28,bl5NBOcunlQhl78CwFlaymG/sqw=,lp62zF6t6hdnVY7k7O59mbjCNzM=
67,28,bl5NBOcunlQhl78CwFlaymG/sqw=,lp62zF6t6hdnVY7k7O59mbjCNzM=
69,30,bl5NBOcunlQhl78CwFlaymG/sqw=,lp62zF6t6hdnVY7k7O59mbjCNzM=
68,30,bl5NBOcunlQhl78CwFlaymG/sqw=,lp62zF6t6hdnVY7k7O59mbjCNzM=
67,24,bl5NBOcunlQhl78CwFlaymG/sqw=,lp62zF6t6hdnVY7k7O59mbjCNzM=
67,30,bl5NBOcunlQhl78CwFlaymG/sqw=,lp62zF6t6hdnVY7k7O59mbjCNzM=
71,27,bl5NBOcunlQhl78CwFlaymG/sqw=,lp62zF6t6hdnVY7k7O59mbjCNzM=
68,23,bl5NBOcunlQhl78CwFlaymG/sqw=,lp62zF6t6hdnVY7k7O59mbjCNzM=
70,27,bl5NBOcunlQhl78CwFlaymG/sqw=,lp62zF6t6hdnVY7k7O59mbjCNzM=
69,27,bl5NBOcunlQhl78CwFlaymG/sqw=,lp62zF6t6hdnVY7k7O59mbjCNzM=
70,31,bl5NBOcunlQhl78CwFlaymG/sqw=,lp62zF6t6hdnVY7k7O59mbjCNzM=
69,21,bl5NBOcunlQhl78CwFlaymG/sqw=,lp62zF6t6hdnVY7k7O59mbjCNzM=
69,23,bl5NBOcunlQhl78CwFlaymG/sqw=,lp62zF6t6hdnVY7k7O59mbjCNzM=
71,31,bl5NBOcunlQhl78CwFlaymG/sqw=,lp62zF6t6hdnVY7k7O59mbjCNzM=
68,27,bl5NBOcunlQhl78CwFlaymG/sqw=,lp62zF6t6hdnVY7k7O59mbjCNzM=
68,26,bl5NBOcunlQhl78CwFlaymG/sqw=,lp62zF6t6hdnVY7k7O59mbjCNzM=
68,21,bl5NBOcunlQhl78CwFlaymG/sqw=,lp62zF6t6hdnVY7k7O59mbjCNzM=
69,26,bl5NBOcunlQhl78CwFlaymG/sqw=,lp62zF6t6hdnVY7k7O59mbjCNzM=
71,23,bl5NBOcunlQhl78CwFlaymG/sqw=,lp62zF6t6hdnVY7k7O59mbjCNzM=
67,27,bl5NBOcunlQhl78CwFlaymG/sqw=,lp62zF6t6hdnVY7k7O59mbjCNzM=
70,23,bl5NBOcunlQhl78CwFlaymG/sqw=,lp62zF6t6hdnVY7k7O59mbjCNzM=
67,21,bl5NBOcunlQhl78CwFlaymG/sqw=,lp62zF6t6hdnVY7k7O59mbjCNzM=
70,29,bl5NBOcunlQhl78CwFlaymG/sqw=,lp62zF6t6hdnVY7k7O59mbjCNzM=
65,30,tBfIUnAcaLsmjNxE8oBRauYToq0=,lp62zF6t6hdnVY7k7O59mbjCNzM=
65,27,tBfIUnAcaLsmjNxE8oBRauYToq0=,lp62zF6t6hdnVY7k7O59mbjCNzM=
65,26,tBfIUnAcaLsmjNxE8oBRauYToq0=,lp62zF6t6hdnVY7k7O59mbjCNzM=
65,23,tBfIUnAcaLsmjNxE8oBRauYToq0=,lp62zF6t6hdnVY7k7O59mbjCNzM=
66,27,tBfIUnAcaLsmjNxE8oBRauYToq0=,lp62zF6t6hdnVY7k7O59mbjCNzM=
64,23,tBfIUnAcaLsmjNxE8oBRauYToq0=,lp62zF6t6hdnVY7k7O59mbjCNzM=
66,31,tBfIUnAcaLsmjNxE8oBRauYToq0=,lp62zF6t6hdnVY7k7O59mbjCNzM=
64,21,tBfIUnAcaLsmjNxE8oBRauYToq0=,lp62zF6t6hdnVY7k7O59mbjCNzM=
65,31,tBfIUnAcaLsmjNxE8oBRauYToq0=,lp62zF6t6hdnVY7k7O59mbjCNzM=
65,21,tBfIUnAcaLsmjNxE8oBRauYToq0=,lp62zF6t6hdnVY7k7O59mbjCNzM=
66,21,tBfIUnAcaLsmjNxE8oBRauYToq0=,lp62zF6t6hdnVY7k7O59mbjCNzM=
64,24,tBfIUnAcaLsmjNxE8oBRauYToq0=,lp62zF6t6hdnVY7k7O59mbjCNzM=
66,30,tBfIUnAcaLsmjNxE8oBRauYToq0=,lp62zF6t6hdnVY7k7O59mbjCNzM=
65,24,tBfIUnAcaLsmjNxE8oBRauYToq0=,lp62zF6t6hdnVY7k7O59mbjCNzM=
66,24,tBfIUnAcaLsmjNxE8oBRauYToq0=,lp62zF6t6hdnVY7k7O59mbjCNzM=
64,26,tBfIUnAcaLsmjNxE8oBRauYToq0=,lp62zF6t6hdnVY7k7O59mbjCNzM=
66,29,tBfIUnAcaLsmjNxE8oBRauYToq0=,lp62zF6t6hdnVY7k7O59mbjCNzM=
65,25,tBfIUnAcaLsmjNxE8oBRauYToq0=,lp62zF6t6hdnVY7k7O59mbjCNzM=
66,26,tBfIUnAcaLsmjNxE8oBRauYToq0=,lp62zF6t6hdnVY7k7O59mbjCNzM=
65,28,tBfIUnAcaLsmjNxE8oBRauYToq0=,lp62zF6t6hdnVY7k7O59mbjCNzM=
66,25,tBfIUnAcaLsmjNxE8oBRauYToq0=,lp62zF6t6hdnVY7k7O59mbjCNzM=
65,29,tBfIUnAcaLsmjNxE8oBRauYToq0=,lp62zF6t6hdnVY7k7O59mbjCNzM=
64,22,tBfIUnAcaLsmjNxE8oBRauYToq0=,lp62zF6t6hdnVY7k7O59mbjCNzM=
66,28,tBfIUnAcaLsmjNxE8oBRauYToq0=,lp62zF6t6hdnVY7k7O59mbjCNzM=
64,27,tBfIUnAcaLsmjNxE8oBRauYToq0=,lp62zF6t6hdnVY7k7O59mbjCNzM=
66,22,tBfIUnAcaLsmjNxE8oBRauYToq0=,lp62zF6t6hdnVY7k7O59mbjCNzM=
65,22,tBfIUnAcaLsmjNxE8oBRauYToq0=,lp62zF6t6hdnVY7k7O59mbjCNzM=
64,31,tBfIUnAcaLsmjNxE8oBRauYToq0=,lp62zF6t6hdnVY7k7O59mbjCNzM=
64,25,tBfIUnAcaLsmjNxE8oBRauYToq0=,lp62zF6t6hdnVY7k7O59mbjCNzM=
64,29,tBfIUnAcaLsmjNxE8oBRauYToq0=,lp62zF6t6hdnVY7k7O59mbjCNzM=
64,28,tBfIUnAcaLsmjNxE8oBRauYToq0=,lp62zF6t6hdnVY7k7O59mbjCNzM=
64,30,tBfIUnAcaLsmjNxE8oBRauYToq0=,lp62zF6t6hdnVY7k7O59mbjCNzM=
66,23,tBfIUnAcaLsmjNxE8oBRauYToq0=,lp62zF6t6hdnVY7k7O59mbjCNzM=
